{
"type": "FeatureCollection",
"name": "regioni_sud_francia",
"crs": { "type": "name", "properties": { "name": "urn:ogc:def:crs:OGC:1.3:CRS84" } },
"features": [
{ "type": "Feature", "properties": { "region": "Auvergne-Rhone-Alpes" }, "geometry": { "type": "Polygon", "coordinates": [ [ [ 3.71621, 46.63097 ], [ 3.71215, 46.63363 ], [ 3.71053, 46.63392 ], [ 3.70801, 46.6376 ], [ 3.70767, 46.6399 ], [ 3.70461, 46.64519 ], [ 3.70324, 46.64796 ], [ 3.70086, 46.64946 ], [ 3.69961, 46.65191 ], [ 3.69936, 46.65489 ], [ 3.69883, 46.65723 ], [ 3.69695, 46.66058 ], [ 3.69434, 46.6626 ], [ 3.68826, 46.66545 ], [ 3.67673, 46.66991 ], [ 3.67361, 46.67048 ], [ 3.67076, 46.67173 ], [ 3.66898, 46.67351 ], [ 3.66877, 46.67531 ], [ 3.66993, 46.67755 ], [ 3.67273, 46.68031 ], [ 3.67315, 46.68184 ], [ 3.67029, 46.68403 ], [ 3.66246, 46.68461 ], [ 3.65783, 46.68516 ], [ 3.65547, 46.68775 ], [ 3.65321, 46.697 ], [ 3.65163, 46.69904 ], [ 3.65115, 46.70094 ], [ 3.65136, 46.70417 ], [ 3.64885, 46.70578 ], [ 3.64244, 46.70581 ], [ 3.63964, 46.7062 ], [ 3.63764, 46.70748 ], [ 3.63753, 46.70838 ], [ 3.63828, 46.72038 ], [ 3.63759, 46.72453 ], [ 3.63534, 46.72852 ], [ 3.63072, 46.73216 ], [ 3.62767, 46.73373 ], [ 3.62512, 46.73597 ], [ 3.62333, 46.73824 ], [ 3.6226, 46.74013 ], [ 3.62403, 46.7425 ], [ 3.62714, 46.74445 ], [ 3.62882, 46.746 ], [ 3.62959, 46.74802 ], [ 3.62942, 46.74946 ], [ 3.62655, 46.75228 ], [ 3.62337, 46.7538 ], [ 3.62011, 46.75406 ], [ 3.60578, 46.75175 ], [ 3.60204, 46.75124 ], [ 3.59818, 46.75417 ], [ 3.5971, 46.75805 ], [ 3.59776, 46.76203 ], [ 3.59509, 46.7618 ], [ 3.59268, 46.76308 ], [ 3.58865, 46.76134 ], [ 3.58716, 46.75915 ], [ 3.58691, 46.75673 ], [ 3.5837, 46.75347 ], [ 3.57936, 46.7524 ], [ 3.57569, 46.74952 ], [ 3.57708, 46.74752 ], [ 3.57949, 46.74686 ], [ 3.58467, 46.74451 ], [ 3.58345, 46.74268 ], [ 3.58455, 46.73939 ], [ 3.5909, 46.73374 ], [ 3.59335, 46.732 ], [ 3.59525, 46.7299 ], [ 3.59771, 46.72804 ], [ 3.598, 46.72398 ], [ 3.58829, 46.72 ], [ 3.58319, 46.71726 ], [ 3.57731, 46.71485 ], [ 3.57648, 46.71585 ], [ 3.5783, 46.72055 ], [ 3.57698, 46.72291 ], [ 3.57593, 46.72288 ], [ 3.57208, 46.72076 ], [ 3.57421, 46.71632 ], [ 3.57107, 46.71613 ], [ 3.56882, 46.71549 ], [ 3.55989, 46.71652 ], [ 3.55748, 46.72006 ], [ 3.55457, 46.72122 ], [ 3.55148, 46.7208 ], [ 3.54772, 46.72241 ], [ 3.54724, 46.72089 ], [ 3.54784, 46.71877 ], [ 3.55039, 46.71586 ], [ 3.55033, 46.71316 ], [ 3.54908, 46.71025 ], [ 3.54794, 46.7091 ], [ 3.54821, 46.70617 ], [ 3.55555, 46.69574 ], [ 3.55846, 46.69121 ], [ 3.56115, 46.68862 ], [ 3.55863, 46.6868 ], [ 3.55426, 46.6846 ], [ 3.5509, 46.68288 ], [ 3.54801, 46.67944 ], [ 3.54648, 46.67829 ], [ 3.54297, 46.6795 ], [ 3.54171, 46.67888 ], [ 3.53965, 46.68008 ], [ 3.53783, 46.68329 ], [ 3.53838, 46.68513 ], [ 3.53679, 46.68667 ], [ 3.53374, 46.68743 ], [ 3.53206, 46.68879 ], [ 3.53003, 46.68881 ], [ 3.52751, 46.68682 ], [ 3.5216, 46.6858 ], [ 3.51442, 46.68358 ], [ 3.51693, 46.68157 ], [ 3.51102, 46.67997 ], [ 3.51325, 46.67738 ], [ 3.51125, 46.6756 ], [ 3.50815, 46.67411 ], [ 3.50354, 46.67253 ], [ 3.50246, 46.67114 ], [ 3.49226, 46.66194 ], [ 3.48635, 46.66079 ], [ 3.48728, 46.65776 ], [ 3.48804, 46.65699 ], [ 3.48667, 46.65381 ], [ 3.48183, 46.65067 ], [ 3.47699, 46.6535 ], [ 3.47202, 46.65333 ], [ 3.45926, 46.65233 ], [ 3.45729, 46.65176 ], [ 3.4553, 46.6524 ], [ 3.4522, 46.6582 ], [ 3.44696, 46.66077 ], [ 3.44208, 46.662 ], [ 3.44734, 46.66356 ], [ 3.44836, 46.66832 ], [ 3.4455, 46.66934 ], [ 3.44533, 46.67077 ], [ 3.44832, 46.67285 ], [ 3.4527, 46.67353 ], [ 3.45464, 46.67531 ], [ 3.45172, 46.67949 ], [ 3.45434, 46.68013 ], [ 3.4523, 46.68222 ], [ 3.45519, 46.68251 ], [ 3.45333, 46.68468 ], [ 3.45272, 46.68658 ], [ 3.45305, 46.69009 ], [ 3.45069, 46.68984 ], [ 3.44867, 46.6904 ], [ 3.44832, 46.69202 ], [ 3.4448, 46.69296 ], [ 3.43474, 46.69314 ], [ 3.43298, 46.69334 ], [ 3.43097, 46.6975 ], [ 3.42898, 46.69936 ], [ 3.42842, 46.70076 ], [ 3.43123, 46.70375 ], [ 3.43103, 46.7065 ], [ 3.43208, 46.70752 ], [ 3.43314, 46.71088 ], [ 3.43421, 46.71222 ], [ 3.43179, 46.71193 ], [ 3.42747, 46.71216 ], [ 3.42182, 46.71373 ], [ 3.41873, 46.71313 ], [ 3.41815, 46.71049 ], [ 3.41352, 46.71116 ], [ 3.41038, 46.7111 ], [ 3.40758, 46.7118 ], [ 3.40562, 46.71173 ], [ 3.39737, 46.71455 ], [ 3.3918, 46.7146 ], [ 3.39005, 46.71489 ], [ 3.38776, 46.71482 ], [ 3.38479, 46.71345 ], [ 3.37855, 46.71238 ], [ 3.37943, 46.70684 ], [ 3.37711, 46.70178 ], [ 3.37543, 46.69941 ], [ 3.37085, 46.69626 ], [ 3.36645, 46.69126 ], [ 3.36575, 46.6896 ], [ 3.3589, 46.68939 ], [ 3.35691, 46.68842 ], [ 3.35448, 46.68768 ], [ 3.34959, 46.68502 ], [ 3.34671, 46.68442 ], [ 3.34344, 46.68516 ], [ 3.33848, 46.68507 ], [ 3.33495, 46.68529 ], [ 3.33061, 46.68757 ], [ 3.32317, 46.68791 ], [ 3.32159, 46.68769 ], [ 3.31841, 46.68844 ], [ 3.31397, 46.68875 ], [ 3.3115, 46.69291 ], [ 3.31204, 46.6948 ], [ 3.31038, 46.69684 ], [ 3.3076, 46.69857 ], [ 3.3064, 46.70092 ], [ 3.30246, 46.70392 ], [ 3.30328, 46.70536 ], [ 3.3018, 46.70658 ], [ 3.30092, 46.7163 ], [ 3.29786, 46.71646 ], [ 3.29317, 46.71452 ], [ 3.2863, 46.71386 ], [ 3.28306, 46.71514 ], [ 3.27742, 46.71662 ], [ 3.27306, 46.71649 ], [ 3.26979, 46.71674 ], [ 3.26781, 46.7155 ], [ 3.26515, 46.71305 ], [ 3.26241, 46.7097 ], [ 3.25996, 46.70773 ], [ 3.25681, 46.70654 ], [ 3.25274, 46.70581 ], [ 3.25115, 46.70474 ], [ 3.24689, 46.70402 ], [ 3.24489, 46.70237 ], [ 3.23805, 46.69896 ], [ 3.23422, 46.69737 ], [ 3.22852, 46.69629 ], [ 3.22865, 46.69278 ], [ 3.22747, 46.69203 ], [ 3.22776, 46.69027 ], [ 3.22084, 46.68649 ], [ 3.22048, 46.6847 ], [ 3.21721, 46.68491 ], [ 3.2166, 46.68338 ], [ 3.21246, 46.68193 ], [ 3.20729, 46.68202 ], [ 3.20518, 46.68068 ], [ 3.20443, 46.67875 ], [ 3.19882, 46.67951 ], [ 3.19545, 46.68061 ], [ 3.19337, 46.68176 ], [ 3.19103, 46.68231 ], [ 3.18596, 46.68492 ], [ 3.18109, 46.68675 ], [ 3.17987, 46.68793 ], [ 3.1761, 46.68922 ], [ 3.16983, 46.68985 ], [ 3.16574, 46.69173 ], [ 3.16316, 46.69354 ], [ 3.16129, 46.69576 ], [ 3.15671, 46.69948 ], [ 3.14925, 46.70822 ], [ 3.14699, 46.71021 ], [ 3.14085, 46.71449 ], [ 3.13685, 46.71879 ], [ 3.13403, 46.72321 ], [ 3.12978, 46.7272 ], [ 3.12542, 46.72871 ], [ 3.12118, 46.72964 ], [ 3.11178, 46.7307 ], [ 3.10701, 46.73213 ], [ 3.10467, 46.73317 ], [ 3.09966, 46.73452 ], [ 3.0947, 46.735 ], [ 3.08792, 46.73684 ], [ 3.08348, 46.73777 ], [ 3.07769, 46.74105 ], [ 3.07542, 46.74197 ], [ 3.07166, 46.74419 ], [ 3.06676, 46.74548 ], [ 3.0618, 46.74913 ], [ 3.05852, 46.7521 ], [ 3.05264, 46.7564 ], [ 3.04907, 46.75808 ], [ 3.04519, 46.76248 ], [ 3.04373, 46.76492 ], [ 3.04153, 46.76714 ], [ 3.03755, 46.77283 ], [ 3.03653, 46.775 ], [ 3.03616, 46.77739 ], [ 3.03658, 46.77913 ], [ 3.03683, 46.7844 ], [ 3.03572, 46.78917 ], [ 3.03424, 46.7908 ], [ 3.03207, 46.79491 ], [ 3.0303, 46.79465 ], [ 3.02765, 46.79336 ], [ 3.02465, 46.79401 ], [ 3.02479, 46.79505 ], [ 3.02234, 46.79735 ], [ 3.01752, 46.7999 ], [ 3.01607, 46.79996 ], [ 3.00539, 46.79867 ], [ 2.99672, 46.79687 ], [ 2.99259, 46.79708 ], [ 2.9911, 46.79767 ], [ 2.98825, 46.80052 ], [ 2.98525, 46.80202 ], [ 2.98238, 46.80294 ], [ 2.9778, 46.80377 ], [ 2.96772, 46.80401 ], [ 2.95991, 46.80388 ], [ 2.9585, 46.80051 ], [ 2.95875, 46.79898 ], [ 2.95612, 46.79742 ], [ 2.95355, 46.79716 ], [ 2.95373, 46.79549 ], [ 2.95323, 46.79113 ], [ 2.95034, 46.79111 ], [ 2.94706, 46.79058 ], [ 2.94154, 46.79515 ], [ 2.93989, 46.79318 ], [ 2.93782, 46.79572 ], [ 2.93564, 46.79492 ], [ 2.93152, 46.79575 ], [ 2.92602, 46.79442 ], [ 2.92261, 46.79421 ], [ 2.9197, 46.79283 ], [ 2.91327, 46.79103 ], [ 2.91069, 46.78879 ], [ 2.90792, 46.78768 ], [ 2.90874, 46.78403 ], [ 2.91146, 46.78128 ], [ 2.91039, 46.77939 ], [ 2.90666, 46.77864 ], [ 2.90381, 46.77663 ], [ 2.90093, 46.77575 ], [ 2.89897, 46.77567 ], [ 2.89581, 46.77528 ], [ 2.89304, 46.77277 ], [ 2.88878, 46.77239 ], [ 2.88169, 46.77035 ], [ 2.88038, 46.77032 ], [ 2.87617, 46.76845 ], [ 2.87702, 46.76147 ], [ 2.87384, 46.75888 ], [ 2.8705, 46.75821 ], [ 2.86951, 46.75692 ], [ 2.86511, 46.75532 ], [ 2.86228, 46.75488 ], [ 2.86124, 46.75403 ], [ 2.84463, 46.74236 ], [ 2.84382, 46.7389 ], [ 2.8447, 46.7362 ], [ 2.84467, 46.73337 ], [ 2.84615, 46.73003 ], [ 2.84677, 46.72706 ], [ 2.84573, 46.72662 ], [ 2.84193, 46.7269 ], [ 2.84012, 46.72794 ], [ 2.83521, 46.72801 ], [ 2.83307, 46.73041 ], [ 2.82859, 46.73384 ], [ 2.82749, 46.73533 ], [ 2.8216, 46.73545 ], [ 2.81958, 46.7351 ], [ 2.81493, 46.73534 ], [ 2.80973, 46.73334 ], [ 2.80574, 46.73304 ], [ 2.80209, 46.73363 ], [ 2.79509, 46.73434 ], [ 2.79123, 46.73345 ], [ 2.79075, 46.73126 ], [ 2.78878, 46.73005 ], [ 2.78554, 46.7271 ], [ 2.7859, 46.7225 ], [ 2.78139, 46.72225 ], [ 2.77791, 46.7215 ], [ 2.77475, 46.71894 ], [ 2.77371, 46.71823 ], [ 2.7711, 46.72076 ], [ 2.7719, 46.7231 ], [ 2.77035, 46.72328 ], [ 2.76843, 46.72149 ], [ 2.76632, 46.72056 ], [ 2.76503, 46.72096 ], [ 2.75852, 46.71766 ], [ 2.75527, 46.71911 ], [ 2.75675, 46.72477 ], [ 2.75008, 46.72584 ], [ 2.74707, 46.72701 ], [ 2.74421, 46.72887 ], [ 2.74164, 46.73441 ], [ 2.74036, 46.73565 ], [ 2.73649, 46.73807 ], [ 2.73992, 46.74116 ], [ 2.73459, 46.74519 ], [ 2.73453, 46.74622 ], [ 2.73206, 46.74762 ], [ 2.72886, 46.74849 ], [ 2.72635, 46.74535 ], [ 2.72398, 46.74378 ], [ 2.72168, 46.74325 ], [ 2.7186, 46.74168 ], [ 2.71698, 46.74457 ], [ 2.7145, 46.74449 ], [ 2.70884, 46.74113 ], [ 2.70785, 46.74023 ], [ 2.70483, 46.73904 ], [ 2.7062, 46.73768 ], [ 2.70522, 46.7362 ], [ 2.70552, 46.73282 ], [ 2.70309, 46.73184 ], [ 2.70189, 46.72914 ], [ 2.70077, 46.72802 ], [ 2.7069, 46.72539 ], [ 2.70256, 46.7215 ], [ 2.7051, 46.72059 ], [ 2.70228, 46.71817 ], [ 2.69966, 46.71948 ], [ 2.70092, 46.72096 ], [ 2.69612, 46.72347 ], [ 2.6921, 46.72252 ], [ 2.69144, 46.72144 ], [ 2.69169, 46.7196 ], [ 2.68816, 46.72091 ], [ 2.68752, 46.72253 ], [ 2.68556, 46.72262 ], [ 2.6845, 46.72168 ], [ 2.68598, 46.71701 ], [ 2.68596, 46.71435 ], [ 2.68354, 46.71333 ], [ 2.67993, 46.71288 ], [ 2.67488, 46.7102 ], [ 2.6716, 46.70886 ], [ 2.67637, 46.70673 ], [ 2.6778, 46.70461 ], [ 2.67511, 46.70345 ], [ 2.67438, 46.70193 ], [ 2.66948, 46.70176 ], [ 2.66522, 46.70061 ], [ 2.65971, 46.69846 ], [ 2.65814, 46.69823 ], [ 2.65473, 46.69654 ], [ 2.653, 46.69276 ], [ 2.64808, 46.68896 ], [ 2.64513, 46.68725 ], [ 2.64463, 46.6904 ], [ 2.64025, 46.69028 ], [ 2.6396, 46.69154 ], [ 2.63456, 46.69155 ], [ 2.62822, 46.69031 ], [ 2.62337, 46.68964 ], [ 2.62344, 46.68776 ], [ 2.62054, 46.68448 ], [ 2.62216, 46.68272 ], [ 2.62005, 46.67972 ], [ 2.62389, 46.67637 ], [ 2.62499, 46.67314 ], [ 2.62911, 46.67456 ], [ 2.63369, 46.67527 ], [ 2.63382, 46.67356 ], [ 2.63257, 46.6723 ], [ 2.63129, 46.66602 ], [ 2.62834, 46.66359 ], [ 2.62864, 46.65954 ], [ 2.62391, 46.65663 ], [ 2.62144, 46.65736 ], [ 2.61923, 46.65866 ], [ 2.61741, 46.66083 ], [ 2.61146, 46.6608 ], [ 2.60715, 46.6605 ], [ 2.60672, 46.66562 ], [ 2.60726, 46.66963 ], [ 2.60543, 46.67121 ], [ 2.60295, 46.66968 ], [ 2.59777, 46.66465 ], [ 2.59431, 46.66668 ], [ 2.59261, 46.66543 ], [ 2.59044, 46.66503 ], [ 2.58731, 46.66517 ], [ 2.58449, 46.66423 ], [ 2.58148, 46.66186 ], [ 2.57964, 46.66204 ], [ 2.57455, 46.6612 ], [ 2.57218, 46.65944 ], [ 2.57055, 46.65927 ], [ 2.57074, 46.6572 ], [ 2.56975, 46.655 ], [ 2.56713, 46.65374 ], [ 2.567, 46.65248 ], [ 2.56928, 46.65091 ], [ 2.57267, 46.65072 ], [ 2.57437, 46.64959 ], [ 2.57816, 46.64985 ], [ 2.58292, 46.6488 ], [ 2.58959, 46.64803 ], [ 2.5931, 46.64658 ], [ 2.59316, 46.64433 ], [ 2.59511, 46.6423 ], [ 2.5964, 46.63897 ], [ 2.59665, 46.63722 ], [ 2.59421, 46.63282 ], [ 2.59158, 46.62967 ], [ 2.58603, 46.62757 ], [ 2.58425, 46.62582 ], [ 2.58639, 46.6228 ], [ 2.5858, 46.62001 ], [ 2.58866, 46.61695 ], [ 2.58688, 46.61466 ], [ 2.58478, 46.61412 ], [ 2.58132, 46.61409 ], [ 2.5757, 46.61126 ], [ 2.56838, 46.60938 ], [ 2.5738, 46.60735 ], [ 2.57778, 46.60788 ], [ 2.57821, 46.60127 ], [ 2.57929, 46.59748 ], [ 2.58156, 46.59316 ], [ 2.586, 46.59338 ], [ 2.58665, 46.59405 ], [ 2.58966, 46.59441 ], [ 2.59233, 46.59372 ], [ 2.59345, 46.59481 ], [ 2.59418, 46.59719 ], [ 2.60011, 46.59524 ], [ 2.5975, 46.59497 ], [ 2.59716, 46.5929 ], [ 2.60029, 46.5919 ], [ 2.60086, 46.59056 ], [ 2.6032, 46.58785 ], [ 2.60325, 46.58506 ], [ 2.60187, 46.58304 ], [ 2.60199, 46.58124 ], [ 2.60615, 46.57935 ], [ 2.6068, 46.57764 ], [ 2.60529, 46.57715 ], [ 2.60562, 46.57539 ], [ 2.60834, 46.57295 ], [ 2.60938, 46.57133 ], [ 2.60943, 46.5685 ], [ 2.60845, 46.56679 ], [ 2.60622, 46.56576 ], [ 2.60347, 46.56523 ], [ 2.60328, 46.56428 ], [ 2.60464, 46.56229 ], [ 2.60953, 46.56314 ], [ 2.61102, 46.56111 ], [ 2.60919, 46.55941 ], [ 2.60957, 46.55689 ], [ 2.61125, 46.55621 ], [ 2.61478, 46.55589 ], [ 2.61496, 46.55328 ], [ 2.60986, 46.55014 ], [ 2.60379, 46.5493 ], [ 2.59778, 46.54774 ], [ 2.59113, 46.54546 ], [ 2.58923, 46.54456 ], [ 2.5835, 46.54274 ], [ 2.57841, 46.54007 ], [ 2.57537, 46.53816 ], [ 2.5738, 46.53493 ], [ 2.57249, 46.53385 ], [ 2.57047, 46.53408 ], [ 2.56962, 46.53291 ], [ 2.56558, 46.53296 ], [ 2.5646, 46.53193 ], [ 2.56153, 46.5309 ], [ 2.55834, 46.53055 ], [ 2.55324, 46.52939 ], [ 2.552, 46.52836 ], [ 2.54959, 46.52768 ], [ 2.54835, 46.52665 ], [ 2.54555, 46.52621 ], [ 2.54455, 46.52468 ], [ 2.54149, 46.52293 ], [ 2.54012, 46.52168 ], [ 2.53725, 46.52047 ], [ 2.53665, 46.5197 ], [ 2.53281, 46.52169 ], [ 2.53008, 46.52214 ], [ 2.52937, 46.52327 ], [ 2.53076, 46.52943 ], [ 2.52861, 46.52948 ], [ 2.52737, 46.52823 ], [ 2.52326, 46.52922 ], [ 2.52053, 46.53089 ], [ 2.51819, 46.53062 ], [ 2.51447, 46.52928 ], [ 2.51225, 46.52806 ], [ 2.51355, 46.52595 ], [ 2.5123, 46.52533 ], [ 2.51243, 46.52389 ], [ 2.50858, 46.52281 ], [ 2.50708, 46.52164 ], [ 2.50519, 46.52281 ], [ 2.50264, 46.52142 ], [ 2.49718, 46.52152 ], [ 2.49652, 46.52233 ], [ 2.49581, 46.52674 ], [ 2.49695, 46.53367 ], [ 2.48293, 46.5327 ], [ 2.47164, 46.52732 ], [ 2.47001, 46.52601 ], [ 2.46322, 46.52511 ], [ 2.45776, 46.52517 ], [ 2.45723, 46.52413 ], [ 2.45429, 46.52369 ], [ 2.45357, 46.52261 ], [ 2.44973, 46.52171 ], [ 2.44986, 46.52068 ], [ 2.44549, 46.52005 ], [ 2.44282, 46.52114 ], [ 2.44178, 46.52307 ], [ 2.44171, 46.52496 ], [ 2.4397, 46.52568 ], [ 2.43604, 46.5256 ], [ 2.43409, 46.52627 ], [ 2.43006, 46.52654 ], [ 2.42555, 46.52564 ], [ 2.42203, 46.52574 ], [ 2.418, 46.52358 ], [ 2.41819, 46.52232 ], [ 2.41695, 46.52057 ], [ 2.38847, 46.51825 ], [ 2.3841, 46.5183 ], [ 2.3683, 46.51843 ], [ 2.3654, 46.51785 ], [ 2.35985, 46.51588 ], [ 2.35548, 46.5134 ], [ 2.35157, 46.51214 ], [ 2.34865, 46.50998 ], [ 2.34565, 46.50711 ], [ 2.34461, 46.50552 ], [ 2.33887, 46.50355 ], [ 2.33653, 46.50094 ], [ 2.33464, 46.50103 ], [ 2.33328, 46.49909 ], [ 2.33308, 46.49694 ], [ 2.32889, 46.49549 ], [ 2.32929, 46.49275 ], [ 2.32605, 46.49064 ], [ 2.32377, 46.49011 ], [ 2.32396, 46.48834 ], [ 2.32533, 46.48817 ], [ 2.325, 46.48645 ], [ 2.32703, 46.48587 ], [ 2.32891, 46.48434 ], [ 2.32963, 46.48182 ], [ 2.32983, 46.47854 ], [ 2.32747, 46.47606 ], [ 2.32787, 46.47377 ], [ 2.32553, 46.47296 ], [ 2.32299, 46.46968 ], [ 2.32071, 46.46851 ], [ 2.317, 46.46851 ], [ 2.31667, 46.46855 ], [ 2.30547, 46.47543 ], [ 2.30404, 46.47408 ], [ 2.30079, 46.47237 ], [ 2.30007, 46.47053 ], [ 2.29818, 46.4685 ], [ 2.29683, 46.46319 ], [ 2.29396, 46.46103 ], [ 2.28837, 46.45622 ], [ 2.28576, 46.45352 ], [ 2.28414, 46.45001 ], [ 2.28335, 46.44928 ], [ 2.28454, 46.44217 ], [ 2.28457, 46.43986 ], [ 2.28356, 46.4362 ], [ 2.28181, 46.43385 ], [ 2.28045, 46.42985 ], [ 2.27694, 46.42513 ], [ 2.2815, 46.42166 ], [ 2.28105, 46.42041 ], [ 2.27851, 46.41915 ], [ 2.27915, 46.41784 ], [ 2.27878, 46.41379 ], [ 2.28203, 46.41082 ], [ 2.2778, 46.4097 ], [ 2.27982, 46.4056 ], [ 2.28386, 46.3998 ], [ 2.28432, 46.39818 ], [ 2.28406, 46.39539 ], [ 2.28477, 46.39359 ], [ 2.2827, 46.3918 ], [ 2.28466, 46.3905 ], [ 2.28582, 46.38811 ], [ 2.28479, 46.38631 ], [ 2.28686, 46.38406 ], [ 2.28673, 46.38285 ], [ 2.28831, 46.38208 ], [ 2.29278, 46.38321 ], [ 2.29415, 46.38276 ], [ 2.29825, 46.38411 ], [ 2.30019, 46.38271 ], [ 2.30442, 46.3788 ], [ 2.31079, 46.37601 ], [ 2.31313, 46.37606 ], [ 2.31716, 46.37521 ], [ 2.31989, 46.37759 ], [ 2.32464, 46.37737 ], [ 2.32847, 46.37782 ], [ 2.33139, 46.37872 ], [ 2.3351, 46.37323 ], [ 2.33646, 46.36904 ], [ 2.33789, 46.36414 ], [ 2.33439, 46.36558 ], [ 2.33185, 46.36536 ], [ 2.32893, 46.36688 ], [ 2.32535, 46.36693 ], [ 2.32314, 46.36738 ], [ 2.3225, 46.36356 ], [ 2.31905, 46.36257 ], [ 2.31827, 46.35933 ], [ 2.3169, 46.35838 ], [ 2.31431, 46.35798 ], [ 2.31307, 46.35986 ], [ 2.31119, 46.35995 ], [ 2.31255, 46.35771 ], [ 2.31138, 46.35555 ], [ 2.30541, 46.35573 ], [ 2.30275, 46.35442 ], [ 2.3032, 46.35284 ], [ 2.30587, 46.3506 ], [ 2.30886, 46.35154 ], [ 2.30944, 46.34867 ], [ 2.3071, 46.3479 ], [ 2.30827, 46.34597 ], [ 2.30789, 46.34511 ], [ 2.3025, 46.34381 ], [ 2.30211, 46.34236 ], [ 2.30347, 46.34286 ], [ 2.30593, 46.34237 ], [ 2.31158, 46.34183 ], [ 2.31185, 46.33742 ], [ 2.31354, 46.33508 ], [ 2.31893, 46.33409 ], [ 2.31913, 46.33225 ], [ 2.32127, 46.32901 ], [ 2.32432, 46.32982 ], [ 2.32633, 46.32879 ], [ 2.33088, 46.3287 ], [ 2.33075, 46.32559 ], [ 2.33354, 46.3264 ], [ 2.33588, 46.32329 ], [ 2.34237, 46.32465 ], [ 2.34355, 46.32627 ], [ 2.34646, 46.32505 ], [ 2.34887, 46.32707 ], [ 2.35016, 46.32433 ], [ 2.35244, 46.32374 ], [ 2.3549, 46.32568 ], [ 2.35841, 46.32339 ], [ 2.35906, 46.32118 ], [ 2.36179, 46.31943 ], [ 2.36295, 46.31519 ], [ 2.36204, 46.31339 ], [ 2.36497, 46.3107 ], [ 2.37061, 46.31272 ], [ 2.37152, 46.31371 ], [ 2.37575, 46.31578 ], [ 2.37685, 46.3169 ], [ 2.37542, 46.31812 ], [ 2.37705, 46.32041 ], [ 2.37659, 46.32203 ], [ 2.37769, 46.32284 ], [ 2.37821, 46.32541 ], [ 2.37958, 46.32761 ], [ 2.38504, 46.32954 ], [ 2.38608, 46.33197 ], [ 2.38816, 46.33157 ], [ 2.38861, 46.32976 ], [ 2.39186, 46.32998 ], [ 2.39361, 46.32899 ], [ 2.39835, 46.32522 ], [ 2.40165, 46.32157 ], [ 2.40412, 46.32017 ], [ 2.40789, 46.31706 ], [ 2.40886, 46.31486 ], [ 2.41489, 46.31252 ], [ 2.41696, 46.31072 ], [ 2.41943, 46.30946 ], [ 2.42066, 46.31013 ], [ 2.41987, 46.30248 ], [ 2.4211, 46.30153 ], [ 2.41941, 46.29983 ], [ 2.41578, 46.29992 ], [ 2.41564, 46.29812 ], [ 2.41421, 46.29691 ], [ 2.4174, 46.2942 ], [ 2.41759, 46.29204 ], [ 2.41908, 46.29124 ], [ 2.41997, 46.28754 ], [ 2.42134, 46.28462 ], [ 2.42277, 46.28386 ], [ 2.42452, 46.28494 ], [ 2.42601, 46.28453 ], [ 2.42802, 46.28533 ], [ 2.42745, 46.28723 ], [ 2.43037, 46.29001 ], [ 2.43187, 46.29442 ], [ 2.43303, 46.29451 ], [ 2.43458, 46.29307 ], [ 2.43927, 46.29347 ], [ 2.44303, 46.295 ], [ 2.44867, 46.29341 ], [ 2.44964, 46.29261 ], [ 2.45385, 46.29103 ], [ 2.45652, 46.29116 ], [ 2.45768, 46.28999 ], [ 2.46248, 46.28828 ], [ 2.47, 46.28809 ], [ 2.4711, 46.28449 ], [ 2.47188, 46.2848 ], [ 2.47441, 46.2821 ], [ 2.47641, 46.28084 ], [ 2.48076, 46.28101 ], [ 2.48062, 46.27908 ], [ 2.47958, 46.27539 ], [ 2.47828, 46.27445 ], [ 2.47709, 46.26936 ], [ 2.47988, 46.26671 ], [ 2.4802, 46.26504 ], [ 2.47871, 46.26361 ], [ 2.48201, 46.26198 ], [ 2.48368, 46.25779 ], [ 2.48833, 46.25298 ], [ 2.48892, 46.25 ], [ 2.48916, 46.24753 ], [ 2.49436, 46.24865 ], [ 2.49579, 46.24725 ], [ 2.49889, 46.24693 ], [ 2.50356, 46.24692 ], [ 2.50303, 46.24558 ], [ 2.50654, 46.24413 ], [ 2.50601, 46.24229 ], [ 2.50886, 46.24084 ], [ 2.51099, 46.23908 ], [ 2.51462, 46.23994 ], [ 2.51631, 46.23944 ], [ 2.5152, 46.23854 ], [ 2.51585, 46.23696 ], [ 2.51453, 46.23354 ], [ 2.51635, 46.23237 ], [ 2.51686, 46.22985 ], [ 2.51543, 46.22801 ], [ 2.5147, 46.22482 ], [ 2.51632, 46.22464 ], [ 2.51651, 46.22135 ], [ 2.51826, 46.22004 ], [ 2.52019, 46.21725 ], [ 2.51992, 46.21388 ], [ 2.52335, 46.21248 ], [ 2.52302, 46.21072 ], [ 2.51958, 46.20952 ], [ 2.52055, 46.20835 ], [ 2.52464, 46.2087 ], [ 2.52592, 46.20722 ], [ 2.52501, 46.20618 ], [ 2.52223, 46.20546 ], [ 2.52176, 46.20277 ], [ 2.5228, 46.20119 ], [ 2.52461, 46.2015 ], [ 2.5266, 46.19623 ], [ 2.52802, 46.19546 ], [ 2.52853, 46.19218 ], [ 2.52787, 46.19025 ], [ 2.52599, 46.18769 ], [ 2.52805, 46.18633 ], [ 2.5285, 46.18494 ], [ 2.53225, 46.18259 ], [ 2.53295, 46.18084 ], [ 2.53826, 46.17889 ], [ 2.54, 46.17696 ], [ 2.54316, 46.17561 ], [ 2.55127, 46.17698 ], [ 2.55328, 46.17653 ], [ 2.55418, 46.17442 ], [ 2.55715, 46.17527 ], [ 2.55915, 46.1744 ], [ 2.56062, 46.16684 ], [ 2.56022, 46.16487 ], [ 2.56177, 46.16392 ], [ 2.55942, 46.15961 ], [ 2.56149, 46.15811 ], [ 2.56077, 46.15559 ], [ 2.56446, 46.15595 ], [ 2.56549, 46.15396 ], [ 2.56287, 46.14915 ], [ 2.56467, 46.14691 ], [ 2.56473, 46.14502 ], [ 2.56634, 46.14376 ], [ 2.56538, 46.14303 ], [ 2.56317, 46.14214 ], [ 2.56452, 46.14079 ], [ 2.56354, 46.13845 ], [ 2.55921, 46.13873 ], [ 2.55862, 46.13787 ], [ 2.56165, 46.13328 ], [ 2.56092, 46.1317 ], [ 2.55898, 46.13126 ], [ 2.55659, 46.13361 ], [ 2.55588, 46.13253 ], [ 2.55749, 46.13014 ], [ 2.55729, 46.12875 ], [ 2.55437, 46.1279 ], [ 2.55398, 46.12637 ], [ 2.55528, 46.12533 ], [ 2.55793, 46.12564 ], [ 2.55818, 46.12452 ], [ 2.55506, 46.12137 ], [ 2.55382, 46.11953 ], [ 2.55052, 46.11896 ], [ 2.55245, 46.11737 ], [ 2.55239, 46.11598 ], [ 2.5507, 46.11477 ], [ 2.54795, 46.1138 ], [ 2.54728, 46.11297 ], [ 2.54836, 46.10903 ], [ 2.55053, 46.10659 ], [ 2.55182, 46.10397 ], [ 2.55181, 46.10042 ], [ 2.55097, 46.09961 ], [ 2.55058, 46.09817 ], [ 2.55218, 46.09574 ], [ 2.55262, 46.0934 ], [ 2.5519, 46.09164 ], [ 2.55242, 46.09065 ], [ 2.55176, 46.08827 ], [ 2.5504, 46.0876 ], [ 2.55039, 46.08607 ], [ 2.55207, 46.08431 ], [ 2.55187, 46.08346 ], [ 2.55315, 46.08053 ], [ 2.55302, 46.07932 ], [ 2.55405, 46.07733 ], [ 2.55533, 46.07644 ], [ 2.55597, 46.07311 ], [ 2.55725, 46.07126 ], [ 2.55711, 46.06914 ], [ 2.5595, 46.06748 ], [ 2.56046, 46.06603 ], [ 2.56428, 46.06486 ], [ 2.56337, 46.06374 ], [ 2.56574, 46.06116 ], [ 2.56606, 46.0599 ], [ 2.56514, 46.05824 ], [ 2.56824, 46.05643 ], [ 2.5681, 46.05423 ], [ 2.57023, 46.05251 ], [ 2.5719, 46.04941 ], [ 2.57073, 46.0473 ], [ 2.57298, 46.04684 ], [ 2.57505, 46.04531 ], [ 2.57859, 46.04422 ], [ 2.58118, 46.04462 ], [ 2.58427, 46.04353 ], [ 2.58528, 46.04117 ], [ 2.58678, 46.0416 ], [ 2.58923, 46.04064 ], [ 2.58975, 46.03902 ], [ 2.59195, 46.03898 ], [ 2.59588, 46.0373 ], [ 2.6027, 46.03288 ], [ 2.60004, 46.03018 ], [ 2.60074, 46.02946 ], [ 2.60034, 46.02757 ], [ 2.60111, 46.02546 ], [ 2.60026, 46.02308 ], [ 2.60168, 46.02154 ], [ 2.6025, 46.01921 ], [ 2.59984, 46.018 ], [ 2.59764, 46.01566 ], [ 2.59829, 46.01526 ], [ 2.59866, 46.01251 ], [ 2.60041, 46.01183 ], [ 2.59773, 46.0081 ], [ 2.59903, 46.00765 ], [ 2.5972, 46.00505 ], [ 2.59514, 46.00428 ], [ 2.59546, 46.00294 ], [ 2.5933, 45.99921 ], [ 2.59297, 45.99669 ], [ 2.59366, 45.99381 ], [ 2.59322, 45.99299 ], [ 2.59359, 45.98984 ], [ 2.59538, 45.98854 ], [ 2.59679, 45.98665 ], [ 2.5993, 45.98583 ], [ 2.60123, 45.98191 ], [ 2.60297, 45.9811 ], [ 2.6056, 45.98069 ], [ 2.60715, 45.97938 ], [ 2.60913, 45.97591 ], [ 2.61087, 45.97415 ], [ 2.61157, 45.97208 ], [ 2.60878, 45.9689 ], [ 2.60902, 45.96665 ], [ 2.60683, 45.96642 ], [ 2.6036, 45.96625 ], [ 2.60088, 45.96423 ], [ 2.59902, 45.9646 ], [ 2.5943, 45.9634 ], [ 2.59352, 45.96223 ], [ 2.59004, 45.9617 ], [ 2.58965, 45.96066 ], [ 2.5848, 45.96013 ], [ 2.58326, 45.96171 ], [ 2.57984, 45.96014 ], [ 2.57603, 45.95997 ], [ 2.56963, 45.95881 ], [ 2.56744, 45.95738 ], [ 2.56357, 45.95559 ], [ 2.56908, 45.94887 ], [ 2.56991, 45.94721 ], [ 2.56682, 45.94735 ], [ 2.5643, 45.94614 ], [ 2.56133, 45.94597 ], [ 2.55564, 45.94297 ], [ 2.55164, 45.94127 ], [ 2.55163, 45.94037 ], [ 2.55369, 45.93762 ], [ 2.55362, 45.93582 ], [ 2.5507, 45.93384 ], [ 2.54754, 45.93236 ], [ 2.54425, 45.93241 ], [ 2.54405, 45.92841 ], [ 2.54507, 45.92706 ], [ 2.54307, 45.92549 ], [ 2.54351, 45.92383 ], [ 2.5415, 45.92153 ], [ 2.54186, 45.91902 ], [ 2.54362, 45.91784 ], [ 2.54394, 45.91577 ], [ 2.54703, 45.91563 ], [ 2.5554, 45.91372 ], [ 2.55784, 45.91295 ], [ 2.55501, 45.91251 ], [ 2.5532, 45.91139 ], [ 2.55145, 45.91058 ], [ 2.55035, 45.90901 ], [ 2.5488, 45.90888 ], [ 2.54822, 45.90739 ], [ 2.54435, 45.90754 ], [ 2.5428, 45.90651 ], [ 2.5419, 45.90458 ], [ 2.54266, 45.90272 ], [ 2.54143, 45.90097 ], [ 2.53467, 45.90121 ], [ 2.53331, 45.90023 ], [ 2.52884, 45.89965 ], [ 2.52661, 45.89812 ], [ 2.52634, 45.89642 ], [ 2.52472, 45.89439 ], [ 2.52059, 45.89404 ], [ 2.52072, 45.89303 ], [ 2.51816, 45.89056 ], [ 2.51466, 45.88996 ], [ 2.51419, 45.88568 ], [ 2.51033, 45.88542 ], [ 2.50447, 45.88817 ], [ 2.50221, 45.88849 ], [ 2.50196, 45.88705 ], [ 2.50058, 45.88513 ], [ 2.50299, 45.88229 ], [ 2.50329, 45.87823 ], [ 2.49979, 45.87243 ], [ 2.4923, 45.86723 ], [ 2.49223, 45.86403 ], [ 2.47974, 45.86454 ], [ 2.47846, 45.86648 ], [ 2.47955, 45.86841 ], [ 2.47898, 45.87035 ], [ 2.47564, 45.87057 ], [ 2.47062, 45.87233 ], [ 2.46527, 45.87135 ], [ 2.46558, 45.86825 ], [ 2.46178, 45.86673 ], [ 2.45824, 45.86758 ], [ 2.45714, 45.86565 ], [ 2.45425, 45.86678 ], [ 2.45263, 45.86624 ], [ 2.44767, 45.86584 ], [ 2.44433, 45.8662 ], [ 2.44342, 45.86674 ], [ 2.44265, 45.86404 ], [ 2.44374, 45.85878 ], [ 2.44257, 45.85689 ], [ 2.44598, 45.85518 ], [ 2.44836, 45.85477 ], [ 2.44965, 45.8536 ], [ 2.44996, 45.84941 ], [ 2.44951, 45.84821 ], [ 2.44777, 45.84839 ], [ 2.44782, 45.84582 ], [ 2.4459, 45.84496 ], [ 2.44351, 45.84515 ], [ 2.44094, 45.84717 ], [ 2.43823, 45.84596 ], [ 2.43663, 45.847 ], [ 2.43418, 45.84525 ], [ 2.43514, 45.84479 ], [ 2.43127, 45.84034 ], [ 2.43269, 45.83899 ], [ 2.43231, 45.83742 ], [ 2.43081, 45.83589 ], [ 2.43094, 45.83382 ], [ 2.42825, 45.83504 ], [ 2.42444, 45.83437 ], [ 2.42297, 45.83369 ], [ 2.42193, 45.83491 ], [ 2.41807, 45.83477 ], [ 2.41594, 45.8337 ], [ 2.41177, 45.83631 ], [ 2.41055, 45.83609 ], [ 2.40572, 45.83802 ], [ 2.40367, 45.83843 ], [ 2.40154, 45.8378 ], [ 2.40038, 45.83596 ], [ 2.39863, 45.83457 ], [ 2.39716, 45.83497 ], [ 2.39536, 45.83353 ], [ 2.39516, 45.83219 ], [ 2.39322, 45.82971 ], [ 2.39136, 45.82926 ], [ 2.38802, 45.82738 ], [ 2.38802, 45.82539 ], [ 2.38943, 45.82373 ], [ 2.39232, 45.82188 ], [ 2.40068, 45.81729 ], [ 2.40383, 45.81396 ], [ 2.40614, 45.81315 ], [ 2.40691, 45.81162 ], [ 2.40672, 45.80968 ], [ 2.41257, 45.80806 ], [ 2.41411, 45.80613 ], [ 2.41281, 45.8023 ], [ 2.4152, 45.80086 ], [ 2.41693, 45.79915 ], [ 2.4186, 45.79848 ], [ 2.42065, 45.79865 ], [ 2.42465, 45.79703 ], [ 2.42727, 45.79464 ], [ 2.42753, 45.79235 ], [ 2.42592, 45.79069 ], [ 2.43086, 45.78862 ], [ 2.43279, 45.78659 ], [ 2.43298, 45.78389 ], [ 2.43246, 45.782 ], [ 2.43297, 45.78038 ], [ 2.43342, 45.77319 ], [ 2.43412, 45.76986 ], [ 2.43546, 45.76697 ], [ 2.44001, 45.76481 ], [ 2.44143, 45.76238 ], [ 2.4445, 45.75819 ], [ 2.44701, 45.7572 ], [ 2.45047, 45.75715 ], [ 2.45138, 45.76147 ], [ 2.45475, 45.76115 ], [ 2.45447, 45.76002 ], [ 2.45653, 45.75872 ], [ 2.46012, 45.75719 ], [ 2.46462, 45.75736 ], [ 2.46866, 45.75632 ], [ 2.46814, 45.75471 ], [ 2.4686, 45.75331 ], [ 2.47052, 45.75129 ], [ 2.4709, 45.74944 ], [ 2.47244, 45.74818 ], [ 2.47442, 45.74566 ], [ 2.47661, 45.74754 ], [ 2.47931, 45.74803 ], [ 2.48339, 45.74808 ], [ 2.48484, 45.74848 ], [ 2.48651, 45.74726 ], [ 2.48694, 45.74492 ], [ 2.48793, 45.74356 ], [ 2.49158, 45.74221 ], [ 2.4904, 45.74064 ], [ 2.49213, 45.73767 ], [ 2.4938, 45.73771 ], [ 2.49495, 45.73394 ], [ 2.49937, 45.73244 ], [ 2.50051, 45.72875 ], [ 2.50334, 45.72749 ], [ 2.50474, 45.72479 ], [ 2.50898, 45.72415 ], [ 2.51027, 45.72231 ], [ 2.50988, 45.72113 ], [ 2.51089, 45.72001 ], [ 2.51314, 45.71951 ], [ 2.51288, 45.71834 ], [ 2.51384, 45.71551 ], [ 2.51645, 45.71296 ], [ 2.5198, 45.71285 ], [ 2.52082, 45.71163 ], [ 2.52301, 45.71145 ], [ 2.52357, 45.70901 ], [ 2.521, 45.70893 ], [ 2.52107, 45.70722 ], [ 2.51874, 45.7056 ], [ 2.52008, 45.70353 ], [ 2.51879, 45.70029 ], [ 2.52052, 45.69889 ], [ 2.51891, 45.69764 ], [ 2.52116, 45.69637 ], [ 2.52209, 45.69496 ], [ 2.52378, 45.69418 ], [ 2.52687, 45.69492 ], [ 2.52571, 45.69341 ], [ 2.5264, 45.69093 ], [ 2.5235, 45.68756 ], [ 2.52427, 45.68494 ], [ 2.52651, 45.68539 ], [ 2.52823, 45.68368 ], [ 2.52868, 45.6822 ], [ 2.52495, 45.68148 ], [ 2.52386, 45.68085 ], [ 2.52193, 45.67739 ], [ 2.52058, 45.67708 ], [ 2.51866, 45.67866 ], [ 2.5175, 45.67817 ], [ 2.51781, 45.67524 ], [ 2.51654, 45.67352 ], [ 2.51454, 45.67214 ], [ 2.51293, 45.67133 ], [ 2.51259, 45.66976 ], [ 2.51413, 45.66706 ], [ 2.51387, 45.66589 ], [ 2.51546, 45.66354 ], [ 2.51765, 45.66323 ], [ 2.51951, 45.66201 ], [ 2.51834, 45.66008 ], [ 2.51904, 45.65923 ], [ 2.52385, 45.6572 ], [ 2.52526, 45.65755 ], [ 2.52707, 45.6593 ], [ 2.52828, 45.65854 ], [ 2.52677, 45.65679 ], [ 2.52736, 45.65472 ], [ 2.52353, 45.65375 ], [ 2.52338, 45.65211 ], [ 2.52093, 45.65 ], [ 2.51894, 45.64708 ], [ 2.51804, 45.64497 ], [ 2.52079, 45.64289 ], [ 2.52014, 45.64069 ], [ 2.51654, 45.63897 ], [ 2.51398, 45.63944 ], [ 2.51084, 45.63899 ], [ 2.50564, 45.63909 ], [ 2.50166, 45.6386 ], [ 2.49756, 45.64067 ], [ 2.49512, 45.64041 ], [ 2.49461, 45.63857 ], [ 2.49198, 45.63776 ], [ 2.48975, 45.64235 ], [ 2.4875, 45.6424 ], [ 2.4866, 45.64128 ], [ 2.48339, 45.6393 ], [ 2.48203, 45.63521 ], [ 2.4826, 45.63305 ], [ 2.48202, 45.63135 ], [ 2.48324, 45.63035 ], [ 2.48188, 45.62864 ], [ 2.47957, 45.62712 ], [ 2.48021, 45.62599 ], [ 2.47873, 45.62154 ], [ 2.47879, 45.61785 ], [ 2.47941, 45.61677 ], [ 2.47941, 45.61398 ], [ 2.48036, 45.61151 ], [ 2.47914, 45.61016 ], [ 2.47843, 45.60791 ], [ 2.47452, 45.60648 ], [ 2.47292, 45.60378 ], [ 2.47093, 45.60239 ], [ 2.46888, 45.60239 ], [ 2.46548, 45.60105 ], [ 2.46342, 45.5997 ], [ 2.46117, 45.59646 ], [ 2.46174, 45.59556 ], [ 2.46532, 45.59407 ], [ 2.46737, 45.59119 ], [ 2.46897, 45.58971 ], [ 2.46883, 45.588 ], [ 2.47018, 45.58696 ], [ 2.47229, 45.58687 ], [ 2.47229, 45.58439 ], [ 2.47344, 45.58286 ], [ 2.47524, 45.58236 ], [ 2.47517, 45.58124 ], [ 2.47254, 45.58093 ], [ 2.47112, 45.57922 ], [ 2.47419, 45.57877 ], [ 2.47688, 45.57692 ], [ 2.47944, 45.57444 ], [ 2.48219, 45.57327 ], [ 2.48136, 45.57088 ], [ 2.4839, 45.56999 ], [ 2.48961, 45.56899 ], [ 2.49146, 45.56795 ], [ 2.49164, 45.56502 ], [ 2.48991, 45.56346 ], [ 2.48977, 45.56179 ], [ 2.49093, 45.56039 ], [ 2.49304, 45.55949 ], [ 2.49629, 45.55683 ], [ 2.49873, 45.55683 ], [ 2.49956, 45.55417 ], [ 2.50096, 45.55354 ], [ 2.50359, 45.55471 ], [ 2.50647, 45.55421 ], [ 2.50781, 45.55277 ], [ 2.51108, 45.55308 ], [ 2.51256, 45.55407 ], [ 2.51588, 45.55388 ], [ 2.51697, 45.55136 ], [ 2.51536, 45.55055 ], [ 2.51529, 45.54848 ], [ 2.51854, 45.54587 ], [ 2.51815, 45.54357 ], [ 2.51559, 45.54277 ], [ 2.51475, 45.54192 ], [ 2.51512, 45.53692 ], [ 2.51649, 45.53519 ], [ 2.51914, 45.53368 ], [ 2.5194, 45.53224 ], [ 2.51804, 45.53085 ], [ 2.51432, 45.52824 ], [ 2.51176, 45.5251 ], [ 2.51291, 45.52425 ], [ 2.51611, 45.52437 ], [ 2.51956, 45.52279 ], [ 2.52039, 45.52045 ], [ 2.51839, 45.51821 ], [ 2.51921, 45.51694 ], [ 2.5162, 45.51668 ], [ 2.51153, 45.51115 ], [ 2.50888, 45.50504 ], [ 2.50778, 45.50311 ], [ 2.509, 45.50023 ], [ 2.51122, 45.49663 ], [ 2.51282, 45.49514 ], [ 2.51389, 45.49284 ], [ 2.51306, 45.49118 ], [ 2.51139, 45.48988 ], [ 2.51119, 45.48831 ], [ 2.5101, 45.48727 ], [ 2.5076, 45.48327 ], [ 2.50752, 45.48166 ], [ 2.50841, 45.4785 ], [ 2.50974, 45.4731 ], [ 2.50871, 45.47167 ], [ 2.50582, 45.46973 ], [ 2.50537, 45.46861 ], [ 2.50715, 45.46564 ], [ 2.50677, 45.46407 ], [ 2.50369, 45.46168 ], [ 2.50069, 45.46146 ], [ 2.49941, 45.46025 ], [ 2.49908, 45.45436 ], [ 2.50214, 45.45143 ], [ 2.50302, 45.45008 ], [ 2.5025, 45.44787 ], [ 2.50001, 45.44847 ], [ 2.49688, 45.44717 ], [ 2.4956, 45.4455 ], [ 2.49629, 45.44316 ], [ 2.49558, 45.44114 ], [ 2.49295, 45.43854 ], [ 2.49519, 45.43718 ], [ 2.49589, 45.43583 ], [ 2.49364, 45.43314 ], [ 2.49153, 45.42937 ], [ 2.49138, 45.42554 ], [ 2.49272, 45.42369 ], [ 2.48786, 45.41979 ], [ 2.48754, 45.41816 ], [ 2.48906, 45.41637 ], [ 2.49346, 45.41344 ], [ 2.49895, 45.41303 ], [ 2.50245, 45.41167 ], [ 2.50137, 45.40969 ], [ 2.50302, 45.4097 ], [ 2.50526, 45.41063 ], [ 2.50609, 45.40865 ], [ 2.50985, 45.40644 ], [ 2.51208, 45.40572 ], [ 2.51775, 45.40184 ], [ 2.52223, 45.40259 ], [ 2.52145, 45.40134 ], [ 2.52361, 45.39945 ], [ 2.52214, 45.39702 ], [ 2.52361, 45.39648 ], [ 2.52551, 45.39409 ], [ 2.52756, 45.39359 ], [ 2.52787, 45.39161 ], [ 2.52331, 45.38541 ], [ 2.5237, 45.38456 ], [ 2.52337, 45.38155 ], [ 2.51936, 45.38488 ], [ 2.51585, 45.38434 ], [ 2.51144, 45.3826 ], [ 2.50945, 45.38053 ], [ 2.50644, 45.37833 ], [ 2.50561, 45.37843 ], [ 2.50231, 45.38109 ], [ 2.50083, 45.38136 ], [ 2.49119, 45.37943 ], [ 2.48577, 45.37895 ], [ 2.48219, 45.37616 ], [ 2.48059, 45.37657 ], [ 2.4804, 45.37482 ], [ 2.48269, 45.37301 ], [ 2.48013, 45.37031 ], [ 2.4802, 45.36969 ], [ 2.47662, 45.37028 ], [ 2.47605, 45.37401 ], [ 2.47312, 45.37537 ], [ 2.47223, 45.37406 ], [ 2.47025, 45.37384 ], [ 2.47057, 45.37672 ], [ 2.4716, 45.37815 ], [ 2.47313, 45.37748 ], [ 2.47518, 45.37995 ], [ 2.47498, 45.3813 ], [ 2.46861, 45.38266 ], [ 2.46382, 45.38446 ], [ 2.45917, 45.38569 ], [ 2.45712, 45.38429 ], [ 2.45323, 45.38362 ], [ 2.44505, 45.38327 ], [ 2.44155, 45.38453 ], [ 2.43919, 45.38723 ], [ 2.43785, 45.38781 ], [ 2.43677, 45.3884 ], [ 2.43263, 45.39317 ], [ 2.43033, 45.39268 ], [ 2.42579, 45.39368 ], [ 2.42452, 45.39462 ], [ 2.42312, 45.39696 ], [ 2.42006, 45.39759 ], [ 2.41405, 45.39643 ], [ 2.40499, 45.39774 ], [ 2.40326, 45.39823 ], [ 2.40167, 45.39958 ], [ 2.39879, 45.39999 ], [ 2.39752, 45.40071 ], [ 2.396, 45.40323 ], [ 2.39612, 45.40521 ], [ 2.39549, 45.40732 ], [ 2.39383, 45.40845 ], [ 2.3909, 45.40922 ], [ 2.3875, 45.41196 ], [ 2.38374, 45.41263 ], [ 2.38099, 45.41354 ], [ 2.37825, 45.41431 ], [ 2.375, 45.4144 ], [ 2.37269, 45.41385 ], [ 2.36957, 45.41615 ], [ 2.36676, 45.41597 ], [ 2.36171, 45.41498 ], [ 2.35513, 45.41503 ], [ 2.35334, 45.41453 ], [ 2.35066, 45.41292 ], [ 2.3497, 45.41175 ], [ 2.35008, 45.40968 ], [ 2.35142, 45.40779 ], [ 2.35258, 45.40491 ], [ 2.35455, 45.4014 ], [ 2.35672, 45.39951 ], [ 2.36343, 45.39726 ], [ 2.36444, 45.39596 ], [ 2.3645, 45.39285 ], [ 2.36514, 45.39051 ], [ 2.36827, 45.38862 ], [ 2.36936, 45.3865 ], [ 2.36769, 45.38327 ], [ 2.36348, 45.3803 ], [ 2.36297, 45.37842 ], [ 2.36462, 45.37468 ], [ 2.3643, 45.37234 ], [ 2.36718, 45.36816 ], [ 2.36743, 45.36474 ], [ 2.36449, 45.36253 ], [ 2.36417, 45.36065 ], [ 2.36513, 45.35608 ], [ 2.36335, 45.35329 ], [ 2.3613, 45.35369 ], [ 2.35932, 45.35491 ], [ 2.35735, 45.3541 ], [ 2.35511, 45.35104 ], [ 2.35231, 45.34933 ], [ 2.3507, 45.34776 ], [ 2.35026, 45.34604 ], [ 2.35217, 45.3433 ], [ 2.35568, 45.34137 ], [ 2.35856, 45.33899 ], [ 2.35976, 45.33651 ], [ 2.35594, 45.33345 ], [ 2.35498, 45.33156 ], [ 2.35166, 45.32783 ], [ 2.34611, 45.32783 ], [ 2.34273, 45.32613 ], [ 2.33987, 45.3258 ], [ 2.33643, 45.3264 ], [ 2.3296, 45.32535 ], [ 2.32724, 45.32459 ], [ 2.31774, 45.32296 ], [ 2.31575, 45.32183 ], [ 2.3143, 45.32026 ], [ 2.31137, 45.3159 ], [ 2.30787, 45.31329 ], [ 2.30615, 45.31 ], [ 2.30589, 45.3074 ], [ 2.30289, 45.30506 ], [ 2.30136, 45.30272 ], [ 2.30016, 45.2988 ], [ 2.29513, 45.29534 ], [ 2.29022, 45.28805 ], [ 2.28742, 45.28656 ], [ 2.28244, 45.28678 ], [ 2.27613, 45.28817 ], [ 2.2746, 45.28912 ], [ 2.27141, 45.29015 ], [ 2.2697, 45.28988 ], [ 2.2683, 45.28845 ], [ 2.26778, 45.28682 ], [ 2.26657, 45.28583 ], [ 2.26441, 45.28547 ], [ 2.26173, 45.28322 ], [ 2.2613, 45.27737 ], [ 2.26016, 45.2731 ], [ 2.25856, 45.27022 ], [ 2.25596, 45.26865 ], [ 2.2524, 45.26783 ], [ 2.24934, 45.26796 ], [ 2.245, 45.2671 ], [ 2.24284, 45.26535 ], [ 2.24176, 45.2631 ], [ 2.23795, 45.25964 ], [ 2.23765, 45.25872 ], [ 2.23929, 45.25734 ], [ 2.24006, 45.25537 ], [ 2.24026, 45.25203 ], [ 2.24134, 45.24943 ], [ 2.24027, 45.24759 ], [ 2.23708, 45.24677 ], [ 2.23377, 45.24654 ], [ 2.23141, 45.24712 ], [ 2.2281, 45.246 ], [ 2.22569, 45.24451 ], [ 2.22494, 45.24185 ], [ 2.22117, 45.23753 ], [ 2.21265, 45.23167 ], [ 2.20871, 45.22996 ], [ 2.207, 45.22855 ], [ 2.20336, 45.22783 ], [ 2.20234, 45.22698 ], [ 2.20306, 45.22316 ], [ 2.20172, 45.22244 ], [ 2.19536, 45.22085 ], [ 2.19193, 45.22202 ], [ 2.19116, 45.22306 ], [ 2.18932, 45.22211 ], [ 2.19097, 45.22044 ], [ 2.19461, 45.21901 ], [ 2.19588, 45.21811 ], [ 2.19665, 45.21612 ], [ 2.1943, 45.21433 ], [ 2.19285, 45.20961 ], [ 2.1912, 45.20663 ], [ 2.19025, 45.20605 ], [ 2.18987, 45.20406 ], [ 2.19051, 45.20213 ], [ 2.19173, 45.20093 ], [ 2.19344, 45.2011 ], [ 2.19803, 45.20008 ], [ 2.19988, 45.19797 ], [ 2.19823, 45.19666 ], [ 2.19969, 45.19527 ], [ 2.19854, 45.19441 ], [ 2.19842, 45.19234 ], [ 2.19964, 45.18987 ], [ 2.20054, 45.18492 ], [ 2.20213, 45.18394 ], [ 2.20233, 45.18236 ], [ 2.20119, 45.1815 ], [ 2.20133, 45.17979 ], [ 2.2052, 45.17938 ], [ 2.20666, 45.17988 ], [ 2.21175, 45.17701 ], [ 2.21411, 45.17616 ], [ 2.21526, 45.17395 ], [ 2.2192, 45.17419 ], [ 2.21837, 45.17247 ], [ 2.22105, 45.17217 ], [ 2.2222, 45.17023 ], [ 2.22741, 45.1697 ], [ 2.23174, 45.17006 ], [ 2.23187, 45.16745 ], [ 2.23301, 45.16731 ], [ 2.23283, 45.16534 ], [ 2.23042, 45.16192 ], [ 2.22788, 45.16088 ], [ 2.22534, 45.16038 ], [ 2.22413, 45.16079 ], [ 2.22222, 45.15984 ], [ 2.21905, 45.15992 ], [ 2.217, 45.15952 ], [ 2.21427, 45.15983 ], [ 2.21179, 45.16127 ], [ 2.20843, 45.16032 ], [ 2.20798, 45.15875 ], [ 2.21207, 45.15282 ], [ 2.21226, 45.15106 ], [ 2.21157, 45.14844 ], [ 2.21017, 45.14683 ], [ 2.20846, 45.14367 ], [ 2.20489, 45.14205 ], [ 2.20256, 45.13916 ], [ 2.19932, 45.13781 ], [ 2.19709, 45.13772 ], [ 2.19411, 45.13479 ], [ 2.19068, 45.13533 ], [ 2.18788, 45.13456 ], [ 2.18763, 45.13586 ], [ 2.1835, 45.13635 ], [ 2.17879, 45.1363 ], [ 2.17949, 45.13472 ], [ 2.18166, 45.13316 ], [ 2.18205, 45.13208 ], [ 2.18085, 45.12686 ], [ 2.18162, 45.12569 ], [ 2.1848, 45.12317 ], [ 2.18385, 45.12268 ], [ 2.18405, 45.11949 ], [ 2.18697, 45.11818 ], [ 2.1892, 45.1177 ], [ 2.19034, 45.11612 ], [ 2.1901, 45.114 ], [ 2.18781, 45.11274 ], [ 2.18711, 45.11445 ], [ 2.18058, 45.11255 ], [ 2.1816, 45.11174 ], [ 2.18166, 45.10994 ], [ 2.1797, 45.1095 ], [ 2.17932, 45.10751 ], [ 2.18167, 45.10671 ], [ 2.1811, 45.10495 ], [ 2.17901, 45.10423 ], [ 2.18016, 45.10319 ], [ 2.17665, 45.1022 ], [ 2.18042, 45.09905 ], [ 2.18023, 45.09487 ], [ 2.17853, 45.09199 ], [ 2.17605, 45.09027 ], [ 2.1739, 45.08775 ], [ 2.17353, 45.08542 ], [ 2.17455, 45.08226 ], [ 2.17278, 45.08127 ], [ 2.17056, 45.08154 ], [ 2.16725, 45.08086 ], [ 2.16547, 45.08194 ], [ 2.16572, 45.08383 ], [ 2.16451, 45.08495 ], [ 2.1628, 45.08522 ], [ 2.1593, 45.08476 ], [ 2.15721, 45.08633 ], [ 2.15499, 45.08521 ], [ 2.15295, 45.08506 ], [ 2.14821, 45.08294 ], [ 2.14832, 45.08492 ], [ 2.14692, 45.08573 ], [ 2.14394, 45.08518 ], [ 2.1426, 45.08662 ], [ 2.14018, 45.08652 ], [ 2.1381, 45.08144 ], [ 2.13417, 45.08198 ], [ 2.1315, 45.08179 ], [ 2.13087, 45.07895 ], [ 2.12992, 45.07769 ], [ 2.12632, 45.07679 ], [ 2.12468, 45.0744 ], [ 2.12029, 45.07286 ], [ 2.12069, 45.06989 ], [ 2.11809, 45.0689 ], [ 2.11567, 45.07141 ], [ 2.11427, 45.07177 ], [ 2.10978, 45.06838 ], [ 2.10691, 45.06788 ], [ 2.10406, 45.06675 ], [ 2.10388, 45.06393 ], [ 2.10211, 45.06216 ], [ 2.10021, 45.06202 ], [ 2.09793, 45.06067 ], [ 2.09743, 45.05847 ], [ 2.10093, 45.05727 ], [ 2.10074, 45.056 ], [ 2.09859, 45.0555 ], [ 2.09516, 45.05603 ], [ 2.09683, 45.05177 ], [ 2.09867, 45.05005 ], [ 2.09932, 45.04763 ], [ 2.10085, 45.04655 ], [ 2.10466, 45.04498 ], [ 2.1046, 45.043 ], [ 2.10758, 45.04328 ], [ 2.10842, 45.04188 ], [ 2.11083, 45.04054 ], [ 2.11001, 45.03829 ], [ 2.1118, 45.0378 ], [ 2.11173, 45.03641 ], [ 2.11035, 45.03388 ], [ 2.11176, 45.03245 ], [ 2.11182, 45.03074 ], [ 2.11341, 45.03006 ], [ 2.11342, 45.02759 ], [ 2.11598, 45.02224 ], [ 2.11827, 45.02044 ], [ 2.12156, 45.02027 ], [ 2.12316, 45.01969 ], [ 2.12501, 45.01573 ], [ 2.12482, 45.01497 ], [ 2.12794, 45.01196 ], [ 2.1336, 45.00878 ], [ 2.13733, 45.00874 ], [ 2.13962, 45.0077 ], [ 2.1409, 45.00541 ], [ 2.13932, 45.00374 ], [ 2.13933, 45.00257 ], [ 2.14218, 45.00033 ], [ 2.13934, 44.9983 ], [ 2.14011, 44.99723 ], [ 2.13897, 44.99511 ], [ 2.13707, 44.99502 ], [ 2.13645, 44.99016 ], [ 2.13348, 44.98871 ], [ 2.13329, 44.98574 ], [ 2.13026, 44.98421 ], [ 2.12678, 44.98546 ], [ 2.12398, 44.98595 ], [ 2.1198, 44.98585 ], [ 2.11936, 44.9845 ], [ 2.11746, 44.98405 ], [ 2.11421, 44.98553 ], [ 2.10985, 44.98322 ], [ 2.10731, 44.98137 ], [ 2.10219, 44.98023 ], [ 2.09977, 44.98415 ], [ 2.09621, 44.98468 ], [ 2.09387, 44.9844 ], [ 2.09304, 44.98589 ], [ 2.08912, 44.98444 ], [ 2.08526, 44.9838 ], [ 2.08418, 44.98159 ], [ 2.08203, 44.9806 ], [ 2.07835, 44.97969 ], [ 2.07431, 44.97766 ], [ 2.06981, 44.97832 ], [ 2.06766, 44.97724 ], [ 2.06291, 44.97651 ], [ 2.064, 44.97475 ], [ 2.06602, 44.97431 ], [ 2.06761, 44.97251 ], [ 2.06757, 44.9691 ], [ 2.06891, 44.96766 ], [ 2.06923, 44.96572 ], [ 2.07064, 44.96257 ], [ 2.07229, 44.96203 ], [ 2.07477, 44.96011 ], [ 2.0758, 44.95742 ], [ 2.07801, 44.95625 ], [ 2.0807, 44.95329 ], [ 2.08083, 44.95171 ], [ 2.07977, 44.94915 ], [ 2.07882, 44.9482 ], [ 2.07857, 44.9463 ], [ 2.08023, 44.94388 ], [ 2.07973, 44.94275 ], [ 2.07675, 44.94194 ], [ 2.07601, 44.94103 ], [ 2.07696, 44.93955 ], [ 2.07671, 44.93658 ], [ 2.0778, 44.93393 ], [ 2.07901, 44.9324 ], [ 2.08371, 44.93214 ], [ 2.08739, 44.92923 ], [ 2.08923, 44.92856 ], [ 2.09171, 44.92582 ], [ 2.09279, 44.92564 ], [ 2.09476, 44.92366 ], [ 2.09628, 44.92286 ], [ 2.09906, 44.92241 ], [ 2.10002, 44.92098 ], [ 2.10224, 44.91963 ], [ 2.10458, 44.91977 ], [ 2.10212, 44.91644 ], [ 2.10353, 44.91581 ], [ 2.10671, 44.91118 ], [ 2.10811, 44.9106 ], [ 2.10501, 44.90817 ], [ 2.1011, 44.90703 ], [ 2.10117, 44.90568 ], [ 2.09826, 44.90473 ], [ 2.0956, 44.90485 ], [ 2.09217, 44.90431 ], [ 2.0899, 44.90304 ], [ 2.08704, 44.90403 ], [ 2.08591, 44.90384 ], [ 2.087, 44.89994 ], [ 2.08581, 44.89787 ], [ 2.08448, 44.89732 ], [ 2.08366, 44.89534 ], [ 2.08395, 44.89125 ], [ 2.08529, 44.88824 ], [ 2.08352, 44.8871 ], [ 2.08434, 44.88567 ], [ 2.08625, 44.88531 ], [ 2.086, 44.88418 ], [ 2.08968, 44.88212 ], [ 2.09051, 44.87875 ], [ 2.09078, 44.87569 ], [ 2.09249, 44.87543 ], [ 2.09351, 44.87237 ], [ 2.097, 44.87112 ], [ 2.09909, 44.86873 ], [ 2.10181, 44.86694 ], [ 2.10278, 44.86518 ], [ 2.10449, 44.86379 ], [ 2.10545, 44.8615 ], [ 2.10818, 44.85823 ], [ 2.10919, 44.85792 ], [ 2.11199, 44.85427 ], [ 2.11423, 44.85301 ], [ 2.11499, 44.85135 ], [ 2.11658, 44.85019 ], [ 2.11721, 44.84826 ], [ 2.12278, 44.84763 ], [ 2.12278, 44.8466 ], [ 2.12462, 44.84588 ], [ 2.12809, 44.84531 ], [ 2.12702, 44.84445 ], [ 2.12653, 44.84184 ], [ 2.12767, 44.84063 ], [ 2.12749, 44.83793 ], [ 2.12902, 44.83554 ], [ 2.13181, 44.83438 ], [ 2.13435, 44.83037 ], [ 2.13416, 44.82854 ], [ 2.13531, 44.827 ], [ 2.13879, 44.82517 ], [ 2.1398, 44.82383 ], [ 2.14461, 44.82369 ], [ 2.14664, 44.82103 ], [ 2.14828, 44.8205 ], [ 2.15424, 44.81655 ], [ 2.15874, 44.81638 ], [ 2.16057, 44.81566 ], [ 2.16304, 44.81391 ], [ 2.16526, 44.81356 ], [ 2.16588, 44.81212 ], [ 2.16772, 44.81096 ], [ 2.1652, 44.80789 ], [ 2.16478, 44.80383 ], [ 2.16573, 44.80325 ], [ 2.16643, 44.80105 ], [ 2.16605, 44.79902 ], [ 2.16751, 44.79808 ], [ 2.16751, 44.79529 ], [ 2.16936, 44.79269 ], [ 2.17163, 44.79025 ], [ 2.17146, 44.78562 ], [ 2.16831, 44.783 ], [ 2.16851, 44.78192 ], [ 2.16972, 44.77748 ], [ 2.16757, 44.77756 ], [ 2.16562, 44.77549 ], [ 2.16696, 44.77314 ], [ 2.16556, 44.77152 ], [ 2.16309, 44.77103 ], [ 2.16165, 44.77233 ], [ 2.15861, 44.77255 ], [ 2.15748, 44.77124 ], [ 2.15413, 44.77196 ], [ 2.15288, 44.76966 ], [ 2.15098, 44.77002 ], [ 2.14915, 44.7697 ], [ 2.15022, 44.76903 ], [ 2.14846, 44.76655 ], [ 2.15017, 44.76466 ], [ 2.14778, 44.76417 ], [ 2.14746, 44.76326 ], [ 2.14969, 44.76084 ], [ 2.1517, 44.76022 ], [ 2.15221, 44.75914 ], [ 2.1502, 44.75873 ], [ 2.15083, 44.75689 ], [ 2.15285, 44.75517 ], [ 2.15349, 44.75311 ], [ 2.15514, 44.75176 ], [ 2.15502, 44.75032 ], [ 2.1561, 44.74883 ], [ 2.15408, 44.7487 ], [ 2.15194, 44.74555 ], [ 2.15252, 44.74393 ], [ 2.15479, 44.74375 ], [ 2.15574, 44.74245 ], [ 2.15057, 44.74073 ], [ 2.15159, 44.73875 ], [ 2.15127, 44.7378 ], [ 2.15248, 44.73569 ], [ 2.1499, 44.73002 ], [ 2.15078, 44.72822 ], [ 2.14796, 44.72637 ], [ 2.14746, 44.72357 ], [ 2.14905, 44.72214 ], [ 2.14627, 44.72038 ], [ 2.14325, 44.71678 ], [ 2.14036, 44.71633 ], [ 2.13791, 44.71443 ], [ 2.13773, 44.71223 ], [ 2.13563, 44.71163 ], [ 2.13557, 44.71069 ], [ 2.13368, 44.70957 ], [ 2.13123, 44.70885 ], [ 2.13131, 44.70533 ], [ 2.13295, 44.7038 ], [ 2.13138, 44.70249 ], [ 2.13164, 44.70119 ], [ 2.13006, 44.69929 ], [ 2.13159, 44.69782 ], [ 2.13341, 44.69763 ], [ 2.13367, 44.69526 ], [ 2.13639, 44.69526 ], [ 2.13829, 44.69288 ], [ 2.14303, 44.69365 ], [ 2.14756, 44.69501 ], [ 2.15102, 44.69857 ], [ 2.15303, 44.70001 ], [ 2.1553, 44.70024 ], [ 2.15665, 44.699 ], [ 2.15953, 44.69741 ], [ 2.16061, 44.6944 ], [ 2.16303, 44.69022 ], [ 2.1667, 44.68649 ], [ 2.17056, 44.6819 ], [ 2.17302, 44.68051 ], [ 2.17429, 44.67737 ], [ 2.17701, 44.67615 ], [ 2.17915, 44.67445 ], [ 2.17625, 44.67251 ], [ 2.1762, 44.67165 ], [ 2.17425, 44.66873 ], [ 2.17193, 44.66633 ], [ 2.16846, 44.66426 ], [ 2.16575, 44.66462 ], [ 2.16184, 44.6634 ], [ 2.1626, 44.66227 ], [ 2.16601, 44.66129 ], [ 2.17007, 44.6581 ], [ 2.17197, 44.65509 ], [ 2.17404, 44.65365 ], [ 2.17449, 44.65136 ], [ 2.17267, 44.65027 ], [ 2.17083, 44.64815 ], [ 2.16926, 44.64788 ], [ 2.16864, 44.64473 ], [ 2.1689, 44.64298 ], [ 2.16841, 44.63919 ], [ 2.16942, 44.63798 ], [ 2.17435, 44.63462 ], [ 2.17655, 44.63547 ], [ 2.17989, 44.63471 ], [ 2.18336, 44.63108 ], [ 2.18634, 44.6286 ], [ 2.19043, 44.62916 ], [ 2.19219, 44.62663 ], [ 2.19377, 44.62802 ], [ 2.19459, 44.6264 ], [ 2.19321, 44.62496 ], [ 2.19757, 44.62339 ], [ 2.1994, 44.62228 ], [ 2.19953, 44.62089 ], [ 2.20299, 44.6198 ], [ 2.20431, 44.6181 ], [ 2.20627, 44.61778 ], [ 2.20552, 44.61648 ], [ 2.20748, 44.61553 ], [ 2.20885, 44.61631 ], [ 2.21068, 44.61873 ], [ 2.21566, 44.62045 ], [ 2.21755, 44.62198 ], [ 2.22057, 44.62203 ], [ 2.22069, 44.6232 ], [ 2.21785, 44.62468 ], [ 2.21615, 44.62445 ], [ 2.21458, 44.6267 ], [ 2.21375, 44.62917 ], [ 2.21191, 44.63129 ], [ 2.21177, 44.63377 ], [ 2.21096, 44.63592 ], [ 2.21323, 44.63741 ], [ 2.21127, 44.63835 ], [ 2.21146, 44.64033 ], [ 2.20841, 44.64384 ], [ 2.20929, 44.64492 ], [ 2.21591, 44.65069 ], [ 2.21754, 44.65046 ], [ 2.22504, 44.65247 ], [ 2.22863, 44.65511 ], [ 2.23415, 44.65547 ], [ 2.23561, 44.65468 ], [ 2.2388, 44.654 ], [ 2.24107, 44.65302 ], [ 2.24654, 44.65216 ], [ 2.25089, 44.65189 ], [ 2.25751, 44.65531 ], [ 2.26027, 44.65855 ], [ 2.26593, 44.66109 ], [ 2.27005, 44.66058 ], [ 2.27395, 44.66067 ], [ 2.27483, 44.66163 ], [ 2.27735, 44.66212 ], [ 2.28225, 44.66479 ], [ 2.28319, 44.66601 ], [ 2.28529, 44.66676 ], [ 2.28739, 44.66559 ], [ 2.29337, 44.66708 ], [ 2.29766, 44.66537 ], [ 2.30011, 44.66362 ], [ 2.30332, 44.66313 ], [ 2.30458, 44.66245 ], [ 2.30687, 44.66267 ], [ 2.30888, 44.66439 ], [ 2.31116, 44.66528 ], [ 2.31625, 44.66529 ], [ 2.3196, 44.66708 ], [ 2.32149, 44.66749 ], [ 2.32413, 44.66915 ], [ 2.32679, 44.66969 ], [ 2.32793, 44.66799 ], [ 2.33222, 44.66459 ], [ 2.33372, 44.6647 ], [ 2.33624, 44.662 ], [ 2.33618, 44.65975 ], [ 2.33788, 44.6566 ], [ 2.33606, 44.65485 ], [ 2.33417, 44.65435 ], [ 2.33448, 44.6517 ], [ 2.33246, 44.6504 ], [ 2.33296, 44.64873 ], [ 2.33448, 44.64774 ], [ 2.3375, 44.64769 ], [ 2.34368, 44.64454 ], [ 2.34646, 44.64382 ], [ 2.34841, 44.64265 ], [ 2.34911, 44.64094 ], [ 2.35453, 44.64013 ], [ 2.35698, 44.64139 ], [ 2.3667, 44.64121 ], [ 2.37009, 44.64413 ], [ 2.37155, 44.64489 ], [ 2.37501, 44.6457 ], [ 2.37627, 44.64678 ], [ 2.37867, 44.65075 ], [ 2.38005, 44.65129 ], [ 2.38542, 44.64926 ], [ 2.38894, 44.6493 ], [ 2.38926, 44.64822 ], [ 2.3873, 44.64561 ], [ 2.38781, 44.64426 ], [ 2.39071, 44.64359 ], [ 2.39436, 44.6461 ], [ 2.39713, 44.64619 ], [ 2.3989, 44.64524 ], [ 2.40135, 44.64542 ], [ 2.40362, 44.64727 ], [ 2.40477, 44.64718 ], [ 2.40685, 44.6469 ], [ 2.41226, 44.64411 ], [ 2.41654, 44.64254 ], [ 2.4231, 44.6441 ], [ 2.42481, 44.6441 ], [ 2.42846, 44.64298 ], [ 2.43022, 44.64028 ], [ 2.435, 44.63888 ], [ 2.4391, 44.64117 ], [ 2.44218, 44.6422 ], [ 2.44498, 44.64418 ], [ 2.44486, 44.64701 ], [ 2.44617, 44.64805 ], [ 2.44845, 44.64868 ], [ 2.45216, 44.64822 ], [ 2.45588, 44.64601 ], [ 2.46104, 44.64529 ], [ 2.46558, 44.64394 ], [ 2.46804, 44.64289 ], [ 2.46911, 44.64393 ], [ 2.46868, 44.64681 ], [ 2.469, 44.64964 ], [ 2.47196, 44.65202 ], [ 2.4731, 44.65216 ], [ 2.47883, 44.649 ], [ 2.48077, 44.64994 ], [ 2.48319, 44.65034 ], [ 2.48514, 44.65223 ], [ 2.48717, 44.65655 ], [ 2.49013, 44.65677 ], [ 2.49128, 44.65749 ], [ 2.48926, 44.66024 ], [ 2.48908, 44.66204 ], [ 2.4877, 44.66258 ], [ 2.48877, 44.66487 ], [ 2.48751, 44.66622 ], [ 2.48752, 44.66842 ], [ 2.48822, 44.67023 ], [ 2.49068, 44.67185 ], [ 2.49264, 44.674 ], [ 2.49409, 44.67643 ], [ 2.49651, 44.68205 ], [ 2.49859, 44.68434 ], [ 2.49866, 44.68677 ], [ 2.50012, 44.69019 ], [ 2.5048, 44.69184 ], [ 2.5058, 44.69284 ], [ 2.50947, 44.6935 ], [ 2.51105, 44.69576 ], [ 2.51414, 44.69309 ], [ 2.51642, 44.69539 ], [ 2.51794, 44.69849 ], [ 2.51889, 44.69903 ], [ 2.51971, 44.70118 ], [ 2.51802, 44.70415 ], [ 2.52206, 44.70518 ], [ 2.52376, 44.70504 ], [ 2.52629, 44.70657 ], [ 2.52756, 44.70796 ], [ 2.53267, 44.71098 ], [ 2.5364, 44.71196 ], [ 2.54019, 44.71169 ], [ 2.54077, 44.71352 ], [ 2.54493, 44.71527 ], [ 2.54891, 44.71639 ], [ 2.54975, 44.71944 ], [ 2.55549, 44.72124 ], [ 2.55864, 44.71984 ], [ 2.56042, 44.72118 ], [ 2.55827, 44.72272 ], [ 2.55796, 44.72519 ], [ 2.56075, 44.7273 ], [ 2.55735, 44.72811 ], [ 2.55785, 44.72938 ], [ 2.55995, 44.7309 ], [ 2.5595, 44.73149 ], [ 2.55514, 44.72911 ], [ 2.55443, 44.72574 ], [ 2.55368, 44.72525 ], [ 2.54718, 44.72489 ], [ 2.54453, 44.72513 ], [ 2.54574, 44.72791 ], [ 2.54952, 44.72853 ], [ 2.5494, 44.72934 ], [ 2.55093, 44.73128 ], [ 2.55213, 44.73145 ], [ 2.55239, 44.73339 ], [ 2.55572, 44.73352 ], [ 2.55561, 44.73487 ], [ 2.55391, 44.73496 ], [ 2.5507, 44.73664 ], [ 2.5512, 44.73821 ], [ 2.55329, 44.73803 ], [ 2.55424, 44.73915 ], [ 2.55166, 44.74168 ], [ 2.55393, 44.74266 ], [ 2.55489, 44.74472 ], [ 2.55275, 44.74558 ], [ 2.54998, 44.74838 ], [ 2.55143, 44.74882 ], [ 2.5537, 44.74806 ], [ 2.55327, 44.75094 ], [ 2.55189, 44.75346 ], [ 2.55057, 44.75414 ], [ 2.55058, 44.75608 ], [ 2.55284, 44.75584 ], [ 2.55368, 44.75742 ], [ 2.55614, 44.75773 ], [ 2.56126, 44.75915 ], [ 2.55994, 44.76235 ], [ 2.56116, 44.76424 ], [ 2.56305, 44.76582 ], [ 2.56236, 44.76708 ], [ 2.56371, 44.7709 ], [ 2.56484, 44.77265 ], [ 2.5627, 44.77473 ], [ 2.56284, 44.77787 ], [ 2.56449, 44.77809 ], [ 2.56589, 44.77849 ], [ 2.56716, 44.78065 ], [ 2.56924, 44.78168 ], [ 2.57355, 44.78496 ], [ 2.57817, 44.78599 ], [ 2.58282, 44.78386 ], [ 2.58656, 44.78399 ], [ 2.59145, 44.78717 ], [ 2.59284, 44.78856 ], [ 2.59715, 44.79076 ], [ 2.59822, 44.79243 ], [ 2.6, 44.79305 ], [ 2.5995, 44.79544 ], [ 2.60077, 44.79841 ], [ 2.60085, 44.80096 ], [ 2.59909, 44.80173 ], [ 2.60042, 44.80344 ], [ 2.6, 44.80618 ], [ 2.60196, 44.80798 ], [ 2.60058, 44.80993 ], [ 2.60097, 44.81343 ], [ 2.59883, 44.81388 ], [ 2.59921, 44.81506 ], [ 2.59853, 44.81843 ], [ 2.59695, 44.82028 ], [ 2.59842, 44.82077 ], [ 2.60127, 44.82153 ], [ 2.60298, 44.82368 ], [ 2.60633, 44.82327 ], [ 2.60747, 44.82394 ], [ 2.60793, 44.82597 ], [ 2.60989, 44.82597 ], [ 2.61046, 44.8292 ], [ 2.61161, 44.83068 ], [ 2.61137, 44.83266 ], [ 2.61011, 44.83447 ], [ 2.60872, 44.835 ], [ 2.60772, 44.8374 ], [ 2.60614, 44.83731 ], [ 2.60361, 44.83902 ], [ 2.60475, 44.84005 ], [ 2.60267, 44.84123 ], [ 2.60268, 44.84317 ], [ 2.60458, 44.84465 ], [ 2.60699, 44.84446 ], [ 2.61018, 44.84756 ], [ 2.61163, 44.84769 ], [ 2.61538, 44.85272 ], [ 2.61683, 44.85078 ], [ 2.61854, 44.85217 ], [ 2.61843, 44.85469 ], [ 2.61775, 44.85667 ], [ 2.62079, 44.85897 ], [ 2.62156, 44.86085 ], [ 2.62163, 44.86301 ], [ 2.62246, 44.86359 ], [ 2.62317, 44.86647 ], [ 2.62577, 44.86719 ], [ 2.6266, 44.86912 ], [ 2.62915, 44.87149 ], [ 2.62908, 44.87226 ], [ 2.63054, 44.87284 ], [ 2.63446, 44.87283 ], [ 2.64008, 44.87196 ], [ 2.64166, 44.87061 ], [ 2.64368, 44.87001 ], [ 2.6478, 44.87082 ], [ 2.64831, 44.86991 ], [ 2.65096, 44.86955 ], [ 2.65287, 44.87036 ], [ 2.65425, 44.86968 ], [ 2.65477, 44.87206 ], [ 2.65622, 44.87242 ], [ 2.65749, 44.87372 ], [ 2.65872, 44.87664 ], [ 2.65861, 44.88019 ], [ 2.65932, 44.88329 ], [ 2.65807, 44.88352 ], [ 2.65796, 44.88685 ], [ 2.66157, 44.88891 ], [ 2.66506, 44.89012 ], [ 2.66634, 44.89241 ], [ 2.67098, 44.89585 ], [ 2.67283, 44.89923 ], [ 2.67486, 44.9007 ], [ 2.67621, 44.90386 ], [ 2.68045, 44.90416 ], [ 2.68048, 44.90686 ], [ 2.68187, 44.90735 ], [ 2.68345, 44.90707 ], [ 2.68344, 44.90496 ], [ 2.68736, 44.9058 ], [ 2.68799, 44.90418 ], [ 2.69031, 44.90215 ], [ 2.69254, 44.90398 ], [ 2.69439, 44.90483 ], [ 2.69427, 44.90767 ], [ 2.69592, 44.90771 ], [ 2.69507, 44.90442 ], [ 2.69661, 44.90379 ], [ 2.70047, 44.90419 ], [ 2.70637, 44.90709 ], [ 2.70828, 44.90834 ], [ 2.70753, 44.91095 ], [ 2.70984, 44.91474 ], [ 2.71043, 44.91675 ], [ 2.71226, 44.9172 ], [ 2.71246, 44.91836 ], [ 2.71107, 44.91918 ], [ 2.71324, 44.92165 ], [ 2.71345, 44.92367 ], [ 2.71554, 44.92398 ], [ 2.71498, 44.92578 ], [ 2.71359, 44.92713 ], [ 2.71677, 44.92883 ], [ 2.72048, 44.92585 ], [ 2.72111, 44.92495 ], [ 2.72402, 44.92458 ], [ 2.72404, 44.92665 ], [ 2.72569, 44.928 ], [ 2.72673, 44.93106 ], [ 2.72662, 44.93352 ], [ 2.72924, 44.93693 ], [ 2.73101, 44.93675 ], [ 2.73348, 44.93737 ], [ 2.73349, 44.93831 ], [ 2.73769, 44.94037 ], [ 2.73825, 44.94122 ], [ 2.74053, 44.93999 ], [ 2.74153, 44.93802 ], [ 2.74304, 44.93657 ], [ 2.74315, 44.93468 ], [ 2.74123, 44.93276 ], [ 2.74178, 44.92961 ], [ 2.74362, 44.92928 ], [ 2.74593, 44.93144 ], [ 2.74841, 44.93277 ], [ 2.75164, 44.93393 ], [ 2.75524, 44.93297 ], [ 2.76022, 44.92994 ], [ 2.76095, 44.92557 ], [ 2.76536, 44.92255 ], [ 2.76667, 44.92105 ], [ 2.77185, 44.91802 ], [ 2.77354, 44.91509 ], [ 2.77353, 44.9141 ], [ 2.77534, 44.91031 ], [ 2.7761, 44.90964 ], [ 2.77609, 44.90896 ], [ 2.77328, 44.90514 ], [ 2.77186, 44.90227 ], [ 2.77209, 44.89849 ], [ 2.77352, 44.89673 ], [ 2.77307, 44.89584 ], [ 2.77447, 44.89453 ], [ 2.77676, 44.88863 ], [ 2.77859, 44.8875 ], [ 2.77541, 44.8848 ], [ 2.77571, 44.88349 ], [ 2.77348, 44.87985 ], [ 2.77063, 44.87984 ], [ 2.77116, 44.87605 ], [ 2.76888, 44.87482 ], [ 2.77007, 44.8738 ], [ 2.77062, 44.8707 ], [ 2.76896, 44.87057 ], [ 2.76838, 44.86746 ], [ 2.76741, 44.86558 ], [ 2.76778, 44.86431 ], [ 2.76961, 44.86322 ], [ 2.77027, 44.85941 ], [ 2.77173, 44.8563 ], [ 2.77385, 44.85474 ], [ 2.77581, 44.85775 ], [ 2.78073, 44.85719 ], [ 2.78131, 44.85769 ], [ 2.78161, 44.85954 ], [ 2.78276, 44.86165 ], [ 2.78403, 44.86276 ], [ 2.79046, 44.86724 ], [ 2.79521, 44.8688 ], [ 2.79781, 44.8687 ], [ 2.79915, 44.86946 ], [ 2.80196, 44.87363 ], [ 2.80418, 44.87439 ], [ 2.80797, 44.87415 ], [ 2.8135, 44.86939 ], [ 2.81616, 44.86953 ], [ 2.81928, 44.87194 ], [ 2.82074, 44.87207 ], [ 2.82459, 44.87071 ], [ 2.82605, 44.87061 ], [ 2.82992, 44.8723 ], [ 2.83232, 44.87256 ], [ 2.83674, 44.87146 ], [ 2.83878, 44.87158 ], [ 2.84188, 44.87274 ], [ 2.84327, 44.87273 ], [ 2.84795, 44.8715 ], [ 2.85149, 44.87184 ], [ 2.85378, 44.87296 ], [ 2.85493, 44.87431 ], [ 2.8564, 44.87529 ], [ 2.85968, 44.87446 ], [ 2.85945, 44.87042 ], [ 2.86126, 44.86838 ], [ 2.86075, 44.86716 ], [ 2.85649, 44.86539 ], [ 2.85671, 44.86022 ], [ 2.8556, 44.8559 ], [ 2.85608, 44.85469 ], [ 2.85506, 44.85326 ], [ 2.85625, 44.8519 ], [ 2.8549, 44.85041 ], [ 2.85755, 44.84878 ], [ 2.85907, 44.8489 ], [ 2.86016, 44.85062 ], [ 2.86211, 44.84962 ], [ 2.86259, 44.84749 ], [ 2.86513, 44.84725 ], [ 2.86559, 44.84362 ], [ 2.864, 44.8425 ], [ 2.86034, 44.84251 ], [ 2.85932, 44.84148 ], [ 2.85998, 44.83879 ], [ 2.86093, 44.83837 ], [ 2.86174, 44.83594 ], [ 2.86369, 44.8349 ], [ 2.86678, 44.83426 ], [ 2.86804, 44.83339 ], [ 2.87041, 44.82942 ], [ 2.87054, 44.82451 ], [ 2.87224, 44.8184 ], [ 2.87475, 44.81645 ], [ 2.87593, 44.81498 ], [ 2.87762, 44.80986 ], [ 2.87721, 44.8073 ], [ 2.87945, 44.8031 ], [ 2.88326, 44.79746 ], [ 2.88601, 44.79506 ], [ 2.88682, 44.79362 ], [ 2.88933, 44.79194 ], [ 2.88938, 44.79077 ], [ 2.88786, 44.78921 ], [ 2.89208, 44.78725 ], [ 2.89277, 44.7864 ], [ 2.90511, 44.78377 ], [ 2.90626, 44.78502 ], [ 2.9088, 44.78645 ], [ 2.91111, 44.789 ], [ 2.91156, 44.79057 ], [ 2.916, 44.79158 ], [ 2.92019, 44.79431 ], [ 2.92535, 44.79109 ], [ 2.92638, 44.7878 ], [ 2.92966, 44.78607 ], [ 2.93228, 44.78337 ], [ 2.93377, 44.78065 ], [ 2.93452, 44.7792 ], [ 2.93775, 44.77487 ], [ 2.9356, 44.77389 ], [ 2.93443, 44.7707 ], [ 2.9358, 44.76845 ], [ 2.93565, 44.76696 ], [ 2.9333, 44.76545 ], [ 2.93074, 44.76177 ], [ 2.92765, 44.76336 ], [ 2.92426, 44.76427 ], [ 2.92206, 44.76595 ], [ 2.92004, 44.76565 ], [ 2.91745, 44.76669 ], [ 2.91346, 44.76469 ], [ 2.91255, 44.76258 ], [ 2.91147, 44.76182 ], [ 2.91698, 44.7564 ], [ 2.92006, 44.7548 ], [ 2.92284, 44.75461 ], [ 2.92361, 44.7564 ], [ 2.92621, 44.75729 ], [ 2.92746, 44.7567 ], [ 2.92883, 44.75436 ], [ 2.93139, 44.75299 ], [ 2.93233, 44.75078 ], [ 2.93377, 44.74987 ], [ 2.9333, 44.74623 ], [ 2.93524, 44.74487 ], [ 2.93221, 44.73818 ], [ 2.92842, 44.73351 ], [ 2.92454, 44.72949 ], [ 2.92326, 44.72864 ], [ 2.92382, 44.72729 ], [ 2.92559, 44.7271 ], [ 2.92761, 44.7203 ], [ 2.93089, 44.71303 ], [ 2.93509, 44.705 ], [ 2.93387, 44.69741 ], [ 2.93274, 44.69665 ], [ 2.93566, 44.69357 ], [ 2.93824, 44.69333 ], [ 2.93981, 44.69206 ], [ 2.93885, 44.69081 ], [ 2.94141, 44.68662 ], [ 2.9444, 44.68466 ], [ 2.94383, 44.68376 ], [ 2.94137, 44.68395 ], [ 2.93858, 44.68248 ], [ 2.93774, 44.68055 ], [ 2.93935, 44.67758 ], [ 2.94167, 44.67685 ], [ 2.94388, 44.6771 ], [ 2.94821, 44.67443 ], [ 2.94894, 44.6719 ], [ 2.95037, 44.66992 ], [ 2.95482, 44.66778 ], [ 2.95541, 44.66331 ], [ 2.95493, 44.66076 ], [ 2.95618, 44.6598 ], [ 2.95972, 44.65969 ], [ 2.96318, 44.65868 ], [ 2.96187, 44.65447 ], [ 2.96376, 44.65431 ], [ 2.96607, 44.65242 ], [ 2.9675, 44.65061 ], [ 2.97025, 44.64826 ], [ 2.972, 44.6473 ], [ 2.973, 44.64572 ], [ 2.97545, 44.64472 ], [ 2.98168, 44.64468 ], [ 2.98494, 44.65037 ], [ 2.98306, 44.6502 ], [ 2.98176, 44.652 ], [ 2.98305, 44.65299 ], [ 2.98393, 44.6567 ], [ 2.98594, 44.65874 ], [ 2.98795, 44.6622 ], [ 2.99558, 44.66993 ], [ 2.99656, 44.67222 ], [ 2.99801, 44.67288 ], [ 2.99929, 44.67518 ], [ 3.00139, 44.68142 ], [ 3.00054, 44.68413 ], [ 3.00199, 44.68452 ], [ 3.00276, 44.68618 ], [ 3.00092, 44.68792 ], [ 3.00121, 44.68912 ], [ 3.00336, 44.68942 ], [ 3.00433, 44.69076 ], [ 3.00591, 44.69111 ], [ 3.00866, 44.69425 ], [ 3.00716, 44.69538 ], [ 3.00877, 44.69716 ], [ 3.00923, 44.70005 ], [ 3.01024, 44.70004 ], [ 3.01134, 44.70224 ], [ 3.01356, 44.7034 ], [ 3.01326, 44.70471 ], [ 3.0141, 44.70686 ], [ 3.01268, 44.70934 ], [ 3.01452, 44.71063 ], [ 3.01653, 44.71437 ], [ 3.02472, 44.71404 ], [ 3.02474, 44.71568 ], [ 3.0263, 44.71694 ], [ 3.02892, 44.71689 ], [ 3.03131, 44.71576 ], [ 3.03913, 44.71499 ], [ 3.03922, 44.71706 ], [ 3.03801, 44.72157 ], [ 3.03684, 44.72423 ], [ 3.03533, 44.72523 ], [ 3.03535, 44.72721 ], [ 3.03443, 44.72919 ], [ 3.03141, 44.72917 ], [ 3.0314, 44.72813 ], [ 3.02818, 44.72833 ], [ 3.02636, 44.72893 ], [ 3.02875, 44.73318 ], [ 3.02976, 44.73372 ], [ 3.03068, 44.73705 ], [ 3.0309, 44.73956 ], [ 3.03047, 44.74105 ], [ 3.03162, 44.74298 ], [ 3.02995, 44.746 ], [ 3.03104, 44.74716 ], [ 3.03108, 44.74941 ], [ 3.03482, 44.75128 ], [ 3.03534, 44.75272 ], [ 3.03486, 44.75421 ], [ 3.03647, 44.75677 ], [ 3.03921, 44.75891 ], [ 3.04224, 44.75938 ], [ 3.04379, 44.76131 ], [ 3.04612, 44.76157 ], [ 3.04904, 44.76272 ], [ 3.048, 44.76547 ], [ 3.04562, 44.76684 ], [ 3.04496, 44.76958 ], [ 3.04259, 44.77221 ], [ 3.04624, 44.77705 ], [ 3.04988, 44.77874 ], [ 3.05046, 44.78107 ], [ 3.04997, 44.78188 ], [ 3.04923, 44.7831 ], [ 3.04968, 44.78485 ], [ 3.05172, 44.78525 ], [ 3.04822, 44.78896 ], [ 3.04826, 44.79188 ], [ 3.04943, 44.79385 ], [ 3.04596, 44.79778 ], [ 3.04575, 44.79905 ], [ 3.0466, 44.80174 ], [ 3.04809, 44.80425 ], [ 3.0519, 44.80572 ], [ 3.05669, 44.80992 ], [ 3.05766, 44.81149 ], [ 3.0578, 44.81315 ], [ 3.06002, 44.81349 ], [ 3.06163, 44.81556 ], [ 3.0614, 44.81786 ], [ 3.06217, 44.81898 ], [ 3.06664, 44.82174 ], [ 3.06943, 44.8228 ], [ 3.07278, 44.82273 ], [ 3.07698, 44.82428 ], [ 3.07416, 44.82672 ], [ 3.07172, 44.83309 ], [ 3.07149, 44.83579 ], [ 3.07266, 44.83744 ], [ 3.08078, 44.83483 ], [ 3.0853, 44.83309 ], [ 3.08779, 44.8332 ], [ 3.09056, 44.83261 ], [ 3.09385, 44.83312 ], [ 3.09506, 44.8338 ], [ 3.09916, 44.83291 ], [ 3.09894, 44.83557 ], [ 3.09931, 44.84006 ], [ 3.09732, 44.84219 ], [ 3.10018, 44.84392 ], [ 3.09975, 44.84487 ], [ 3.0968, 44.84665 ], [ 3.0988, 44.84893 ], [ 3.09799, 44.85034 ], [ 3.0949, 44.85057 ], [ 3.09504, 44.85261 ], [ 3.09324, 44.85424 ], [ 3.09478, 44.85679 ], [ 3.09671, 44.8588 ], [ 3.10206, 44.86115 ], [ 3.10329, 44.86298 ], [ 3.10338, 44.86511 ], [ 3.10498, 44.86627 ], [ 3.10732, 44.86728 ], [ 3.10493, 44.86864 ], [ 3.10287, 44.87046 ], [ 3.10285, 44.87424 ], [ 3.1035, 44.87545 ], [ 3.10637, 44.87691 ], [ 3.10679, 44.8797 ], [ 3.1058, 44.88145 ], [ 3.10313, 44.88463 ], [ 3.10398, 44.88656 ], [ 3.10968, 44.8871 ], [ 3.11178, 44.88817 ], [ 3.11365, 44.8904 ], [ 3.11509, 44.894 ], [ 3.11742, 44.89379 ], [ 3.11702, 44.89173 ], [ 3.11788, 44.89024 ], [ 3.1228, 44.88949 ], [ 3.12401, 44.88989 ], [ 3.12391, 44.89173 ], [ 3.12142, 44.89486 ], [ 3.12232, 44.89589 ], [ 3.12513, 44.89713 ], [ 3.12536, 44.9 ], [ 3.12723, 44.90287 ], [ 3.12838, 44.90358 ], [ 3.13162, 44.90374 ], [ 3.13369, 44.90333 ], [ 3.1411, 44.90332 ], [ 3.14424, 44.90208 ], [ 3.14459, 44.89943 ], [ 3.14621, 44.89748 ], [ 3.14866, 44.89584 ], [ 3.15009, 44.89412 ], [ 3.15317, 44.89302 ], [ 3.15344, 44.89014 ], [ 3.15438, 44.88855 ], [ 3.15607, 44.88818 ], [ 3.15707, 44.88692 ], [ 3.16009, 44.88523 ], [ 3.1612, 44.8832 ], [ 3.16142, 44.8813 ], [ 3.16518, 44.87821 ], [ 3.16356, 44.87543 ], [ 3.16467, 44.87381 ], [ 3.16703, 44.87487 ], [ 3.16874, 44.87445 ], [ 3.16992, 44.87327 ], [ 3.17353, 44.87299 ], [ 3.17489, 44.87094 ], [ 3.17722, 44.8699 ], [ 3.18162, 44.86469 ], [ 3.18231, 44.86373 ], [ 3.18715, 44.86145 ], [ 3.18855, 44.86145 ], [ 3.19236, 44.86273 ], [ 3.19181, 44.86403 ], [ 3.19361, 44.86617 ], [ 3.19259, 44.86965 ], [ 3.19426, 44.87148 ], [ 3.19688, 44.87286 ], [ 3.19918, 44.87464 ], [ 3.2016, 44.87507 ], [ 3.20405, 44.87416 ], [ 3.20923, 44.87384 ], [ 3.21073, 44.87329 ], [ 3.21177, 44.87472 ], [ 3.21571, 44.87436 ], [ 3.21673, 44.87612 ], [ 3.22025, 44.8788 ], [ 3.22229, 44.87982 ], [ 3.22249, 44.88068 ], [ 3.22567, 44.88208 ], [ 3.22494, 44.88345 ], [ 3.22735, 44.88347 ], [ 3.22717, 44.88477 ], [ 3.2289, 44.8862 ], [ 3.23155, 44.88546 ], [ 3.23496, 44.88668 ], [ 3.23633, 44.88791 ], [ 3.23611, 44.88935 ], [ 3.23453, 44.88949 ], [ 3.23023, 44.8938 ], [ 3.22754, 44.89612 ], [ 3.22705, 44.89814 ], [ 3.22866, 44.9033 ], [ 3.22889, 44.90596 ], [ 3.22643, 44.90998 ], [ 3.22781, 44.90993 ], [ 3.23657, 44.91259 ], [ 3.23979, 44.9146 ], [ 3.2425, 44.91431 ], [ 3.24418, 44.91604 ], [ 3.24538, 44.91564 ], [ 3.24969, 44.91624 ], [ 3.24823, 44.91998 ], [ 3.24818, 44.9211 ], [ 3.2464, 44.92454 ], [ 3.24489, 44.92545 ], [ 3.24421, 44.92703 ], [ 3.24708, 44.92786 ], [ 3.24813, 44.92983 ], [ 3.24328, 44.93171 ], [ 3.24173, 44.9337 ], [ 3.24283, 44.93558 ], [ 3.24498, 44.93494 ], [ 3.24692, 44.93367 ], [ 3.25055, 44.93459 ], [ 3.25083, 44.93643 ], [ 3.24984, 44.93828 ], [ 3.24841, 44.93951 ], [ 3.25127, 44.94016 ], [ 3.25268, 44.94114 ], [ 3.25617, 44.9416 ], [ 3.25955, 44.94243 ], [ 3.26354, 44.94263 ], [ 3.26663, 44.94229 ], [ 3.26801, 44.94142 ], [ 3.26563, 44.93883 ], [ 3.26229, 44.93669 ], [ 3.26177, 44.93544 ], [ 3.26153, 44.93207 ], [ 3.26581, 44.93046 ], [ 3.27166, 44.9274 ], [ 3.27576, 44.92655 ], [ 3.27993, 44.92607 ], [ 3.28566, 44.92631 ], [ 3.28825, 44.92812 ], [ 3.28962, 44.92991 ], [ 3.29198, 44.9311 ], [ 3.29584, 44.93449 ], [ 3.29839, 44.93627 ], [ 3.29914, 44.93909 ], [ 3.30181, 44.94002 ], [ 3.30403, 44.93995 ], [ 3.30684, 44.94114 ], [ 3.30826, 44.93901 ], [ 3.31039, 44.93765 ], [ 3.31333, 44.93849 ], [ 3.31622, 44.94062 ], [ 3.31535, 44.94184 ], [ 3.31531, 44.94417 ], [ 3.32868, 44.95131 ], [ 3.32919, 44.95185 ], [ 3.33474, 44.95405 ], [ 3.33795, 44.95591 ], [ 3.34283, 44.95543 ], [ 3.34909, 44.95532 ], [ 3.35275, 44.95457 ], [ 3.35453, 44.95482 ], [ 3.35545, 44.9603 ], [ 3.36134, 44.97141 ], [ 3.36229, 44.97131 ], [ 3.37271, 44.97572 ], [ 3.37031, 44.96999 ], [ 3.37619, 44.96462 ], [ 3.37528, 44.96359 ], [ 3.37224, 44.96343 ], [ 3.37135, 44.96025 ], [ 3.37392, 44.95852 ], [ 3.38178, 44.95449 ], [ 3.38562, 44.9532 ], [ 3.38907, 44.95137 ], [ 3.39276, 44.95251 ], [ 3.39357, 44.95524 ], [ 3.39571, 44.95756 ], [ 3.39725, 44.95853 ], [ 3.39994, 44.95724 ], [ 3.40438, 44.95703 ], [ 3.40516, 44.95527 ], [ 3.40797, 44.95196 ], [ 3.4118, 44.94666 ], [ 3.41283, 44.94484 ], [ 3.41519, 44.94158 ], [ 3.41241, 44.93873 ], [ 3.41562, 44.93114 ], [ 3.41581, 44.92741 ], [ 3.41426, 44.92553 ], [ 3.41349, 44.92211 ], [ 3.41383, 44.91986 ], [ 3.41038, 44.91778 ], [ 3.41401, 44.91504 ], [ 3.41524, 44.91301 ], [ 3.41705, 44.91177 ], [ 3.4172, 44.91016 ], [ 3.41926, 44.90843 ], [ 3.417, 44.90625 ], [ 3.41926, 44.90524 ], [ 3.41798, 44.90077 ], [ 3.42045, 44.8951 ], [ 3.42706, 44.89047 ], [ 3.43571, 44.88024 ], [ 3.43777, 44.87253 ], [ 3.43862, 44.86082 ], [ 3.4418, 44.85423 ], [ 3.44379, 44.85299 ], [ 3.44683, 44.8499 ], [ 3.45039, 44.84712 ], [ 3.45131, 44.8454 ], [ 3.4542, 44.84456 ], [ 3.4556, 44.84468 ], [ 3.45885, 44.83993 ], [ 3.45841, 44.83614 ], [ 3.45761, 44.83454 ], [ 3.45535, 44.83177 ], [ 3.45599, 44.82916 ], [ 3.46167, 44.82883 ], [ 3.4647, 44.82794 ], [ 3.46469, 44.82727 ], [ 3.46771, 44.82395 ], [ 3.46897, 44.82354 ], [ 3.47409, 44.81651 ], [ 3.47757, 44.81355 ], [ 3.47824, 44.80968 ], [ 3.4819, 44.80807 ], [ 3.48704, 44.80644 ], [ 3.48907, 44.807 ], [ 3.49099, 44.80847 ], [ 3.49301, 44.81106 ], [ 3.49365, 44.8147 ], [ 3.49762, 44.81749 ], [ 3.49872, 44.81884 ], [ 3.50565, 44.82385 ], [ 3.50738, 44.82423 ], [ 3.51035, 44.82412 ], [ 3.51181, 44.82478 ], [ 3.52048, 44.82541 ], [ 3.53139, 44.82772 ], [ 3.53487, 44.82755 ], [ 3.53697, 44.82812 ], [ 3.54305, 44.82838 ], [ 3.5452, 44.82808 ], [ 3.55172, 44.82576 ], [ 3.56152, 44.82488 ], [ 3.5623, 44.82592 ], [ 3.56232, 44.8279 ], [ 3.56022, 44.83279 ], [ 3.56509, 44.83304 ], [ 3.56885, 44.83422 ], [ 3.57058, 44.83587 ], [ 3.57183, 44.83505 ], [ 3.57454, 44.83461 ], [ 3.57723, 44.82985 ], [ 3.57884, 44.82542 ], [ 3.58245, 44.82611 ], [ 3.58892, 44.8264 ], [ 3.5902, 44.82755 ], [ 3.58936, 44.83219 ], [ 3.588, 44.83401 ], [ 3.58663, 44.83812 ], [ 3.59, 44.8384 ], [ 3.5943, 44.8411 ], [ 3.59206, 44.8436 ], [ 3.59042, 44.84663 ], [ 3.59177, 44.84724 ], [ 3.59586, 44.85216 ], [ 3.5944, 44.85514 ], [ 3.5976, 44.85695 ], [ 3.59688, 44.85907 ], [ 3.59874, 44.85972 ], [ 3.59866, 44.86207 ], [ 3.5973, 44.8632 ], [ 3.59658, 44.86513 ], [ 3.59421, 44.86756 ], [ 3.59544, 44.86845 ], [ 3.59512, 44.87097 ], [ 3.59407, 44.87215 ], [ 3.59532, 44.8743 ], [ 3.59373, 44.87657 ], [ 3.59658, 44.87698 ], [ 3.59979, 44.87875 ], [ 3.60328, 44.87943 ], [ 3.60828, 44.87933 ], [ 3.60919, 44.8777 ], [ 3.61205, 44.87547 ], [ 3.61475, 44.87418 ], [ 3.61802, 44.87585 ], [ 3.62257, 44.87603 ], [ 3.62281, 44.87818 ], [ 3.62645, 44.88025 ], [ 3.63021, 44.88093 ], [ 3.63005, 44.8794 ], [ 3.63174, 44.87862 ], [ 3.63254, 44.87731 ], [ 3.63338, 44.87833 ], [ 3.63688, 44.87764 ], [ 3.6396, 44.8785 ], [ 3.64388, 44.87817 ], [ 3.6443, 44.87713 ], [ 3.64636, 44.87567 ], [ 3.64838, 44.87542 ], [ 3.65108, 44.87431 ], [ 3.65244, 44.87605 ], [ 3.65364, 44.87594 ], [ 3.65772, 44.87153 ], [ 3.65985, 44.87106 ], [ 3.65975, 44.86853 ], [ 3.66122, 44.86722 ], [ 3.66155, 44.86496 ], [ 3.66375, 44.86142 ], [ 3.66677, 44.85757 ], [ 3.67244, 44.85683 ], [ 3.67364, 44.85412 ], [ 3.67165, 44.85283 ], [ 3.67047, 44.85087 ], [ 3.67096, 44.84731 ], [ 3.67157, 44.84627 ], [ 3.67182, 44.84339 ], [ 3.66961, 44.84089 ], [ 3.66667, 44.83997 ], [ 3.66227, 44.83796 ], [ 3.65742, 44.83612 ], [ 3.65937, 44.8335 ], [ 3.66293, 44.83231 ], [ 3.66199, 44.83149 ], [ 3.66323, 44.82983 ], [ 3.66534, 44.83081 ], [ 3.66636, 44.82878 ], [ 3.66902, 44.82888 ], [ 3.67101, 44.83007 ], [ 3.67304, 44.83045 ], [ 3.68044, 44.8301 ], [ 3.68339, 44.82921 ], [ 3.6862, 44.83034 ], [ 3.68686, 44.83182 ], [ 3.68876, 44.83206 ], [ 3.69406, 44.83156 ], [ 3.69544, 44.83096 ], [ 3.69743, 44.83188 ], [ 3.69917, 44.83343 ], [ 3.69791, 44.83637 ], [ 3.70013, 44.83666 ], [ 3.70447, 44.83594 ], [ 3.70822, 44.83657 ], [ 3.71161, 44.83572 ], [ 3.71435, 44.83312 ], [ 3.71746, 44.8315 ], [ 3.72289, 44.83099 ], [ 3.72591, 44.83289 ], [ 3.7282, 44.83381 ], [ 3.73464, 44.83301 ], [ 3.73697, 44.83497 ], [ 3.73699, 44.83614 ], [ 3.73457, 44.83846 ], [ 3.73538, 44.84011 ], [ 3.738, 44.83887 ], [ 3.74255, 44.83895 ], [ 3.74444, 44.8378 ], [ 3.74521, 44.83634 ], [ 3.74663, 44.82945 ], [ 3.74915, 44.82851 ], [ 3.75155, 44.8284 ], [ 3.75139, 44.82507 ], [ 3.74979, 44.82405 ], [ 3.74994, 44.82288 ], [ 3.75156, 44.82137 ], [ 3.75507, 44.81994 ], [ 3.75589, 44.81705 ], [ 3.75983, 44.81605 ], [ 3.76174, 44.81373 ], [ 3.76138, 44.8119 ], [ 3.76304, 44.80981 ], [ 3.76238, 44.80882 ], [ 3.75878, 44.80652 ], [ 3.75877, 44.80558 ], [ 3.76063, 44.80452 ], [ 3.7612, 44.80186 ], [ 3.76238, 44.80067 ], [ 3.76414, 44.80038 ], [ 3.76661, 44.80306 ], [ 3.76871, 44.80384 ], [ 3.77141, 44.80318 ], [ 3.77175, 44.80173 ], [ 3.77394, 44.80044 ], [ 3.77338, 44.79892 ], [ 3.77168, 44.79881 ], [ 3.77126, 44.7972 ], [ 3.77307, 44.79627 ], [ 3.7753, 44.79656 ], [ 3.778, 44.79873 ], [ 3.779, 44.79817 ], [ 3.77989, 44.7956 ], [ 3.78285, 44.79538 ], [ 3.78716, 44.79366 ], [ 3.78763, 44.79231 ], [ 3.79014, 44.79115 ], [ 3.79392, 44.78831 ], [ 3.7971, 44.78643 ], [ 3.79853, 44.78609 ], [ 3.80101, 44.78332 ], [ 3.80323, 44.78158 ], [ 3.80229, 44.77916 ], [ 3.80339, 44.77735 ], [ 3.8049, 44.77247 ], [ 3.80333, 44.77042 ], [ 3.806, 44.768 ], [ 3.80854, 44.76665 ], [ 3.80927, 44.76516 ], [ 3.81214, 44.76603 ], [ 3.81233, 44.76878 ], [ 3.81585, 44.76827 ], [ 3.81811, 44.77014 ], [ 3.81772, 44.7719 ], [ 3.81937, 44.77256 ], [ 3.82351, 44.77399 ], [ 3.82534, 44.77387 ], [ 3.82872, 44.77454 ], [ 3.83154, 44.77668 ], [ 3.83356, 44.77647 ], [ 3.83512, 44.77339 ], [ 3.83752, 44.77331 ], [ 3.84185, 44.77212 ], [ 3.84319, 44.77022 ], [ 3.84287, 44.76766 ], [ 3.84113, 44.76598 ], [ 3.83725, 44.76004 ], [ 3.8345, 44.75882 ], [ 3.83293, 44.75677 ], [ 3.83046, 44.75616 ], [ 3.82982, 44.75479 ], [ 3.83428, 44.75273 ], [ 3.83619, 44.75109 ], [ 3.83543, 44.74804 ], [ 3.8397, 44.74708 ], [ 3.84218, 44.74576 ], [ 3.84334, 44.74678 ], [ 3.8473, 44.74528 ], [ 3.85005, 44.7465 ], [ 3.8518, 44.74598 ], [ 3.85527, 44.74625 ], [ 3.85935, 44.74539 ], [ 3.86009, 44.74458 ], [ 3.86253, 44.74386 ], [ 3.86395, 44.74303 ], [ 3.86573, 44.74339 ], [ 3.86805, 44.74204 ], [ 3.87306, 44.74067 ], [ 3.87546, 44.74063 ], [ 3.87752, 44.73745 ], [ 3.87698, 44.73579 ], [ 3.8782, 44.73231 ], [ 3.87484, 44.73155 ], [ 3.87488, 44.73078 ], [ 3.8712, 44.72985 ], [ 3.87059, 44.72822 ], [ 3.86686, 44.72842 ], [ 3.86632, 44.72657 ], [ 3.8623, 44.7201 ], [ 3.86196, 44.71889 ], [ 3.86464, 44.71795 ], [ 3.86285, 44.71479 ], [ 3.86274, 44.71317 ], [ 3.86151, 44.71202 ], [ 3.86187, 44.71057 ], [ 3.86458, 44.7104 ], [ 3.86798, 44.70837 ], [ 3.87084, 44.70865 ], [ 3.87256, 44.70723 ], [ 3.87234, 44.70561 ], [ 3.86806, 44.70387 ], [ 3.8672, 44.70227 ], [ 3.86943, 44.70084 ], [ 3.86997, 44.69958 ], [ 3.86867, 44.69833 ], [ 3.86965, 44.69696 ], [ 3.87416, 44.69601 ], [ 3.87618, 44.69594 ], [ 3.87804, 44.6969 ], [ 3.88211, 44.69793 ], [ 3.8843, 44.69758 ], [ 3.88456, 44.69343 ], [ 3.88331, 44.69138 ], [ 3.88108, 44.6902 ], [ 3.87893, 44.69009 ], [ 3.87667, 44.6885 ], [ 3.87741, 44.6871 ], [ 3.87691, 44.68534 ], [ 3.87389, 44.68306 ], [ 3.8729, 44.68149 ], [ 3.86954, 44.67825 ], [ 3.87099, 44.67579 ], [ 3.87386, 44.67476 ], [ 3.87765, 44.67503 ], [ 3.87882, 44.67393 ], [ 3.87878, 44.67209 ], [ 3.8778, 44.66846 ], [ 3.87982, 44.66632 ], [ 3.88283, 44.66591 ], [ 3.88383, 44.66514 ], [ 3.88356, 44.66231 ], [ 3.8826, 44.65935 ], [ 3.88288, 44.65768 ], [ 3.88491, 44.65586 ], [ 3.88739, 44.65686 ], [ 3.88967, 44.65691 ], [ 3.89158, 44.65526 ], [ 3.89277, 44.65273 ], [ 3.89421, 44.65235 ], [ 3.89478, 44.64996 ], [ 3.89507, 44.64667 ], [ 3.89705, 44.64548 ], [ 3.89769, 44.64348 ], [ 3.89577, 44.64229 ], [ 3.89358, 44.64052 ], [ 3.89591, 44.63775 ], [ 3.89396, 44.63332 ], [ 3.89474, 44.63182 ], [ 3.89322, 44.62941 ], [ 3.89272, 44.6273 ], [ 3.89261, 44.62303 ], [ 3.89431, 44.6158 ], [ 3.894, 44.6137 ], [ 3.89599, 44.61245 ], [ 3.89872, 44.61345 ], [ 3.9047, 44.61279 ], [ 3.9071, 44.61059 ], [ 3.90808, 44.6077 ], [ 3.90805, 44.60631 ], [ 3.90611, 44.6048 ], [ 3.90732, 44.60249 ], [ 3.90518, 44.60008 ], [ 3.905, 44.59838 ], [ 3.90371, 44.59746 ], [ 3.90616, 44.59485 ], [ 3.90517, 44.59271 ], [ 3.90654, 44.59237 ], [ 3.91104, 44.59114 ], [ 3.91493, 44.59064 ], [ 3.91604, 44.589 ], [ 3.91828, 44.58848 ], [ 3.91952, 44.58553 ], [ 3.91716, 44.58467 ], [ 3.91561, 44.58289 ], [ 3.91702, 44.57912 ], [ 3.91898, 44.57698 ], [ 3.92337, 44.57369 ], [ 3.92357, 44.57188 ], [ 3.92831, 44.57052 ], [ 3.93041, 44.56896 ], [ 3.93083, 44.57075 ], [ 3.93226, 44.57208 ], [ 3.93665, 44.57382 ], [ 3.93839, 44.57344 ], [ 3.94325, 44.57328 ], [ 3.94515, 44.57379 ], [ 3.94877, 44.57289 ], [ 3.94855, 44.57131 ], [ 3.95148, 44.57059 ], [ 3.95299, 44.56796 ], [ 3.95472, 44.56686 ], [ 3.95453, 44.56466 ], [ 3.95607, 44.56369 ], [ 3.95707, 44.56098 ], [ 3.95897, 44.55915 ], [ 3.95823, 44.557 ], [ 3.96069, 44.55503 ], [ 3.96091, 44.55381 ], [ 3.95971, 44.55139 ], [ 3.96178, 44.54907 ], [ 3.96148, 44.54732 ], [ 3.96265, 44.54591 ], [ 3.96247, 44.54438 ], [ 3.96593, 44.54006 ], [ 3.96569, 44.53768 ], [ 3.96607, 44.53578 ], [ 3.96923, 44.53381 ], [ 3.97003, 44.531 ], [ 3.97114, 44.53 ], [ 3.96966, 44.52889 ], [ 3.97195, 44.52786 ], [ 3.97104, 44.52662 ], [ 3.97271, 44.52587 ], [ 3.97623, 44.52317 ], [ 3.97916, 44.52246 ], [ 3.97953, 44.51988 ], [ 3.97876, 44.51758 ], [ 3.97685, 44.517 ], [ 3.97709, 44.51628 ], [ 3.98086, 44.51622 ], [ 3.98166, 44.51566 ], [ 3.98267, 44.5129 ], [ 3.98396, 44.51127 ], [ 3.98319, 44.50894 ], [ 3.98567, 44.50562 ], [ 3.9881, 44.50419 ], [ 3.98807, 44.50311 ], [ 3.98596, 44.502 ], [ 3.98654, 44.5002 ], [ 3.98846, 44.49963 ], [ 3.98805, 44.49824 ], [ 3.98588, 44.49711 ], [ 3.98707, 44.49526 ], [ 3.98442, 44.49405 ], [ 3.98689, 44.49092 ], [ 3.98514, 44.48856 ], [ 3.9871, 44.48696 ], [ 3.98502, 44.48484 ], [ 3.98468, 44.4834 ], [ 3.98708, 44.4817 ], [ 3.9869, 44.47968 ], [ 3.98585, 44.47816 ], [ 3.98765, 44.47278 ], [ 3.98863, 44.47177 ], [ 3.99222, 44.47005 ], [ 3.99258, 44.46699 ], [ 3.99552, 44.46673 ], [ 3.99692, 44.46606 ], [ 3.99744, 44.46305 ], [ 3.99737, 44.46049 ], [ 3.99816, 44.4598 ], [ 4.0021, 44.4592 ], [ 4.00435, 44.45651 ], [ 4.00736, 44.4561 ], [ 4.00907, 44.45666 ], [ 4.01102, 44.45452 ], [ 4.01449, 44.45471 ], [ 4.01508, 44.45348 ], [ 4.0144, 44.45164 ], [ 4.01487, 44.45055 ], [ 4.01763, 44.4507 ], [ 4.01899, 44.44987 ], [ 4.02151, 44.45014 ], [ 4.02113, 44.44741 ], [ 4.02321, 44.44558 ], [ 4.02661, 44.44574 ], [ 4.02882, 44.44639 ], [ 4.03222, 44.44629 ], [ 4.0348, 44.44427 ], [ 4.0371, 44.44595 ], [ 4.03948, 44.44353 ], [ 4.03964, 44.44263 ], [ 4.04192, 44.4407 ], [ 4.04243, 44.43686 ], [ 4.0451, 44.43539 ], [ 4.04646, 44.43271 ], [ 4.04518, 44.4299 ], [ 4.04192, 44.42792 ], [ 4.04269, 44.42637 ], [ 4.04072, 44.42555 ], [ 4.04045, 44.42448 ], [ 4.03794, 44.42263 ], [ 4.03549, 44.42009 ], [ 4.03634, 44.41918 ], [ 4.03969, 44.41805 ], [ 4.04291, 44.4185 ], [ 4.04655, 44.41844 ], [ 4.05157, 44.4163 ], [ 4.05422, 44.41473 ], [ 4.05721, 44.41378 ], [ 4.05899, 44.41209 ], [ 4.06123, 44.40908 ], [ 4.06403, 44.40827 ], [ 4.06579, 44.40649 ], [ 4.06844, 44.40506 ], [ 4.06677, 44.4013 ], [ 4.06394, 44.39905 ], [ 4.06268, 44.39866 ], [ 4.06453, 44.39456 ], [ 4.06285, 44.39499 ], [ 4.06096, 44.39415 ], [ 4.05872, 44.39427 ], [ 4.05634, 44.39259 ], [ 4.05301, 44.3944 ], [ 4.05304, 44.39543 ], [ 4.05035, 44.39615 ], [ 4.04815, 44.39591 ], [ 4.04783, 44.3975 ], [ 4.04428, 44.3944 ], [ 4.04247, 44.39464 ], [ 4.04137, 44.39353 ], [ 4.04048, 44.3913 ], [ 4.04375, 44.38455 ], [ 4.04617, 44.38361 ], [ 4.04657, 44.38248 ], [ 4.04865, 44.38052 ], [ 4.05298, 44.3787 ], [ 4.05164, 44.37723 ], [ 4.05197, 44.37564 ], [ 4.05079, 44.37436 ], [ 4.05311, 44.37014 ], [ 4.05322, 44.36708 ], [ 4.05521, 44.36629 ], [ 4.05579, 44.36497 ], [ 4.05757, 44.36346 ], [ 4.0572, 44.36135 ], [ 4.05576, 44.3597 ], [ 4.05368, 44.35878 ], [ 4.05406, 44.35491 ], [ 4.055, 44.35297 ], [ 4.05463, 44.35044 ], [ 4.05089, 44.34717 ], [ 4.05111, 44.34397 ], [ 4.05298, 44.34155 ], [ 4.05353, 44.33867 ], [ 4.05015, 44.33684 ], [ 4.0496, 44.33535 ], [ 4.04805, 44.33394 ], [ 4.04226, 44.33277 ], [ 4.04032, 44.3313 ], [ 4.03686, 44.33077 ], [ 4.03571, 44.32984 ], [ 4.03698, 44.32816 ], [ 4.03971, 44.32727 ], [ 4.04205, 44.32574 ], [ 4.04331, 44.32411 ], [ 4.0467, 44.32418 ], [ 4.04744, 44.32364 ], [ 4.046, 44.32168 ], [ 4.04935, 44.32145 ], [ 4.04806, 44.31895 ], [ 4.05145, 44.31732 ], [ 4.05401, 44.31872 ], [ 4.05863, 44.32023 ], [ 4.06014, 44.32017 ], [ 4.06099, 44.32181 ], [ 4.0634, 44.32254 ], [ 4.06448, 44.3236 ], [ 4.0695, 44.32515 ], [ 4.07162, 44.32678 ], [ 4.07185, 44.32872 ], [ 4.07503, 44.32998 ], [ 4.07825, 44.32867 ], [ 4.08327, 44.32894 ], [ 4.08514, 44.32852 ], [ 4.08653, 44.33075 ], [ 4.08835, 44.3309 ], [ 4.09097, 44.33009 ], [ 4.0933, 44.3305 ], [ 4.09379, 44.3345 ], [ 4.09643, 44.33474 ], [ 4.0986, 44.33362 ], [ 4.10279, 44.33351 ], [ 4.10386, 44.33391 ], [ 4.10942, 44.33084 ], [ 4.11337, 44.32903 ], [ 4.11576, 44.32687 ], [ 4.11699, 44.32789 ], [ 4.11671, 44.32951 ], [ 4.11944, 44.33285 ], [ 4.12201, 44.33438 ], [ 4.12413, 44.33643 ], [ 4.12675, 44.33773 ], [ 4.12772, 44.33672 ], [ 4.13005, 44.33683 ], [ 4.13172, 44.33604 ], [ 4.13254, 44.33224 ], [ 4.13508, 44.33103 ], [ 4.1345, 44.32865 ], [ 4.1403, 44.32788 ], [ 4.14241, 44.32291 ], [ 4.14114, 44.31774 ], [ 4.14287, 44.31335 ], [ 4.14481, 44.31337 ], [ 4.14799, 44.31246 ], [ 4.1484, 44.31339 ], [ 4.15869, 44.31219 ], [ 4.16497, 44.31215 ], [ 4.16847, 44.3138 ], [ 4.16953, 44.31572 ], [ 4.17475, 44.31816 ], [ 4.17799, 44.31774 ], [ 4.17872, 44.31499 ], [ 4.17778, 44.31284 ], [ 4.17937, 44.31182 ], [ 4.17999, 44.30943 ], [ 4.18288, 44.30579 ], [ 4.18271, 44.30412 ], [ 4.18353, 44.30267 ], [ 4.18658, 44.29974 ], [ 4.18936, 44.29838 ], [ 4.19652, 44.29669 ], [ 4.20415, 44.29413 ], [ 4.21129, 44.29209 ], [ 4.21525, 44.29067 ], [ 4.21638, 44.28903 ], [ 4.2257, 44.28222 ], [ 4.22603, 44.2806 ], [ 4.22844, 44.27988 ], [ 4.22958, 44.27793 ], [ 4.23405, 44.27506 ], [ 4.23504, 44.27418 ], [ 4.23979, 44.27208 ], [ 4.24147, 44.2698 ], [ 4.24598, 44.26797 ], [ 4.24924, 44.26607 ], [ 4.25373, 44.26559 ], [ 4.25522, 44.26498 ], [ 4.2589, 44.26442 ], [ 4.25856, 44.26591 ], [ 4.26078, 44.26678 ], [ 4.2638, 44.26898 ], [ 4.26697, 44.27005 ], [ 4.26905, 44.27006 ], [ 4.27194, 44.27122 ], [ 4.27792, 44.27522 ], [ 4.28017, 44.28077 ], [ 4.28004, 44.28248 ], [ 4.28154, 44.28444 ], [ 4.28383, 44.28557 ], [ 4.2844, 44.28745 ], [ 4.289, 44.29215 ], [ 4.28941, 44.29321 ], [ 4.29074, 44.30868 ], [ 4.28934, 44.30997 ], [ 4.28784, 44.31395 ], [ 4.28837, 44.31502 ], [ 4.29043, 44.31673 ], [ 4.29298, 44.31561 ], [ 4.29415, 44.31334 ], [ 4.29598, 44.31386 ], [ 4.30266, 44.31468 ], [ 4.30443, 44.31524 ], [ 4.30865, 44.3176 ], [ 4.31309, 44.31906 ], [ 4.31663, 44.32069 ], [ 4.32172, 44.32399 ], [ 4.32564, 44.33072 ], [ 4.32995, 44.33212 ], [ 4.33002, 44.33389 ], [ 4.32774, 44.33726 ], [ 4.32577, 44.33832 ], [ 4.33566, 44.33968 ], [ 4.33648, 44.33936 ], [ 4.3432, 44.33968 ], [ 4.34488, 44.33934 ], [ 4.35028, 44.33992 ], [ 4.35104, 44.33946 ], [ 4.36191, 44.34021 ], [ 4.36772, 44.33939 ], [ 4.37075, 44.34014 ], [ 4.37584, 44.34208 ], [ 4.37968, 44.34268 ], [ 4.38116, 44.34378 ], [ 4.38374, 44.34419 ], [ 4.3876, 44.34712 ], [ 4.3913, 44.34694 ], [ 4.39513, 44.34488 ], [ 4.396, 44.34334 ], [ 4.40172, 44.33586 ], [ 4.40326, 44.33358 ], [ 4.40274, 44.33128 ], [ 4.40145, 44.32817 ], [ 4.3941, 44.31042 ], [ 4.39079, 44.30305 ], [ 4.38959, 44.30109 ], [ 4.39006, 44.29996 ], [ 4.3929, 44.30058 ], [ 4.39411, 44.29961 ], [ 4.39237, 44.29808 ], [ 4.39365, 44.2972 ], [ 4.39331, 44.29459 ], [ 4.3934, 44.29364 ], [ 4.39538, 44.29086 ], [ 4.39897, 44.28954 ], [ 4.39979, 44.28795 ], [ 4.4014, 44.28765 ], [ 4.40407, 44.28882 ], [ 4.40793, 44.28794 ], [ 4.41306, 44.28762 ], [ 4.41814, 44.28788 ], [ 4.42011, 44.28709 ], [ 4.42673, 44.28782 ], [ 4.42943, 44.28993 ], [ 4.43311, 44.29113 ], [ 4.43142, 44.2876 ], [ 4.43371, 44.28662 ], [ 4.43351, 44.28459 ], [ 4.43465, 44.28326 ], [ 4.44042, 44.28342 ], [ 4.44201, 44.28556 ], [ 4.44544, 44.28711 ], [ 4.4464, 44.28921 ], [ 4.44725, 44.29352 ], [ 4.4521, 44.29654 ], [ 4.45321, 44.29787 ], [ 4.44842, 44.29661 ], [ 4.44927, 44.30491 ], [ 4.45004, 44.31958 ], [ 4.45107, 44.3341 ], [ 4.45201, 44.3375 ], [ 4.45422, 44.33963 ], [ 4.45762, 44.34163 ], [ 4.46476, 44.34167 ], [ 4.46578, 44.3404 ], [ 4.46716, 44.34028 ], [ 4.47244, 44.34208 ], [ 4.47494, 44.34202 ], [ 4.47571, 44.3408 ], [ 4.47923, 44.33745 ], [ 4.48153, 44.33691 ], [ 4.48598, 44.33854 ], [ 4.48875, 44.33908 ], [ 4.49426, 44.33842 ], [ 4.49902, 44.33825 ], [ 4.50286, 44.3389 ], [ 4.5036, 44.34005 ], [ 4.50226, 44.34301 ], [ 4.50368, 44.34419 ], [ 4.50563, 44.34402 ], [ 4.50676, 44.34266 ], [ 4.50641, 44.33842 ], [ 4.50689, 44.33738 ], [ 4.50873, 44.3364 ], [ 4.51201, 44.3354 ], [ 4.51317, 44.33407 ], [ 4.51152, 44.33175 ], [ 4.51197, 44.32895 ], [ 4.51275, 44.32809 ], [ 4.51551, 44.32839 ], [ 4.51828, 44.3301 ], [ 4.52288, 44.33042 ], [ 4.52479, 44.32947 ], [ 4.52913, 44.32489 ], [ 4.53224, 44.32267 ], [ 4.54144, 44.32394 ], [ 4.54403, 44.32583 ], [ 4.54624, 44.32645 ], [ 4.54879, 44.32572 ], [ 4.54911, 44.3245 ], [ 4.54775, 44.32287 ], [ 4.54557, 44.32224 ], [ 4.54447, 44.32077 ], [ 4.54731, 44.31815 ], [ 4.55184, 44.31199 ], [ 4.55221, 44.30995 ], [ 4.55694, 44.30414 ], [ 4.5587, 44.30244 ], [ 4.56124, 44.3014 ], [ 4.56758, 44.30025 ], [ 4.57, 44.29934 ], [ 4.575, 44.30087 ], [ 4.57725, 44.30037 ], [ 4.58119, 44.29719 ], [ 4.58698, 44.29459 ], [ 4.59312, 44.29403 ], [ 4.59653, 44.29198 ], [ 4.59898, 44.29175 ], [ 4.60199, 44.29196 ], [ 4.60547, 44.29104 ], [ 4.60929, 44.28917 ], [ 4.61089, 44.28688 ], [ 4.61223, 44.28613 ], [ 4.61381, 44.28003 ], [ 4.61663, 44.27799 ], [ 4.62883, 44.28401 ], [ 4.63174, 44.28494 ], [ 4.63493, 44.28482 ], [ 4.63806, 44.28297 ], [ 4.63982, 44.27999 ], [ 4.64123, 44.27439 ], [ 4.64343, 44.27295 ], [ 4.64579, 44.27069 ], [ 4.64922, 44.27036 ], [ 4.65097, 44.27436 ], [ 4.65135, 44.27712 ], [ 4.65109, 44.28288 ], [ 4.65139, 44.2867 ], [ 4.65291, 44.29097 ], [ 4.65318, 44.29481 ], [ 4.65367, 44.29728 ], [ 4.65347, 44.3021 ], [ 4.65165, 44.30681 ], [ 4.64983, 44.30958 ], [ 4.64932, 44.31156 ], [ 4.65133, 44.32258 ], [ 4.65156, 44.32694 ], [ 4.65062, 44.32981 ], [ 4.65902, 44.32688 ], [ 4.66953, 44.32284 ], [ 4.67132, 44.32366 ], [ 4.67143, 44.32478 ], [ 4.67528, 44.32399 ], [ 4.67903, 44.32049 ], [ 4.68692, 44.32033 ], [ 4.69552, 44.3207 ], [ 4.70161, 44.32052 ], [ 4.70781, 44.32071 ], [ 4.71302, 44.32065 ], [ 4.71251, 44.32386 ], [ 4.71381, 44.32557 ], [ 4.71885, 44.32573 ], [ 4.71795, 44.32689 ], [ 4.72166, 44.32659 ], [ 4.7247, 44.32633 ], [ 4.73344, 44.32617 ], [ 4.74168, 44.32537 ], [ 4.74289, 44.32551 ], [ 4.74932, 44.32507 ], [ 4.75543, 44.32539 ], [ 4.763, 44.3251 ], [ 4.76511, 44.32289 ], [ 4.76817, 44.3212 ], [ 4.76872, 44.31957 ], [ 4.77182, 44.31747 ], [ 4.77558, 44.31796 ], [ 4.77667, 44.31924 ], [ 4.77967, 44.31937 ], [ 4.78225, 44.3159 ], [ 4.78534, 44.31351 ], [ 4.78749, 44.31358 ], [ 4.7905, 44.30753 ], [ 4.79347, 44.30661 ], [ 4.79658, 44.3047 ], [ 4.79935, 44.30348 ], [ 4.80456, 44.3039 ], [ 4.80288, 44.2966 ], [ 4.80482, 44.29336 ], [ 4.80472, 44.28782 ], [ 4.80302, 44.28507 ], [ 4.8031, 44.27999 ], [ 4.8035, 44.27804 ], [ 4.80448, 44.27762 ], [ 4.80656, 44.2732 ], [ 4.804, 44.26921 ], [ 4.80979, 44.26372 ], [ 4.81267, 44.25772 ], [ 4.81234, 44.25582 ], [ 4.81308, 44.25271 ], [ 4.81208, 44.2512 ], [ 4.8136, 44.24712 ], [ 4.81214, 44.24205 ], [ 4.81325, 44.23731 ], [ 4.8141, 44.23231 ], [ 4.81548, 44.23188 ], [ 4.81738, 44.2297 ], [ 4.82126, 44.22899 ], [ 4.82555, 44.22857 ], [ 4.82665, 44.22833 ], [ 4.82769, 44.23047 ], [ 4.8295, 44.23043 ], [ 4.83231, 44.2319 ], [ 4.83771, 44.23646 ], [ 4.8408, 44.23567 ], [ 4.84148, 44.23953 ], [ 4.84351, 44.24178 ], [ 4.84622, 44.24077 ], [ 4.85474, 44.24522 ], [ 4.85709, 44.24598 ], [ 4.85696, 44.24774 ], [ 4.8587, 44.2486 ], [ 4.86407, 44.24952 ], [ 4.86595, 44.24957 ], [ 4.86628, 44.25295 ], [ 4.8674, 44.25575 ], [ 4.8705, 44.25635 ], [ 4.87523, 44.26004 ], [ 4.88025, 44.26177 ], [ 4.88501, 44.26171 ], [ 4.89038, 44.26271 ], [ 4.89615, 44.26443 ], [ 4.90128, 44.26428 ], [ 4.89994, 44.26223 ], [ 4.89701, 44.25973 ], [ 4.89574, 44.25769 ], [ 4.89927, 44.25685 ], [ 4.90109, 44.25977 ], [ 4.90192, 44.26017 ], [ 4.9129, 44.26064 ], [ 4.92227, 44.25984 ], [ 4.92308, 44.26113 ], [ 4.92841, 44.26267 ], [ 4.93291, 44.26215 ], [ 4.9377, 44.26626 ], [ 4.9427, 44.269 ], [ 4.95008, 44.27114 ], [ 4.95989, 44.27419 ], [ 4.96826, 44.27779 ], [ 4.97129, 44.27982 ], [ 4.97401, 44.28099 ], [ 4.97555, 44.28223 ], [ 4.97742, 44.28249 ], [ 4.98145, 44.28483 ], [ 4.98496, 44.28586 ], [ 4.98953, 44.28597 ], [ 4.99712, 44.28564 ], [ 4.99985, 44.28617 ], [ 5.00302, 44.28608 ], [ 5.00554, 44.28675 ], [ 5.01079, 44.29036 ], [ 5.01707, 44.29268 ], [ 5.02124, 44.2949 ], [ 5.02214, 44.29584 ], [ 5.02523, 44.29695 ], [ 5.0295, 44.29789 ], [ 5.04021, 44.30012 ], [ 5.04289, 44.30125 ], [ 5.04522, 44.30126 ], [ 5.04803, 44.30321 ], [ 5.04931, 44.30309 ], [ 5.05214, 44.30437 ], [ 5.05573, 44.3053 ], [ 5.06056, 44.30814 ], [ 5.06847, 44.29981 ], [ 5.06814, 44.29545 ], [ 5.07056, 44.28922 ], [ 5.07529, 44.28605 ], [ 5.07651, 44.28409 ], [ 5.0817, 44.28368 ], [ 5.08453, 44.28264 ], [ 5.08647, 44.28393 ], [ 5.09431, 44.2828 ], [ 5.09891, 44.28179 ], [ 5.10412, 44.27991 ], [ 5.10529, 44.27768 ], [ 5.10797, 44.27725 ], [ 5.10789, 44.2809 ], [ 5.11589, 44.28431 ], [ 5.11915, 44.28692 ], [ 5.12163, 44.288 ], [ 5.12373, 44.28834 ], [ 5.12764, 44.29001 ], [ 5.13177, 44.29279 ], [ 5.13751, 44.29472 ], [ 5.13996, 44.29623 ], [ 5.14268, 44.29694 ], [ 5.14687, 44.29921 ], [ 5.14995, 44.30193 ], [ 5.15178, 44.30221 ], [ 5.15477, 44.30187 ], [ 5.15485, 44.30353 ], [ 5.15395, 44.30589 ], [ 5.15063, 44.30962 ], [ 5.15466, 44.31119 ], [ 5.15642, 44.31142 ], [ 5.16007, 44.31285 ], [ 5.16643, 44.31486 ], [ 5.16884, 44.31413 ], [ 5.16992, 44.31315 ], [ 5.17089, 44.3098 ], [ 5.17314, 44.30951 ], [ 5.1737, 44.30837 ], [ 5.17252, 44.30565 ], [ 5.17035, 44.30391 ], [ 5.16929, 44.30128 ], [ 5.17011, 44.29873 ], [ 5.1686, 44.29599 ], [ 5.16887, 44.29359 ], [ 5.16811, 44.28992 ], [ 5.16163, 44.28908 ], [ 5.16116, 44.28739 ], [ 5.15871, 44.286 ], [ 5.1546, 44.28505 ], [ 5.15352, 44.28381 ], [ 5.14973, 44.28208 ], [ 5.14828, 44.27996 ], [ 5.14707, 44.27557 ], [ 5.14682, 44.2718 ], [ 5.14803, 44.27092 ], [ 5.14746, 44.26917 ], [ 5.14872, 44.26942 ], [ 5.15197, 44.26812 ], [ 5.15484, 44.2675 ], [ 5.16038, 44.26692 ], [ 5.16073, 44.26655 ], [ 5.15965, 44.2623 ], [ 5.16025, 44.25886 ], [ 5.15999, 44.25725 ], [ 5.16237, 44.25498 ], [ 5.16181, 44.25346 ], [ 5.16222, 44.25053 ], [ 5.16155, 44.24559 ], [ 5.15813, 44.24216 ], [ 5.15281, 44.23828 ], [ 5.15181, 44.23831 ], [ 5.14947, 44.2353 ], [ 5.15325, 44.23297 ], [ 5.1554, 44.2334 ], [ 5.1549, 44.23094 ], [ 5.15813, 44.22884 ], [ 5.16092, 44.22976 ], [ 5.16169, 44.22753 ], [ 5.16378, 44.22653 ], [ 5.16556, 44.22473 ], [ 5.16791, 44.2253 ], [ 5.17071, 44.22343 ], [ 5.17218, 44.22299 ], [ 5.17497, 44.22081 ], [ 5.17668, 44.22018 ], [ 5.17931, 44.22016 ], [ 5.18183, 44.21897 ], [ 5.18248, 44.21977 ], [ 5.18482, 44.2188 ], [ 5.18871, 44.22028 ], [ 5.19152, 44.21878 ], [ 5.19265, 44.21901 ], [ 5.19836, 44.21667 ], [ 5.20206, 44.21662 ], [ 5.20673, 44.21376 ], [ 5.20919, 44.21387 ], [ 5.21301, 44.21504 ], [ 5.21614, 44.21505 ], [ 5.22213, 44.21341 ], [ 5.22318, 44.2146 ], [ 5.22684, 44.21497 ], [ 5.22851, 44.21231 ], [ 5.23082, 44.21193 ], [ 5.2339, 44.21343 ], [ 5.23593, 44.2128 ], [ 5.23815, 44.21323 ], [ 5.2392, 44.22055 ], [ 5.24045, 44.23083 ], [ 5.24683, 44.23071 ], [ 5.24854, 44.23111 ], [ 5.2523, 44.23121 ], [ 5.25651, 44.23006 ], [ 5.25893, 44.22864 ], [ 5.26203, 44.22784 ], [ 5.26569, 44.22609 ], [ 5.26855, 44.22544 ], [ 5.27755, 44.22019 ], [ 5.28067, 44.2198 ], [ 5.28306, 44.2188 ], [ 5.28506, 44.2173 ], [ 5.29225, 44.21447 ], [ 5.29471, 44.21251 ], [ 5.29683, 44.20984 ], [ 5.2976, 44.20793 ], [ 5.3033, 44.20539 ], [ 5.30379, 44.20646 ], [ 5.30253, 44.20856 ], [ 5.30334, 44.2099 ], [ 5.30679, 44.20881 ], [ 5.30989, 44.20918 ], [ 5.31282, 44.20816 ], [ 5.31575, 44.20862 ], [ 5.31831, 44.20987 ], [ 5.32532, 44.2073 ], [ 5.33012, 44.20466 ], [ 5.33197, 44.20392 ], [ 5.33683, 44.20353 ], [ 5.33668, 44.20435 ], [ 5.34168, 44.2066 ], [ 5.34436, 44.20886 ], [ 5.34797, 44.21058 ], [ 5.35145, 44.21166 ], [ 5.35535, 44.21456 ], [ 5.35991, 44.21175 ], [ 5.36563, 44.2097 ], [ 5.37432, 44.20573 ], [ 5.37667, 44.20513 ], [ 5.379, 44.20422 ], [ 5.38011, 44.20302 ], [ 5.38453, 44.20118 ], [ 5.38319, 44.19906 ], [ 5.38108, 44.19592 ], [ 5.38149, 44.19168 ], [ 5.38533, 44.18743 ], [ 5.3863, 44.18565 ], [ 5.38666, 44.18168 ], [ 5.38648, 44.17691 ], [ 5.38366, 44.17293 ], [ 5.3846, 44.16596 ], [ 5.38331, 44.16375 ], [ 5.38276, 44.16048 ], [ 5.38339, 44.15699 ], [ 5.38324, 44.15528 ], [ 5.38582, 44.15558 ], [ 5.38805, 44.1539 ], [ 5.39053, 44.15342 ], [ 5.39247, 44.15225 ], [ 5.39661, 44.15196 ], [ 5.40055, 44.15257 ], [ 5.40121, 44.15309 ], [ 5.40567, 44.15347 ], [ 5.40853, 44.15308 ], [ 5.41282, 44.15485 ], [ 5.41677, 44.15511 ], [ 5.42166, 44.15083 ], [ 5.42391, 44.14929 ], [ 5.42839, 44.14912 ], [ 5.42993, 44.15087 ], [ 5.43244, 44.15221 ], [ 5.43576, 44.15225 ], [ 5.43567, 44.15085 ], [ 5.43766, 44.14923 ], [ 5.4366, 44.148 ], [ 5.4374, 44.14685 ], [ 5.43754, 44.14455 ], [ 5.43656, 44.13998 ], [ 5.43919, 44.13793 ], [ 5.44302, 44.13827 ], [ 5.44442, 44.13733 ], [ 5.44757, 44.13675 ], [ 5.44728, 44.136 ], [ 5.44978, 44.12877 ], [ 5.44873, 44.12564 ], [ 5.45058, 44.12154 ], [ 5.4542, 44.12005 ], [ 5.45472, 44.11923 ], [ 5.46123, 44.11814 ], [ 5.46524, 44.11844 ], [ 5.47394, 44.11852 ], [ 5.48259, 44.11779 ], [ 5.48449, 44.1171 ], [ 5.49471, 44.11538 ], [ 5.49879, 44.11572 ], [ 5.50261, 44.11565 ], [ 5.50482, 44.11627 ], [ 5.5087, 44.1185 ], [ 5.51125, 44.12186 ], [ 5.51106, 44.12411 ], [ 5.51843, 44.12634 ], [ 5.52157, 44.12665 ], [ 5.52387, 44.12754 ], [ 5.52766, 44.12824 ], [ 5.52996, 44.12917 ], [ 5.53452, 44.13026 ], [ 5.53779, 44.13174 ], [ 5.5414, 44.13263 ], [ 5.54279, 44.13399 ], [ 5.54399, 44.13639 ], [ 5.55006, 44.14577 ], [ 5.55133, 44.14979 ], [ 5.55605, 44.14916 ], [ 5.56882, 44.14803 ], [ 5.56951, 44.1481 ], [ 5.57776, 44.15147 ], [ 5.57873, 44.15208 ], [ 5.58298, 44.15762 ], [ 5.57796, 44.15988 ], [ 5.57325, 44.16281 ], [ 5.56923, 44.16698 ], [ 5.56735, 44.16928 ], [ 5.56437, 44.1709 ], [ 5.56838, 44.17999 ], [ 5.57032, 44.18012 ], [ 5.57282, 44.18173 ], [ 5.57535, 44.18504 ], [ 5.57462, 44.18683 ], [ 5.57619, 44.18804 ], [ 5.58188, 44.18874 ], [ 5.58369, 44.18868 ], [ 5.58742, 44.18736 ], [ 5.59099, 44.18716 ], [ 5.59621, 44.18765 ], [ 5.60043, 44.18933 ], [ 5.60205, 44.19149 ], [ 5.60933, 44.19071 ], [ 5.60959, 44.1875 ], [ 5.61146, 44.18613 ], [ 5.6132, 44.18604 ], [ 5.61414, 44.18381 ], [ 5.61596, 44.18254 ], [ 5.61633, 44.18033 ], [ 5.61613, 44.1778 ], [ 5.62061, 44.17727 ], [ 5.62312, 44.17634 ], [ 5.62629, 44.17594 ], [ 5.6287, 44.17451 ], [ 5.63198, 44.17369 ], [ 5.63209, 44.17108 ], [ 5.63359, 44.16978 ], [ 5.63616, 44.16998 ], [ 5.63959, 44.16759 ], [ 5.63894, 44.16476 ], [ 5.63722, 44.16234 ], [ 5.63171, 44.15858 ], [ 5.63222, 44.15217 ], [ 5.63114, 44.15058 ], [ 5.63569, 44.15026 ], [ 5.63967, 44.14949 ], [ 5.64314, 44.14918 ], [ 5.64518, 44.1486 ], [ 5.64677, 44.14812 ], [ 5.65335, 44.14819 ], [ 5.65522, 44.14756 ], [ 5.65771, 44.14753 ], [ 5.66347, 44.14826 ], [ 5.66738, 44.14911 ], [ 5.66988, 44.14827 ], [ 5.67554, 44.14707 ], [ 5.67861, 44.14609 ], [ 5.67786, 44.14949 ], [ 5.67899, 44.15162 ], [ 5.67919, 44.15535 ], [ 5.68273, 44.16349 ], [ 5.67535, 44.16478 ], [ 5.67264, 44.16451 ], [ 5.66975, 44.16549 ], [ 5.66263, 44.16687 ], [ 5.6517, 44.16705 ], [ 5.64697, 44.16629 ], [ 5.64571, 44.16835 ], [ 5.64386, 44.1689 ], [ 5.64327, 44.17072 ], [ 5.64378, 44.17309 ], [ 5.64535, 44.17453 ], [ 5.64778, 44.17518 ], [ 5.64722, 44.17669 ], [ 5.64796, 44.17968 ], [ 5.6523, 44.18541 ], [ 5.65159, 44.18958 ], [ 5.65794, 44.18898 ], [ 5.66066, 44.1898 ], [ 5.66863, 44.18985 ], [ 5.67223, 44.18955 ], [ 5.67501, 44.1888 ], [ 5.67604, 44.19143 ], [ 5.67943, 44.19178 ], [ 5.6845, 44.19276 ], [ 5.68642, 44.19464 ], [ 5.68645, 44.19716 ], [ 5.68336, 44.20022 ], [ 5.6831, 44.20352 ], [ 5.68236, 44.2048 ], [ 5.67892, 44.20801 ], [ 5.67879, 44.20909 ], [ 5.67685, 44.21027 ], [ 5.67602, 44.21215 ], [ 5.67665, 44.21338 ], [ 5.67751, 44.21728 ], [ 5.67726, 44.21976 ], [ 5.67921, 44.22093 ], [ 5.68069, 44.22503 ], [ 5.68058, 44.22742 ], [ 5.67945, 44.2288 ], [ 5.68113, 44.23069 ], [ 5.68131, 44.23289 ], [ 5.68241, 44.2343 ], [ 5.67763, 44.23629 ], [ 5.67515, 44.23789 ], [ 5.673, 44.23984 ], [ 5.67544, 44.24405 ], [ 5.6742, 44.24549 ], [ 5.67264, 44.24567 ], [ 5.67342, 44.24821 ], [ 5.67468, 44.24962 ], [ 5.67388, 44.25324 ], [ 5.67419, 44.25639 ], [ 5.67561, 44.25829 ], [ 5.67739, 44.25863 ], [ 5.67986, 44.26126 ], [ 5.68454, 44.2632 ], [ 5.68559, 44.26393 ], [ 5.68665, 44.26606 ], [ 5.68657, 44.26692 ], [ 5.68377, 44.26944 ], [ 5.6804, 44.27192 ], [ 5.67561, 44.27589 ], [ 5.67252, 44.27436 ], [ 5.65933, 44.27199 ], [ 5.65759, 44.27236 ], [ 5.6517, 44.26875 ], [ 5.64678, 44.26709 ], [ 5.64558, 44.26924 ], [ 5.64751, 44.27248 ], [ 5.64524, 44.27443 ], [ 5.64257, 44.27604 ], [ 5.63864, 44.2775 ], [ 5.63327, 44.28212 ], [ 5.63211, 44.2839 ], [ 5.63177, 44.28689 ], [ 5.63299, 44.29045 ], [ 5.63672, 44.29242 ], [ 5.63972, 44.29336 ], [ 5.643, 44.29381 ], [ 5.64194, 44.29502 ], [ 5.6396, 44.29567 ], [ 5.63821, 44.299 ], [ 5.63625, 44.30077 ], [ 5.6338, 44.30088 ], [ 5.62705, 44.30108 ], [ 5.62466, 44.30331 ], [ 5.62307, 44.30407 ], [ 5.62074, 44.30617 ], [ 5.61977, 44.30786 ], [ 5.61615, 44.30944 ], [ 5.61392, 44.30879 ], [ 5.6119, 44.30746 ], [ 5.60832, 44.30612 ], [ 5.60808, 44.30851 ], [ 5.61102, 44.31059 ], [ 5.61059, 44.31321 ], [ 5.61107, 44.31594 ], [ 5.61605, 44.31657 ], [ 5.61835, 44.31831 ], [ 5.62345, 44.32329 ], [ 5.62447, 44.32363 ], [ 5.62872, 44.32782 ], [ 5.63257, 44.32835 ], [ 5.63104, 44.33109 ], [ 5.63082, 44.33299 ], [ 5.62692, 44.33476 ], [ 5.6238, 44.33522 ], [ 5.62349, 44.33384 ], [ 5.61777, 44.3323 ], [ 5.61315, 44.33291 ], [ 5.61085, 44.33243 ], [ 5.60618, 44.33263 ], [ 5.60397, 44.33421 ], [ 5.59879, 44.33307 ], [ 5.59531, 44.33176 ], [ 5.59199, 44.33227 ], [ 5.59125, 44.33321 ], [ 5.58792, 44.33211 ], [ 5.58491, 44.33211 ], [ 5.58322, 44.33248 ], [ 5.57434, 44.33227 ], [ 5.57386, 44.33394 ], [ 5.57131, 44.33347 ], [ 5.56803, 44.33217 ], [ 5.56476, 44.33415 ], [ 5.56051, 44.33557 ], [ 5.55754, 44.33318 ], [ 5.55602, 44.3329 ], [ 5.55559, 44.3317 ], [ 5.55313, 44.33164 ], [ 5.55214, 44.33082 ], [ 5.54727, 44.33 ], [ 5.54457, 44.33136 ], [ 5.541, 44.33115 ], [ 5.53737, 44.33353 ], [ 5.53878, 44.33674 ], [ 5.53986, 44.34264 ], [ 5.5373, 44.34261 ], [ 5.53306, 44.34328 ], [ 5.53109, 44.34275 ], [ 5.52896, 44.34303 ], [ 5.52275, 44.34775 ], [ 5.52137, 44.35108 ], [ 5.51049, 44.34607 ], [ 5.50868, 44.34616 ], [ 5.50445, 44.34443 ], [ 5.50229, 44.34408 ], [ 5.49959, 44.34192 ], [ 5.49803, 44.33971 ], [ 5.49368, 44.33793 ], [ 5.49294, 44.33714 ], [ 5.49129, 44.33786 ], [ 5.49057, 44.33963 ], [ 5.4892, 44.33998 ], [ 5.48792, 44.3416 ], [ 5.48401, 44.34486 ], [ 5.48218, 44.34729 ], [ 5.48246, 44.34981 ], [ 5.47989, 44.35119 ], [ 5.47517, 44.35154 ], [ 5.47126, 44.35045 ], [ 5.46903, 44.35158 ], [ 5.46786, 44.35216 ], [ 5.46687, 44.35454 ], [ 5.46676, 44.35646 ], [ 5.46726, 44.36045 ], [ 5.46574, 44.36486 ], [ 5.46278, 44.36724 ], [ 5.46066, 44.36832 ], [ 5.45882, 44.36851 ], [ 5.45199, 44.36743 ], [ 5.44882, 44.36905 ], [ 5.4451, 44.36848 ], [ 5.44392, 44.36775 ], [ 5.43999, 44.3683 ], [ 5.43832, 44.3674 ], [ 5.43495, 44.36912 ], [ 5.43439, 44.37021 ], [ 5.43191, 44.37099 ], [ 5.43173, 44.37348 ], [ 5.43023, 44.37501 ], [ 5.43022, 44.37699 ], [ 5.43376, 44.37648 ], [ 5.4366, 44.37785 ], [ 5.43873, 44.37753 ], [ 5.44144, 44.37776 ], [ 5.44415, 44.37945 ], [ 5.44314, 44.38046 ], [ 5.44088, 44.38409 ], [ 5.44079, 44.38791 ], [ 5.44303, 44.39124 ], [ 5.43638, 44.40226 ], [ 5.43526, 44.40631 ], [ 5.43428, 44.40781 ], [ 5.43415, 44.41011 ], [ 5.43123, 44.41425 ], [ 5.42853, 44.4155 ], [ 5.42632, 44.41533 ], [ 5.42295, 44.41577 ], [ 5.42217, 44.419 ], [ 5.4184, 44.42477 ], [ 5.42301, 44.4277 ], [ 5.42789, 44.42978 ], [ 5.43007, 44.4317 ], [ 5.43418, 44.43344 ], [ 5.43858, 44.43355 ], [ 5.4425, 44.43306 ], [ 5.44685, 44.43175 ], [ 5.44971, 44.43122 ], [ 5.45341, 44.42977 ], [ 5.45524, 44.42859 ], [ 5.45878, 44.42769 ], [ 5.46015, 44.42661 ], [ 5.46291, 44.42654 ], [ 5.46675, 44.42409 ], [ 5.47044, 44.42287 ], [ 5.47285, 44.42039 ], [ 5.47649, 44.41972 ], [ 5.48323, 44.42432 ], [ 5.48311, 44.4259 ], [ 5.48463, 44.42833 ], [ 5.48604, 44.42897 ], [ 5.48656, 44.42931 ], [ 5.49233, 44.42889 ], [ 5.49362, 44.42822 ], [ 5.4983, 44.43732 ], [ 5.49772, 44.43815 ], [ 5.49358, 44.43934 ], [ 5.48766, 44.44019 ], [ 5.48546, 44.44178 ], [ 5.48113, 44.44168 ], [ 5.47403, 44.44416 ], [ 5.47326, 44.44509 ], [ 5.47066, 44.4456 ], [ 5.46443, 44.44789 ], [ 5.46468, 44.4504 ], [ 5.46384, 44.45205 ], [ 5.46444, 44.45532 ], [ 5.46405, 44.45736 ], [ 5.4609, 44.45974 ], [ 5.46105, 44.46366 ], [ 5.45873, 44.46614 ], [ 5.45941, 44.46698 ], [ 5.459, 44.46903 ], [ 5.46153, 44.4704 ], [ 5.46742, 44.47222 ], [ 5.46773, 44.47333 ], [ 5.46627, 44.47558 ], [ 5.46543, 44.48006 ], [ 5.46279, 44.48108 ], [ 5.46116, 44.48351 ], [ 5.46047, 44.48591 ], [ 5.45891, 44.48852 ], [ 5.45886, 44.4901 ], [ 5.45756, 44.49509 ], [ 5.45693, 44.49624 ], [ 5.45841, 44.49939 ], [ 5.46149, 44.4993 ], [ 5.46426, 44.50053 ], [ 5.47085, 44.5 ], [ 5.47203, 44.49852 ], [ 5.47359, 44.49857 ], [ 5.47427, 44.4972 ], [ 5.47427, 44.49454 ], [ 5.47988, 44.49124 ], [ 5.48723, 44.49117 ], [ 5.49245, 44.49134 ], [ 5.49516, 44.49105 ], [ 5.49671, 44.49168 ], [ 5.50627, 44.49204 ], [ 5.51103, 44.49151 ], [ 5.51227, 44.49106 ], [ 5.51609, 44.49173 ], [ 5.51692, 44.49103 ], [ 5.51972, 44.49059 ], [ 5.523, 44.4883 ], [ 5.5259, 44.48844 ], [ 5.53135, 44.4855 ], [ 5.53608, 44.48478 ], [ 5.54526, 44.4825 ], [ 5.55111, 44.47909 ], [ 5.55522, 44.47696 ], [ 5.55672, 44.47574 ], [ 5.55878, 44.47307 ], [ 5.56139, 44.47466 ], [ 5.56469, 44.47525 ], [ 5.5703, 44.47676 ], [ 5.5757, 44.47326 ], [ 5.5792, 44.47169 ], [ 5.58452, 44.46991 ], [ 5.58942, 44.46874 ], [ 5.59508, 44.46651 ], [ 5.5983, 44.46645 ], [ 5.60364, 44.4655 ], [ 5.6063, 44.46795 ], [ 5.60915, 44.46841 ], [ 5.61174, 44.4696 ], [ 5.61631, 44.47271 ], [ 5.61813, 44.47481 ], [ 5.62105, 44.48212 ], [ 5.62502, 44.48457 ], [ 5.62497, 44.48704 ], [ 5.62353, 44.48947 ], [ 5.62471, 44.49236 ], [ 5.62502, 44.4948 ], [ 5.62636, 44.49809 ], [ 5.62979, 44.50119 ], [ 5.63375, 44.50228 ], [ 5.63564, 44.50237 ], [ 5.63931, 44.50167 ], [ 5.6413, 44.50234 ], [ 5.64443, 44.5018 ], [ 5.65007, 44.49916 ], [ 5.65197, 44.49956 ], [ 5.65696, 44.50202 ], [ 5.6611, 44.50187 ], [ 5.66247, 44.50138 ], [ 5.6645, 44.50189 ], [ 5.66293, 44.50527 ], [ 5.65999, 44.50779 ], [ 5.65828, 44.50983 ], [ 5.65314, 44.51483 ], [ 5.64786, 44.51866 ], [ 5.6471, 44.51959 ], [ 5.64302, 44.52179 ], [ 5.63621, 44.52704 ], [ 5.62737, 44.53458 ], [ 5.62458, 44.53552 ], [ 5.62187, 44.53528 ], [ 5.61499, 44.53278 ], [ 5.61198, 44.53606 ], [ 5.60812, 44.53805 ], [ 5.60472, 44.54067 ], [ 5.59725, 44.54327 ], [ 5.59823, 44.54603 ], [ 5.59815, 44.54915 ], [ 5.59987, 44.55298 ], [ 5.60026, 44.55534 ], [ 5.60217, 44.55683 ], [ 5.60267, 44.5592 ], [ 5.6047, 44.56396 ], [ 5.60609, 44.56513 ], [ 5.60649, 44.56665 ], [ 5.60715, 44.56834 ], [ 5.60905, 44.57082 ], [ 5.61285, 44.57124 ], [ 5.61536, 44.57325 ], [ 5.61592, 44.57539 ], [ 5.6159, 44.57939 ], [ 5.61785, 44.5839 ], [ 5.62014, 44.58436 ], [ 5.62199, 44.5859 ], [ 5.62502, 44.58585 ], [ 5.62632, 44.58662 ], [ 5.62679, 44.58841 ], [ 5.62573, 44.58957 ], [ 5.62751, 44.59105 ], [ 5.62748, 44.59496 ], [ 5.62909, 44.59541 ], [ 5.63139, 44.59751 ], [ 5.63204, 44.59984 ], [ 5.63491, 44.60165 ], [ 5.63659, 44.60461 ], [ 5.63533, 44.60915 ], [ 5.64133, 44.60957 ], [ 5.64193, 44.60999 ], [ 5.64619, 44.60938 ], [ 5.64719, 44.61156 ], [ 5.64784, 44.61519 ], [ 5.64971, 44.61828 ], [ 5.64946, 44.61937 ], [ 5.64618, 44.62141 ], [ 5.64306, 44.62217 ], [ 5.6429, 44.62605 ], [ 5.64123, 44.62786 ], [ 5.64162, 44.63118 ], [ 5.63921, 44.63552 ], [ 5.64158, 44.63856 ], [ 5.6413, 44.64253 ], [ 5.64034, 44.64436 ], [ 5.64022, 44.64793 ], [ 5.64172, 44.65107 ], [ 5.64493, 44.65216 ], [ 5.64803, 44.65225 ], [ 5.65006, 44.65354 ], [ 5.65155, 44.65521 ], [ 5.65446, 44.65539 ], [ 5.65633, 44.65372 ], [ 5.6555, 44.65149 ], [ 5.6583, 44.65079 ], [ 5.66145, 44.65074 ], [ 5.66481, 44.64984 ], [ 5.66844, 44.64837 ], [ 5.67135, 44.64969 ], [ 5.67996, 44.65223 ], [ 5.68372, 44.65073 ], [ 5.68655, 44.64844 ], [ 5.68964, 44.64726 ], [ 5.69556, 44.64596 ], [ 5.7014, 44.64539 ], [ 5.70377, 44.64491 ], [ 5.70542, 44.64396 ], [ 5.70688, 44.64208 ], [ 5.71003, 44.64302 ], [ 5.7146, 44.64365 ], [ 5.71544, 44.64269 ], [ 5.71903, 44.6405 ], [ 5.72107, 44.63973 ], [ 5.72804, 44.6392 ], [ 5.73486, 44.64044 ], [ 5.73865, 44.64064 ], [ 5.73639, 44.64305 ], [ 5.73477, 44.64648 ], [ 5.73679, 44.64975 ], [ 5.73951, 44.64891 ], [ 5.7428, 44.64904 ], [ 5.7433, 44.64767 ], [ 5.74908, 44.64849 ], [ 5.75356, 44.64858 ], [ 5.75296, 44.65008 ], [ 5.75044, 44.65133 ], [ 5.74748, 44.65471 ], [ 5.75009, 44.6563 ], [ 5.75035, 44.65958 ], [ 5.75158, 44.66111 ], [ 5.7535, 44.66061 ], [ 5.75394, 44.66271 ], [ 5.75502, 44.66286 ], [ 5.75688, 44.6611 ], [ 5.76109, 44.65876 ], [ 5.76381, 44.65557 ], [ 5.76793, 44.65487 ], [ 5.76977, 44.65499 ], [ 5.77254, 44.65357 ], [ 5.77665, 44.6538 ], [ 5.78048, 44.65264 ], [ 5.78247, 44.65317 ], [ 5.79062, 44.65329 ], [ 5.79234, 44.65567 ], [ 5.79143, 44.65862 ], [ 5.79252, 44.66084 ], [ 5.79508, 44.66145 ], [ 5.79784, 44.66325 ], [ 5.80039, 44.66934 ], [ 5.80027, 44.6715 ], [ 5.79929, 44.67275 ], [ 5.79942, 44.67415 ], [ 5.80119, 44.67517 ], [ 5.80647, 44.67718 ], [ 5.80755, 44.67724 ], [ 5.81125, 44.67874 ], [ 5.81504, 44.68116 ], [ 5.81769, 44.68207 ], [ 5.8211, 44.68425 ], [ 5.8258, 44.68569 ], [ 5.82969, 44.68868 ], [ 5.83044, 44.69055 ], [ 5.82716, 44.69645 ], [ 5.82712, 44.70029 ], [ 5.82541, 44.70147 ], [ 5.82036, 44.70364 ], [ 5.81496, 44.70327 ], [ 5.81133, 44.70567 ], [ 5.80804, 44.7055 ], [ 5.80387, 44.70585 ], [ 5.80147, 44.70678 ], [ 5.80125, 44.70828 ], [ 5.80319, 44.71034 ], [ 5.80746, 44.71191 ], [ 5.81117, 44.71275 ], [ 5.81166, 44.71575 ], [ 5.81116, 44.71789 ], [ 5.81495, 44.7211 ], [ 5.81486, 44.72274 ], [ 5.81657, 44.72713 ], [ 5.81816, 44.72938 ], [ 5.81768, 44.73097 ], [ 5.82142, 44.73324 ], [ 5.8227, 44.73559 ], [ 5.82542, 44.73673 ], [ 5.82743, 44.73982 ], [ 5.82931, 44.74161 ], [ 5.82963, 44.74367 ], [ 5.8278, 44.74504 ], [ 5.82746, 44.74761 ], [ 5.82845, 44.75046 ], [ 5.82746, 44.75185 ], [ 5.82647, 44.75651 ], [ 5.82709, 44.75969 ], [ 5.83569, 44.75746 ], [ 5.83843, 44.75782 ], [ 5.84095, 44.75675 ], [ 5.84464, 44.75286 ], [ 5.84679, 44.75162 ], [ 5.85084, 44.75078 ], [ 5.85188, 44.75128 ], [ 5.85608, 44.75084 ], [ 5.86068, 44.75146 ], [ 5.86669, 44.75164 ], [ 5.86832, 44.75029 ], [ 5.87164, 44.74978 ], [ 5.8712, 44.74894 ], [ 5.87395, 44.74845 ], [ 5.87546, 44.7493 ], [ 5.87889, 44.74834 ], [ 5.8795, 44.74702 ], [ 5.88181, 44.74663 ], [ 5.88546, 44.74729 ], [ 5.88883, 44.7488 ], [ 5.88942, 44.75239 ], [ 5.89227, 44.75572 ], [ 5.89463, 44.7548 ], [ 5.89714, 44.75675 ], [ 5.90015, 44.75832 ], [ 5.90564, 44.75828 ], [ 5.91086, 44.75771 ], [ 5.91661, 44.75353 ], [ 5.9173, 44.75229 ], [ 5.91901, 44.75143 ], [ 5.92067, 44.75169 ], [ 5.92221, 44.75408 ], [ 5.92408, 44.75555 ], [ 5.92484, 44.75692 ], [ 5.92682, 44.75714 ], [ 5.93026, 44.75873 ], [ 5.93108, 44.75962 ], [ 5.93366, 44.75944 ], [ 5.93622, 44.7599 ], [ 5.93817, 44.76268 ], [ 5.93727, 44.76361 ], [ 5.94539, 44.76192 ], [ 5.95112, 44.75962 ], [ 5.95247, 44.76214 ], [ 5.9525, 44.76758 ], [ 5.95184, 44.7695 ], [ 5.95316, 44.77131 ], [ 5.9574, 44.77326 ], [ 5.97186, 44.77806 ], [ 5.98027, 44.78117 ], [ 5.97937, 44.78585 ], [ 5.97778, 44.79098 ], [ 5.97348, 44.79287 ], [ 5.96921, 44.79441 ], [ 5.96399, 44.79592 ], [ 5.96073, 44.79656 ], [ 5.96067, 44.79855 ], [ 5.95953, 44.79957 ], [ 5.95376, 44.79953 ], [ 5.95175, 44.80067 ], [ 5.94952, 44.80453 ], [ 5.95349, 44.80607 ], [ 5.95503, 44.80746 ], [ 5.95743, 44.80837 ], [ 5.96024, 44.81198 ], [ 5.96464, 44.81176 ], [ 5.96934, 44.81396 ], [ 5.97255, 44.81456 ], [ 5.97918, 44.81858 ], [ 5.9849, 44.81891 ], [ 5.98831, 44.81794 ], [ 5.99241, 44.81772 ], [ 5.99617, 44.81787 ], [ 5.99819, 44.81894 ], [ 6.00247, 44.81979 ], [ 6.00552, 44.82082 ], [ 6.00774, 44.82386 ], [ 6.00775, 44.82521 ], [ 6.00906, 44.82769 ], [ 6.00941, 44.83038 ], [ 6.01142, 44.83104 ], [ 6.01326, 44.83332 ], [ 6.01594, 44.83548 ], [ 6.02182, 44.83755 ], [ 6.02506, 44.83669 ], [ 6.02735, 44.83782 ], [ 6.03021, 44.8381 ], [ 6.03094, 44.83659 ], [ 6.03414, 44.83518 ], [ 6.03582, 44.83162 ], [ 6.0379, 44.82943 ], [ 6.0405, 44.82754 ], [ 6.04728, 44.82368 ], [ 6.04769, 44.82132 ], [ 6.05046, 44.81812 ], [ 6.05261, 44.8168 ], [ 6.05451, 44.81682 ], [ 6.0565, 44.81581 ], [ 6.05856, 44.81904 ], [ 6.06131, 44.82047 ], [ 6.06695, 44.82142 ], [ 6.06823, 44.82373 ], [ 6.06958, 44.82508 ], [ 6.07137, 44.82551 ], [ 6.0733, 44.82779 ], [ 6.07899, 44.82856 ], [ 6.08011, 44.82951 ], [ 6.08549, 44.83236 ], [ 6.08794, 44.83291 ], [ 6.08994, 44.83573 ], [ 6.09302, 44.8363 ], [ 6.09652, 44.83749 ], [ 6.09732, 44.83822 ], [ 6.09908, 44.8398 ], [ 6.1007, 44.84258 ], [ 6.10642, 44.84388 ], [ 6.11068, 44.84316 ], [ 6.11219, 44.84486 ], [ 6.11471, 44.84663 ], [ 6.11669, 44.84933 ], [ 6.11702, 44.85119 ], [ 6.11833, 44.85277 ], [ 6.12111, 44.85353 ], [ 6.12256, 44.85547 ], [ 6.1247, 44.85729 ], [ 6.12699, 44.86056 ], [ 6.12836, 44.8619 ], [ 6.12977, 44.86213 ], [ 6.1329, 44.8645 ], [ 6.13622, 44.86407 ], [ 6.13857, 44.86328 ], [ 6.13967, 44.86162 ], [ 6.14221, 44.86063 ], [ 6.14376, 44.85842 ], [ 6.15117, 44.85813 ], [ 6.15358, 44.85926 ], [ 6.15854, 44.85857 ], [ 6.16044, 44.85562 ], [ 6.16232, 44.85425 ], [ 6.16845, 44.85225 ], [ 6.16966, 44.85239 ], [ 6.17042, 44.85434 ], [ 6.17667, 44.85414 ], [ 6.18152, 44.85466 ], [ 6.18767, 44.85377 ], [ 6.18948, 44.85429 ], [ 6.19061, 44.8562 ], [ 6.19187, 44.85692 ], [ 6.19473, 44.85713 ], [ 6.19638, 44.85898 ], [ 6.20207, 44.85892 ], [ 6.20623, 44.85766 ], [ 6.20695, 44.85614 ], [ 6.21569, 44.85409 ], [ 6.21797, 44.85415 ], [ 6.22127, 44.85333 ], [ 6.22211, 44.85366 ], [ 6.22544, 44.8522 ], [ 6.23011, 44.85222 ], [ 6.23541, 44.85163 ], [ 6.23746, 44.85197 ], [ 6.24699, 44.85173 ], [ 6.24998, 44.85191 ], [ 6.25349, 44.85516 ], [ 6.25324, 44.85603 ], [ 6.25502, 44.8588 ], [ 6.25766, 44.86156 ], [ 6.25837, 44.86373 ], [ 6.26185, 44.86538 ], [ 6.26321, 44.86682 ], [ 6.26941, 44.87047 ], [ 6.27084, 44.87097 ], [ 6.27419, 44.87095 ], [ 6.2774, 44.87147 ], [ 6.28146, 44.86993 ], [ 6.28521, 44.87184 ], [ 6.28645, 44.87337 ], [ 6.2886, 44.87406 ], [ 6.29231, 44.87385 ], [ 6.29501, 44.8742 ], [ 6.29866, 44.87313 ], [ 6.30391, 44.87305 ], [ 6.30727, 44.86946 ], [ 6.30868, 44.86576 ], [ 6.31235, 44.86298 ], [ 6.31736, 44.86191 ], [ 6.31717, 44.8602 ], [ 6.32012, 44.85704 ], [ 6.31915, 44.8549 ], [ 6.3204, 44.8536 ], [ 6.32184, 44.85346 ], [ 6.32409, 44.85221 ], [ 6.32657, 44.85222 ], [ 6.33044, 44.85128 ], [ 6.33632, 44.84837 ], [ 6.33906, 44.84894 ], [ 6.34455, 44.84934 ], [ 6.34497, 44.85005 ], [ 6.34806, 44.85166 ], [ 6.35395, 44.85348 ], [ 6.35536, 44.85478 ], [ 6.3538, 44.85677 ], [ 6.35279, 44.85969 ], [ 6.35133, 44.86244 ], [ 6.35392, 44.86496 ], [ 6.35339, 44.86836 ], [ 6.35232, 44.87133 ], [ 6.35087, 44.87232 ], [ 6.3504, 44.87369 ], [ 6.35091, 44.87574 ], [ 6.35078, 44.8812 ], [ 6.35305, 44.88373 ], [ 6.35545, 44.88442 ], [ 6.35642, 44.88583 ], [ 6.3593, 44.88807 ], [ 6.358, 44.88929 ], [ 6.35844, 44.89206 ], [ 6.35818, 44.89378 ], [ 6.35688, 44.89518 ], [ 6.3536, 44.89746 ], [ 6.35641, 44.90028 ], [ 6.35765, 44.90281 ], [ 6.3576, 44.90489 ], [ 6.3589, 44.90718 ], [ 6.35743, 44.90877 ], [ 6.35656, 44.91087 ], [ 6.35767, 44.91321 ], [ 6.35609, 44.91593 ], [ 6.35654, 44.91871 ], [ 6.35612, 44.92102 ], [ 6.35746, 44.92214 ], [ 6.35299, 44.92451 ], [ 6.35317, 44.92608 ], [ 6.35603, 44.92813 ], [ 6.35564, 44.92982 ], [ 6.35648, 44.93082 ], [ 6.35637, 44.93308 ], [ 6.35897, 44.93664 ], [ 6.35834, 44.93851 ], [ 6.35884, 44.94128 ], [ 6.35817, 44.94158 ], [ 6.35537, 44.9424 ], [ 6.35229, 44.94277 ], [ 6.35046, 44.94396 ], [ 6.34765, 44.94442 ], [ 6.34338, 44.9442 ], [ 6.34091, 44.94623 ], [ 6.33907, 44.94702 ], [ 6.33615, 44.94698 ], [ 6.33395, 44.94647 ], [ 6.33177, 44.9469 ], [ 6.33052, 44.94641 ], [ 6.329, 44.94732 ], [ 6.32292, 44.95302 ], [ 6.3228, 44.95487 ], [ 6.32361, 44.96128 ], [ 6.32283, 44.96176 ], [ 6.32522, 44.96344 ], [ 6.3279, 44.96474 ], [ 6.32954, 44.96924 ], [ 6.32592, 44.97003 ], [ 6.32269, 44.97203 ], [ 6.32229, 44.97429 ], [ 6.31819, 44.97593 ], [ 6.31848, 44.97714 ], [ 6.31543, 44.97904 ], [ 6.31482, 44.98018 ], [ 6.31528, 44.9822 ], [ 6.31679, 44.98423 ], [ 6.31633, 44.98667 ], [ 6.31712, 44.9888 ], [ 6.31593, 44.98997 ], [ 6.31889, 44.99262 ], [ 6.32125, 44.99727 ], [ 6.32341, 44.99822 ], [ 6.32352, 44.99907 ], [ 6.32164, 45.00018 ], [ 6.3182, 45.00386 ], [ 6.31332, 45.00385 ], [ 6.3064, 45.00475 ], [ 6.30379, 45.003 ], [ 6.30133, 45.00408 ], [ 6.29647, 45.00348 ], [ 6.29392, 45.00252 ], [ 6.29013, 45.0018 ], [ 6.28518, 45.00011 ], [ 6.27895, 45.00078 ], [ 6.27556, 45.00045 ], [ 6.27177, 44.99877 ], [ 6.26607, 44.99829 ], [ 6.26372, 44.99707 ], [ 6.26001, 44.99777 ], [ 6.25653, 44.99681 ], [ 6.25563, 44.99586 ], [ 6.25343, 44.99521 ], [ 6.25176, 44.9967 ], [ 6.23077, 45.00319 ], [ 6.21153, 45.00923 ], [ 6.20492, 45.01247 ], [ 6.20393, 45.01247 ], [ 6.20245, 45.02105 ], [ 6.20276, 45.02276 ], [ 6.20484, 45.02634 ], [ 6.2073, 45.02697 ], [ 6.20981, 45.02924 ], [ 6.20869, 45.03256 ], [ 6.20973, 45.03599 ], [ 6.20859, 45.04068 ], [ 6.21053, 45.04326 ], [ 6.21079, 45.04514 ], [ 6.21441, 45.047 ], [ 6.21558, 45.04831 ], [ 6.21534, 45.05323 ], [ 6.21692, 45.0553 ], [ 6.21679, 45.05702 ], [ 6.21781, 45.05995 ], [ 6.21903, 45.06108 ], [ 6.22008, 45.06537 ], [ 6.22468, 45.06679 ], [ 6.22979, 45.06729 ], [ 6.23289, 45.06675 ], [ 6.24012, 45.06772 ], [ 6.24348, 45.06937 ], [ 6.24452, 45.07171 ], [ 6.24073, 45.07387 ], [ 6.23924, 45.07514 ], [ 6.23902, 45.07784 ], [ 6.23801, 45.07873 ], [ 6.23753, 45.08217 ], [ 6.23828, 45.08274 ], [ 6.23721, 45.08579 ], [ 6.23583, 45.08723 ], [ 6.23452, 45.09228 ], [ 6.23071, 45.0961 ], [ 6.2306, 45.09817 ], [ 6.22943, 45.0997 ], [ 6.22984, 45.10121 ], [ 6.22974, 45.10541 ], [ 6.22885, 45.10831 ], [ 6.23154, 45.11061 ], [ 6.23372, 45.11176 ], [ 6.23922, 45.11225 ], [ 6.24016, 45.1128 ], [ 6.24564, 45.11969 ], [ 6.24652, 45.12034 ], [ 6.2545, 45.12079 ], [ 6.25714, 45.12218 ], [ 6.25905, 45.12429 ], [ 6.26057, 45.12685 ], [ 6.26417, 45.12641 ], [ 6.26671, 45.12452 ], [ 6.26772, 45.1225 ], [ 6.26911, 45.12146 ], [ 6.26963, 45.11969 ], [ 6.27374, 45.11752 ], [ 6.27484, 45.11578 ], [ 6.27675, 45.11495 ], [ 6.28261, 45.11412 ], [ 6.28488, 45.11111 ], [ 6.28628, 45.11016 ], [ 6.28956, 45.10965 ], [ 6.29355, 45.10851 ], [ 6.29694, 45.10881 ], [ 6.29922, 45.10855 ], [ 6.30191, 45.10896 ], [ 6.31042, 45.1116 ], [ 6.31283, 45.11151 ], [ 6.31733, 45.11199 ], [ 6.31862, 45.11311 ], [ 6.32247, 45.1146 ], [ 6.32484, 45.11484 ], [ 6.32699, 45.11571 ], [ 6.32882, 45.1174 ], [ 6.33229, 45.11873 ], [ 6.33363, 45.12075 ], [ 6.33423, 45.12294 ], [ 6.33789, 45.12065 ], [ 6.33954, 45.11775 ], [ 6.33992, 45.11612 ], [ 6.34305, 45.1152 ], [ 6.34598, 45.11528 ], [ 6.34784, 45.11445 ], [ 6.34874, 45.11293 ], [ 6.35153, 45.11077 ], [ 6.35548, 45.1082 ], [ 6.35867, 45.10655 ], [ 6.36278, 45.10506 ], [ 6.36308, 45.10392 ], [ 6.36574, 45.10096 ], [ 6.36699, 45.09622 ], [ 6.37126, 45.09085 ], [ 6.37127, 45.08914 ], [ 6.37241, 45.08544 ], [ 6.37467, 45.08317 ], [ 6.37419, 45.0816 ], [ 6.37264, 45.08035 ], [ 6.37214, 45.07857 ], [ 6.37073, 45.07754 ], [ 6.36772, 45.07363 ], [ 6.36507, 45.07129 ], [ 6.36488, 45.07017 ], [ 6.37486, 45.06749 ], [ 6.37736, 45.06789 ], [ 6.37944, 45.06749 ], [ 6.38237, 45.06502 ], [ 6.38427, 45.06391 ], [ 6.38854, 45.06398 ], [ 6.39464, 45.06143 ], [ 6.39635, 45.06105 ], [ 6.3979, 45.06254 ], [ 6.40378, 45.06476 ], [ 6.40818, 45.06402 ], [ 6.41078, 45.06402 ], [ 6.41352, 45.06325 ], [ 6.41898, 45.06117 ], [ 6.42278, 45.06008 ], [ 6.42439, 45.06048 ], [ 6.42914, 45.06284 ], [ 6.43173, 45.06369 ], [ 6.43427, 45.06359 ], [ 6.43619, 45.06277 ], [ 6.4386, 45.06258 ], [ 6.43979, 45.0616 ], [ 6.44163, 45.05803 ], [ 6.44409, 45.05676 ], [ 6.4434, 45.05508 ], [ 6.44769, 45.05272 ], [ 6.4518, 45.05172 ], [ 6.45354, 45.05184 ], [ 6.4578, 45.05399 ], [ 6.46289, 45.05412 ], [ 6.46657, 45.0547 ], [ 6.46891, 45.05561 ], [ 6.47411, 45.0562 ], [ 6.47902, 45.05566 ], [ 6.48111, 45.05631 ], [ 6.48623, 45.05607 ], [ 6.48708, 45.05641 ], [ 6.48659, 45.05935 ], [ 6.48721, 45.05995 ], [ 6.48601, 45.06266 ], [ 6.48657, 45.06508 ], [ 6.48915, 45.06571 ], [ 6.4896, 45.06767 ], [ 6.48873, 45.0696 ], [ 6.48851, 45.07285 ], [ 6.48699, 45.07471 ], [ 6.48447, 45.07587 ], [ 6.48311, 45.07722 ], [ 6.48411, 45.07894 ], [ 6.48698, 45.07992 ], [ 6.48556, 45.08584 ], [ 6.48194, 45.08853 ], [ 6.48038, 45.09079 ], [ 6.48049, 45.09417 ], [ 6.48426, 45.09434 ], [ 6.48669, 45.09535 ], [ 6.48746, 45.09653 ], [ 6.49085, 45.09768 ], [ 6.49382, 45.09994 ], [ 6.49952, 45.10159 ], [ 6.5047, 45.10367 ], [ 6.50736, 45.10523 ], [ 6.51042, 45.109 ], [ 6.51667, 45.10549 ], [ 6.51943, 45.10516 ], [ 6.52166, 45.10413 ], [ 6.52552, 45.10039 ], [ 6.52798, 45.09994 ], [ 6.52971, 45.09857 ], [ 6.53427, 45.09904 ], [ 6.53916, 45.09909 ], [ 6.54101, 45.1 ], [ 6.54545, 45.10061 ], [ 6.54845, 45.10168 ], [ 6.55104, 45.10329 ], [ 6.55481, 45.10424 ], [ 6.55866, 45.10397 ], [ 6.5613, 45.10531 ], [ 6.56173, 45.1102 ], [ 6.56135, 45.11122 ], [ 6.56391, 45.11382 ], [ 6.56805, 45.11597 ], [ 6.5708, 45.11685 ], [ 6.57221, 45.1196 ], [ 6.57475, 45.12131 ], [ 6.57653, 45.1231 ], [ 6.58176, 45.12142 ], [ 6.58452, 45.12009 ], [ 6.58718, 45.11996 ], [ 6.58892, 45.1193 ], [ 6.59271, 45.11894 ], [ 6.59559, 45.11919 ], [ 6.60171, 45.1218 ], [ 6.60295, 45.11979 ], [ 6.6065, 45.1196 ], [ 6.60829, 45.12071 ], [ 6.61273, 45.12046 ], [ 6.61555, 45.12148 ], [ 6.6181, 45.11981 ], [ 6.62041, 45.11671 ], [ 6.62482, 45.11524 ], [ 6.62729, 45.11078 ], [ 6.62999, 45.10933 ], [ 6.63294, 45.11056 ], [ 6.63298, 45.11466 ], [ 6.63563, 45.11588 ], [ 6.64164, 45.11543 ], [ 6.64295, 45.11601 ], [ 6.6482, 45.11477 ], [ 6.65098, 45.1162 ], [ 6.65489, 45.11745 ], [ 6.65753, 45.12041 ], [ 6.65813, 45.12176 ], [ 6.66011, 45.12083 ], [ 6.66238, 45.12051 ], [ 6.66636, 45.12351 ], [ 6.67045, 45.12386 ], [ 6.67246, 45.12441 ], [ 6.67423, 45.12841 ], [ 6.67382, 45.13077 ], [ 6.68007, 45.14012 ], [ 6.6829, 45.13962 ], [ 6.68882, 45.1398 ], [ 6.69209, 45.13918 ], [ 6.69505, 45.14042 ], [ 6.69717, 45.14066 ], [ 6.70223, 45.14282 ], [ 6.70496, 45.14361 ], [ 6.70764, 45.14369 ], [ 6.71129, 45.14476 ], [ 6.71521, 45.14358 ], [ 6.71728, 45.14242 ], [ 6.72375, 45.13952 ], [ 6.72704, 45.13849 ], [ 6.73583, 45.13843 ], [ 6.73759, 45.13734 ], [ 6.74002, 45.13674 ], [ 6.7447, 45.13887 ], [ 6.74767, 45.14173 ], [ 6.75191, 45.144 ], [ 6.75283, 45.14698 ], [ 6.75472, 45.15001 ], [ 6.75812, 45.1512 ], [ 6.75858, 45.15217 ], [ 6.76128, 45.15323 ], [ 6.76494, 45.15733 ], [ 6.76692, 45.15816 ], [ 6.76795, 45.15974 ], [ 6.77554, 45.15846 ], [ 6.7777, 45.15838 ], [ 6.7807, 45.15758 ], [ 6.7872, 45.15333 ], [ 6.79684, 45.15296 ], [ 6.79837, 45.15141 ], [ 6.8014, 45.15008 ], [ 6.80731, 45.14922 ], [ 6.80992, 45.14836 ], [ 6.81357, 45.1479 ], [ 6.81736, 45.1451 ], [ 6.81942, 45.14429 ], [ 6.82139, 45.14526 ], [ 6.82314, 45.14307 ], [ 6.82453, 45.14229 ], [ 6.82737, 45.14178 ], [ 6.83037, 45.14031 ], [ 6.83042, 45.13927 ], [ 6.83602, 45.13523 ], [ 6.83805, 45.13578 ], [ 6.84088, 45.13544 ], [ 6.84725, 45.13556 ], [ 6.84534, 45.13126 ], [ 6.84595, 45.12934 ], [ 6.84789, 45.1272 ], [ 6.84986, 45.12716 ], [ 6.85383, 45.12846 ], [ 6.85543, 45.12848 ], [ 6.85804, 45.13019 ], [ 6.85969, 45.13017 ], [ 6.86733, 45.13171 ], [ 6.86931, 45.13281 ], [ 6.87107, 45.13482 ], [ 6.87363, 45.13593 ], [ 6.87657, 45.1351 ], [ 6.88056, 45.13489 ], [ 6.88648, 45.13655 ], [ 6.89235, 45.13682 ], [ 6.89438, 45.13737 ], [ 6.89807, 45.14141 ], [ 6.89756, 45.14301 ], [ 6.89549, 45.1435 ], [ 6.89229, 45.14492 ], [ 6.89025, 45.1465 ], [ 6.89075, 45.14801 ], [ 6.88865, 45.15201 ], [ 6.88523, 45.15467 ], [ 6.88411, 45.15674 ], [ 6.88527, 45.15846 ], [ 6.88921, 45.16087 ], [ 6.89126, 45.16173 ], [ 6.89224, 45.16376 ], [ 6.89161, 45.16704 ], [ 6.89395, 45.16852 ], [ 6.90195, 45.16735 ], [ 6.90345, 45.16788 ], [ 6.90652, 45.16704 ], [ 6.90802, 45.1659 ], [ 6.91052, 45.16548 ], [ 6.91447, 45.16871 ], [ 6.91922, 45.16825 ], [ 6.92427, 45.16632 ], [ 6.92338, 45.1682 ], [ 6.92718, 45.1705 ], [ 6.93187, 45.17122 ], [ 6.93369, 45.17065 ], [ 6.9392, 45.17106 ], [ 6.94713, 45.17076 ], [ 6.94374, 45.17476 ], [ 6.94291, 45.17619 ], [ 6.94549, 45.17667 ], [ 6.94752, 45.17808 ], [ 6.94904, 45.17802 ], [ 6.95059, 45.1799 ], [ 6.95419, 45.17961 ], [ 6.95454, 45.18245 ], [ 6.95383, 45.18463 ], [ 6.95226, 45.1865 ], [ 6.95232, 45.18969 ], [ 6.9544, 45.19168 ], [ 6.95844, 45.1922 ], [ 6.95939, 45.19356 ], [ 6.96267, 45.19401 ], [ 6.96693, 45.1956 ], [ 6.96738, 45.19639 ], [ 6.96447, 45.19818 ], [ 6.96395, 45.20054 ], [ 6.96279, 45.20184 ], [ 6.96058, 45.20298 ], [ 6.96274, 45.20446 ], [ 6.96575, 45.20795 ], [ 6.96876, 45.20806 ], [ 6.97448, 45.20778 ], [ 6.97999, 45.20905 ], [ 6.98579, 45.21143 ], [ 6.98957, 45.21001 ], [ 6.99306, 45.20997 ], [ 6.99399, 45.21119 ], [ 6.99467, 45.21545 ], [ 6.99749, 45.21502 ], [ 7.00148, 45.21865 ], [ 7.00356, 45.21991 ], [ 7.00476, 45.2182 ], [ 7.00687, 45.21685 ], [ 7.01512, 45.21629 ], [ 7.01665, 45.21529 ], [ 7.01959, 45.21467 ], [ 7.02018, 45.21659 ], [ 7.02177, 45.2181 ], [ 7.02329, 45.21858 ], [ 7.02464, 45.2174 ], [ 7.02497, 45.21568 ], [ 7.02634, 45.21544 ], [ 7.02916, 45.21658 ], [ 7.03188, 45.21936 ], [ 7.03693, 45.22176 ], [ 7.04276, 45.22531 ], [ 7.04488, 45.22474 ], [ 7.04721, 45.22581 ], [ 7.05118, 45.22533 ], [ 7.05464, 45.22236 ], [ 7.05749, 45.22071 ], [ 7.05847, 45.21851 ], [ 7.06189, 45.21508 ], [ 7.06482, 45.21275 ], [ 7.06641, 45.21043 ], [ 7.07185, 45.20995 ], [ 7.07251, 45.21105 ], [ 7.07615, 45.21239 ], [ 7.07994, 45.21276 ], [ 7.07944, 45.21603 ], [ 7.08309, 45.21782 ], [ 7.08324, 45.22196 ], [ 7.08075, 45.22445 ], [ 7.0825, 45.22483 ], [ 7.08453, 45.22623 ], [ 7.08872, 45.22588 ], [ 7.09054, 45.2286 ], [ 7.09208, 45.22966 ], [ 7.09608, 45.23095 ], [ 7.09665, 45.2325 ], [ 7.09833, 45.23428 ], [ 7.10052, 45.23527 ], [ 7.10455, 45.23628 ], [ 7.1063, 45.23728 ], [ 7.10614, 45.23846 ], [ 7.10773, 45.24317 ], [ 7.1106, 45.24635 ], [ 7.11589, 45.24626 ], [ 7.11735, 45.24525 ], [ 7.12103, 45.24421 ], [ 7.12521, 45.24394 ], [ 7.12651, 45.24565 ], [ 7.13001, 45.24793 ], [ 7.13129, 45.25118 ], [ 7.13428, 45.25339 ], [ 7.1355, 45.25352 ], [ 7.13759, 45.25569 ], [ 7.13775, 45.25686 ], [ 7.13531, 45.26047 ], [ 7.13284, 45.26067 ], [ 7.13174, 45.26287 ], [ 7.13362, 45.2655 ], [ 7.13346, 45.26659 ], [ 7.13061, 45.27067 ], [ 7.12815, 45.27176 ], [ 7.1302, 45.27339 ], [ 7.13221, 45.27381 ], [ 7.13364, 45.27483 ], [ 7.13582, 45.27811 ], [ 7.13643, 45.2808 ], [ 7.13369, 45.28487 ], [ 7.13025, 45.28722 ], [ 7.12752, 45.29126 ], [ 7.12299, 45.29433 ], [ 7.1218, 45.29622 ], [ 7.12109, 45.29927 ], [ 7.11996, 45.30184 ], [ 7.12049, 45.30362 ], [ 7.11753, 45.30707 ], [ 7.1174, 45.30884 ], [ 7.11801, 45.31155 ], [ 7.11459, 45.31401 ], [ 7.11271, 45.31471 ], [ 7.11068, 45.317 ], [ 7.10962, 45.3189 ], [ 7.11222, 45.32415 ], [ 7.1107, 45.32651 ], [ 7.11524, 45.32902 ], [ 7.12046, 45.32742 ], [ 7.12618, 45.32677 ], [ 7.12984, 45.32874 ], [ 7.13175, 45.32924 ], [ 7.13472, 45.33124 ], [ 7.13404, 45.33316 ], [ 7.13416, 45.33609 ], [ 7.13197, 45.33896 ], [ 7.13173, 45.3407 ], [ 7.13371, 45.34291 ], [ 7.13393, 45.34723 ], [ 7.13748, 45.35001 ], [ 7.13815, 45.35102 ], [ 7.14468, 45.35201 ], [ 7.14672, 45.35202 ], [ 7.14902, 45.35282 ], [ 7.15274, 45.3529 ], [ 7.15286, 45.35505 ], [ 7.15757, 45.35716 ], [ 7.15814, 45.35867 ], [ 7.16451, 45.36066 ], [ 7.16034, 45.36346 ], [ 7.15945, 45.36575 ], [ 7.15982, 45.36839 ], [ 7.15829, 45.36918 ], [ 7.15846, 45.37039 ], [ 7.16007, 45.37208 ], [ 7.16021, 45.37369 ], [ 7.16278, 45.37669 ], [ 7.16302, 45.38092 ], [ 7.16508, 45.38263 ], [ 7.16504, 45.38358 ], [ 7.16869, 45.38436 ], [ 7.17085, 45.38567 ], [ 7.17319, 45.38539 ], [ 7.17513, 45.38634 ], [ 7.17679, 45.38847 ], [ 7.17944, 45.39035 ], [ 7.17798, 45.39342 ], [ 7.17887, 45.39686 ], [ 7.18199, 45.40042 ], [ 7.18589, 45.40323 ], [ 7.18427, 45.40748 ], [ 7.17993, 45.4083 ], [ 7.17939, 45.40878 ], [ 7.17403, 45.40964 ], [ 7.16926, 45.41142 ], [ 7.16718, 45.41179 ], [ 7.16342, 45.41339 ], [ 7.1615, 45.41483 ], [ 7.15689, 45.41701 ], [ 7.15488, 45.4189 ], [ 7.15422, 45.42091 ], [ 7.15224, 45.4232 ], [ 7.14751, 45.424 ], [ 7.14149, 45.4261 ], [ 7.13587, 45.42616 ], [ 7.1295, 45.42806 ], [ 7.12852, 45.42922 ], [ 7.12122, 45.43157 ], [ 7.1194, 45.43273 ], [ 7.11435, 45.43349 ], [ 7.11352, 45.43419 ], [ 7.11457, 45.43595 ], [ 7.1151, 45.4399 ], [ 7.11461, 45.44172 ], [ 7.11215, 45.44363 ], [ 7.11086, 45.44711 ], [ 7.10775, 45.44815 ], [ 7.10534, 45.45072 ], [ 7.10073, 45.45448 ], [ 7.09918, 45.45879 ], [ 7.09893, 45.46096 ], [ 7.10151, 45.46567 ], [ 7.10438, 45.46704 ], [ 7.10303, 45.46845 ], [ 7.09979, 45.46944 ], [ 7.09577, 45.46961 ], [ 7.09374, 45.47064 ], [ 7.08952, 45.47078 ], [ 7.08655, 45.47275 ], [ 7.08204, 45.4724 ], [ 7.07704, 45.47379 ], [ 7.07358, 45.47308 ], [ 7.06942, 45.47388 ], [ 7.06474, 45.47386 ], [ 7.06285, 45.47331 ], [ 7.06028, 45.47099 ], [ 7.05423, 45.47219 ], [ 7.05038, 45.47212 ], [ 7.04799, 45.47344 ], [ 7.04718, 45.47753 ], [ 7.04624, 45.47915 ], [ 7.0475, 45.48045 ], [ 7.04783, 45.48192 ], [ 7.0493, 45.48353 ], [ 7.04956, 45.485 ], [ 7.0556, 45.48749 ], [ 7.05636, 45.48962 ], [ 7.05561, 45.49358 ], [ 7.05457, 45.49497 ], [ 7.05205, 45.49625 ], [ 7.04537, 45.49748 ], [ 7.04319, 45.49676 ], [ 7.0391, 45.49608 ], [ 7.03584, 45.49693 ], [ 7.03356, 45.49658 ], [ 7.03103, 45.49682 ], [ 7.02909, 45.49596 ], [ 7.02708, 45.49654 ], [ 7.02122, 45.49678 ], [ 7.01026, 45.49981 ], [ 7.00677, 45.50172 ], [ 7.00497, 45.50319 ], [ 7.00269, 45.50346 ], [ 6.99997, 45.50479 ], [ 7.00063, 45.50647 ], [ 7.0013, 45.51132 ], [ 7.00271, 45.51288 ], [ 7.00531, 45.5171 ], [ 7.00411, 45.52039 ], [ 7.00326, 45.52151 ], [ 6.99956, 45.52418 ], [ 6.99765, 45.52652 ], [ 6.99475, 45.52857 ], [ 6.99119, 45.53044 ], [ 6.99261, 45.53745 ], [ 6.99458, 45.54034 ], [ 6.99596, 45.54516 ], [ 6.99254, 45.54886 ], [ 6.99268, 45.55047 ], [ 6.99091, 45.55388 ], [ 6.99123, 45.5553 ], [ 6.98975, 45.55676 ], [ 6.99064, 45.55966 ], [ 6.98979, 45.56249 ], [ 6.99022, 45.56387 ], [ 6.99347, 45.56517 ], [ 6.99576, 45.56715 ], [ 6.997, 45.5689 ], [ 6.99504, 45.57002 ], [ 6.99376, 45.5717 ], [ 6.99529, 45.57456 ], [ 6.99445, 45.57595 ], [ 6.99102, 45.57865 ], [ 6.98851, 45.57939 ], [ 6.98647, 45.58101 ], [ 6.98075, 45.58318 ], [ 6.97801, 45.58718 ], [ 6.97802, 45.59042 ], [ 6.9806, 45.59428 ], [ 6.97991, 45.59692 ], [ 6.98183, 45.59977 ], [ 6.98176, 45.60131 ], [ 6.98256, 45.60384 ], [ 6.98395, 45.60522 ], [ 6.98505, 45.60761 ], [ 6.98531, 45.61067 ], [ 6.98636, 45.6131 ], [ 6.98429, 45.61458 ], [ 6.98353, 45.61691 ], [ 6.98514, 45.6209 ], [ 6.98648, 45.62147 ], [ 6.98719, 45.62447 ], [ 6.99293, 45.62788 ], [ 6.99602, 45.62946 ], [ 6.99798, 45.63141 ], [ 6.99902, 45.63384 ], [ 7.00104, 45.63498 ], [ 7.00161, 45.63621 ], [ 7.00069, 45.6399 ], [ 6.99738, 45.64022 ], [ 6.99315, 45.63958 ], [ 6.99065, 45.64109 ], [ 6.9907, 45.64247 ], [ 6.98948, 45.64397 ], [ 6.98545, 45.64418 ], [ 6.98346, 45.64499 ], [ 6.98063, 45.64492 ], [ 6.97486, 45.64656 ], [ 6.97241, 45.64883 ], [ 6.97046, 45.65387 ], [ 6.96508, 45.65422 ], [ 6.96058, 45.65485 ], [ 6.95885, 45.65336 ], [ 6.94662, 45.64998 ], [ 6.94125, 45.64885 ], [ 6.94041, 45.64807 ], [ 6.93674, 45.648 ], [ 6.93298, 45.64608 ], [ 6.93083, 45.64567 ], [ 6.92955, 45.64717 ], [ 6.92666, 45.6472 ], [ 6.92567, 45.64841 ], [ 6.9202, 45.65071 ], [ 6.91719, 45.65074 ], [ 6.91483, 45.65173 ], [ 6.91603, 45.65309 ], [ 6.91659, 45.6559 ], [ 6.9165, 45.65955 ], [ 6.91452, 45.66116 ], [ 6.91036, 45.66206 ], [ 6.90726, 45.66196 ], [ 6.90214, 45.66374 ], [ 6.90586, 45.6676 ], [ 6.90661, 45.67036 ], [ 6.90517, 45.67241 ], [ 6.907, 45.6759 ], [ 6.90397, 45.67885 ], [ 6.90253, 45.68094 ], [ 6.90021, 45.6809 ], [ 6.89874, 45.6801 ], [ 6.89761, 45.67812 ], [ 6.89334, 45.6755 ], [ 6.89029, 45.67752 ], [ 6.88684, 45.67924 ], [ 6.88279, 45.68071 ], [ 6.88195, 45.67925 ], [ 6.87889, 45.67865 ], [ 6.87117, 45.6801 ], [ 6.86859, 45.68096 ], [ 6.86697, 45.68396 ], [ 6.86542, 45.68461 ], [ 6.86022, 45.68469 ], [ 6.8563, 45.68551 ], [ 6.8532, 45.68767 ], [ 6.84928, 45.68918 ], [ 6.84775, 45.68938 ], [ 6.84612, 45.69057 ], [ 6.84687, 45.69117 ], [ 6.84627, 45.69322 ], [ 6.8453, 45.69393 ], [ 6.84349, 45.69702 ], [ 6.84167, 45.69904 ], [ 6.84139, 45.7004 ], [ 6.83602, 45.70237 ], [ 6.83149, 45.70201 ], [ 6.82911, 45.70283 ], [ 6.82719, 45.70435 ], [ 6.82642, 45.70762 ], [ 6.82471, 45.7095 ], [ 6.82221, 45.71131 ], [ 6.8197, 45.71524 ], [ 6.81935, 45.71868 ], [ 6.81863, 45.71938 ], [ 6.81427, 45.72113 ], [ 6.81053, 45.72425 ], [ 6.80842, 45.72515 ], [ 6.80814, 45.72728 ], [ 6.80926, 45.72908 ], [ 6.81127, 45.73013 ], [ 6.8115, 45.73142 ], [ 6.81385, 45.73332 ], [ 6.81543, 45.73604 ], [ 6.81605, 45.73909 ], [ 6.81725, 45.7403 ], [ 6.81427, 45.74168 ], [ 6.81267, 45.74332 ], [ 6.81076, 45.74362 ], [ 6.80812, 45.74503 ], [ 6.80562, 45.74846 ], [ 6.80719, 45.75046 ], [ 6.80594, 45.75183 ], [ 6.805, 45.75515 ], [ 6.80537, 45.7564 ], [ 6.80488, 45.75994 ], [ 6.8059, 45.76229 ], [ 6.80598, 45.76395 ], [ 6.80503, 45.76489 ], [ 6.805, 45.76859 ], [ 6.80638, 45.76979 ], [ 6.80426, 45.77132 ], [ 6.80181, 45.77525 ], [ 6.80252, 45.77837 ], [ 6.80201, 45.78001 ], [ 6.80084, 45.78078 ], [ 6.80216, 45.78195 ], [ 6.80199, 45.78384 ], [ 6.80364, 45.78739 ], [ 6.80406, 45.79029 ], [ 6.80563, 45.79289 ], [ 6.80991, 45.79407 ], [ 6.81312, 45.79548 ], [ 6.81136, 45.79762 ], [ 6.8118, 45.7999 ], [ 6.81102, 45.80205 ], [ 6.81121, 45.80443 ], [ 6.81292, 45.80639 ], [ 6.81307, 45.80747 ], [ 6.81131, 45.80961 ], [ 6.81035, 45.81217 ], [ 6.80707, 45.81378 ], [ 6.80484, 45.81559 ], [ 6.80705, 45.81829 ], [ 6.81091, 45.82215 ], [ 6.81187, 45.82517 ], [ 6.81482, 45.8274 ], [ 6.81542, 45.82918 ], [ 6.8178, 45.83152 ], [ 6.81808, 45.83498 ], [ 6.81889, 45.8362 ], [ 6.82215, 45.83752 ], [ 6.8251, 45.83798 ], [ 6.82806, 45.83796 ], [ 6.83038, 45.83709 ], [ 6.83575, 45.83815 ], [ 6.83814, 45.83994 ], [ 6.84147, 45.84088 ], [ 6.84436, 45.84046 ], [ 6.85067, 45.83755 ], [ 6.85384, 45.83715 ], [ 6.85538, 45.83556 ], [ 6.86037, 45.83274 ], [ 6.86139, 45.83257 ], [ 6.86078, 45.83109 ], [ 6.86263, 45.83035 ], [ 6.86158, 45.82868 ], [ 6.86443, 45.82863 ], [ 6.86437, 45.82733 ], [ 6.86638, 45.82446 ], [ 6.86738, 45.82409 ], [ 6.87009, 45.82554 ], [ 6.87018, 45.82815 ], [ 6.87215, 45.83011 ], [ 6.87205, 45.83124 ], [ 6.86954, 45.83205 ], [ 6.8698, 45.83332 ], [ 6.87141, 45.83441 ], [ 6.87268, 45.83638 ], [ 6.86991, 45.8379 ], [ 6.87025, 45.83932 ], [ 6.87207, 45.83946 ], [ 6.87479, 45.84228 ], [ 6.87472, 45.84442 ], [ 6.87361, 45.8455 ], [ 6.87577, 45.84739 ], [ 6.87914, 45.84915 ], [ 6.88277, 45.84936 ], [ 6.88793, 45.84627 ], [ 6.88936, 45.84499 ], [ 6.8951, 45.8426 ], [ 6.9006, 45.84279 ], [ 6.90345, 45.84231 ], [ 6.90785, 45.84398 ], [ 6.91, 45.84186 ], [ 6.91327, 45.84082 ], [ 6.9153, 45.84201 ], [ 6.91646, 45.84444 ], [ 6.92075, 45.84629 ], [ 6.92182, 45.84759 ], [ 6.92624, 45.84723 ], [ 6.92784, 45.84785 ], [ 6.92897, 45.84667 ], [ 6.93099, 45.84619 ], [ 6.93371, 45.84481 ], [ 6.93795, 45.84684 ], [ 6.94137, 45.84693 ], [ 6.94221, 45.84924 ], [ 6.94121, 45.85113 ], [ 6.9455, 45.85316 ], [ 6.94795, 45.85621 ], [ 6.94944, 45.85701 ], [ 6.95097, 45.8592 ], [ 6.95134, 45.86122 ], [ 6.95487, 45.86098 ], [ 6.9608, 45.86186 ], [ 6.96288, 45.86349 ], [ 6.96612, 45.86434 ], [ 6.96765, 45.86428 ], [ 6.97085, 45.8669 ], [ 6.9733, 45.86693 ], [ 6.97638, 45.86825 ], [ 6.98214, 45.86918 ], [ 6.98803, 45.8688 ], [ 6.99145, 45.86798 ], [ 6.99324, 45.87012 ], [ 6.99599, 45.87131 ], [ 6.99921, 45.87366 ], [ 6.99995, 45.87547 ], [ 6.99895, 45.87732 ], [ 7.00079, 45.88071 ], [ 7.00332, 45.8824 ], [ 7.00536, 45.88435 ], [ 7.00563, 45.88606 ], [ 7.00675, 45.88709 ], [ 7.00452, 45.88966 ], [ 7.0035, 45.89286 ], [ 7.004, 45.89486 ], [ 7.00287, 45.89613 ], [ 7.00315, 45.89783 ], [ 7.00462, 45.89993 ], [ 7.00653, 45.90111 ], [ 7.0082, 45.90406 ], [ 7.01152, 45.906 ], [ 7.01427, 45.90633 ], [ 7.01462, 45.90975 ], [ 7.01813, 45.91226 ], [ 7.01831, 45.91437 ], [ 7.02098, 45.91619 ], [ 7.02441, 45.91619 ], [ 7.02476, 45.91725 ], [ 7.02922, 45.91963 ], [ 7.03496, 45.92115 ], [ 7.03803, 45.92066 ], [ 7.04036, 45.92233 ], [ 7.04389, 45.92209 ], [ 7.04507, 45.92245 ], [ 7.04357, 45.92435 ], [ 7.04371, 45.92588 ], [ 7.04266, 45.92953 ], [ 7.04159, 45.93142 ], [ 7.03854, 45.93353 ], [ 7.03588, 45.93793 ], [ 7.03716, 45.94143 ], [ 7.03676, 45.94357 ], [ 7.03854, 45.94476 ], [ 7.03856, 45.94728 ], [ 7.03705, 45.95221 ], [ 7.03761, 45.9543 ], [ 7.03531, 45.95598 ], [ 7.03123, 45.95664 ], [ 7.02782, 45.95754 ], [ 7.02302, 45.9582 ], [ 7.01949, 45.96001 ], [ 7.01798, 45.96035 ], [ 7.01252, 45.9653 ], [ 7.01056, 45.96814 ], [ 7.00901, 45.96897 ], [ 7.00976, 45.97011 ], [ 7.01015, 45.97316 ], [ 7.01632, 45.97501 ], [ 7.02108, 45.97621 ], [ 7.02321, 45.97847 ], [ 7.02319, 45.97978 ], [ 7.02045, 45.98174 ], [ 7.01966, 45.98389 ], [ 7.01532, 45.98682 ], [ 7.01218, 45.98709 ], [ 7.01153, 45.98923 ], [ 7.01255, 45.99144 ], [ 7.01023, 45.99452 ], [ 7.01048, 45.99738 ], [ 7.00583, 46.00055 ], [ 7.0054, 46.00157 ], [ 7.00072, 45.99896 ], [ 6.99689, 45.9997 ], [ 6.99327, 46.00184 ], [ 6.9889, 46.00369 ], [ 6.98754, 46.00366 ], [ 6.98451, 46.00544 ], [ 6.98519, 46.00803 ], [ 6.98383, 46.00953 ], [ 6.98337, 46.01324 ], [ 6.98119, 46.0173 ], [ 6.98147, 46.01981 ], [ 6.97724, 46.02179 ], [ 6.97453, 46.02406 ], [ 6.97087, 46.02593 ], [ 6.96653, 46.03124 ], [ 6.9629, 46.03053 ], [ 6.95672, 46.03917 ], [ 6.95472, 46.04164 ], [ 6.95151, 46.04996 ], [ 6.95022, 46.05166 ], [ 6.9472, 46.05138 ], [ 6.94526, 46.05055 ], [ 6.94321, 46.0508 ], [ 6.939, 46.05323 ], [ 6.93711, 46.05538 ], [ 6.9358, 46.05512 ], [ 6.93471, 46.0567 ], [ 6.93499, 46.05866 ], [ 6.93722, 46.06052 ], [ 6.93636, 46.06253 ], [ 6.93791, 46.06328 ], [ 6.93392, 46.06597 ], [ 6.92857, 46.06465 ], [ 6.92451, 46.06519 ], [ 6.91853, 46.05996 ], [ 6.91888, 46.05937 ], [ 6.91465, 46.05697 ], [ 6.91366, 46.05503 ], [ 6.91106, 46.05415 ], [ 6.91082, 46.05208 ], [ 6.90853, 46.05024 ], [ 6.90514, 46.04992 ], [ 6.90359, 46.04926 ], [ 6.89518, 46.04839 ], [ 6.89152, 46.04574 ], [ 6.89131, 46.04237 ], [ 6.8887, 46.04292 ], [ 6.88644, 46.04464 ], [ 6.883, 46.04446 ], [ 6.87558, 46.04774 ], [ 6.87614, 46.04902 ], [ 6.87263, 46.05205 ], [ 6.87295, 46.05505 ], [ 6.87501, 46.05799 ], [ 6.87689, 46.06354 ], [ 6.87893, 46.06554 ], [ 6.88041, 46.06935 ], [ 6.88386, 46.07038 ], [ 6.88759, 46.07307 ], [ 6.89147, 46.07386 ], [ 6.89022, 46.07671 ], [ 6.88831, 46.07877 ], [ 6.89049, 46.0807 ], [ 6.89124, 46.08203 ], [ 6.89182, 46.08511 ], [ 6.88861, 46.08695 ], [ 6.88807, 46.08905 ], [ 6.88541, 46.09204 ], [ 6.88317, 46.09389 ], [ 6.88281, 46.09512 ], [ 6.88681, 46.09798 ], [ 6.88771, 46.10028 ], [ 6.88969, 46.10151 ], [ 6.89272, 46.10432 ], [ 6.89351, 46.10685 ], [ 6.89554, 46.10871 ], [ 6.89381, 46.10968 ], [ 6.89326, 46.11236 ], [ 6.89403, 46.11453 ], [ 6.89541, 46.11565 ], [ 6.89705, 46.11901 ], [ 6.89727, 46.12085 ], [ 6.89993, 46.1239 ], [ 6.89789, 46.12443 ], [ 6.89505, 46.12373 ], [ 6.89162, 46.12535 ], [ 6.88895, 46.12452 ], [ 6.88175, 46.12283 ], [ 6.87955, 46.12355 ], [ 6.87804, 46.12501 ], [ 6.87617, 46.1258 ], [ 6.87307, 46.12597 ], [ 6.86956, 46.12498 ], [ 6.86173, 46.12598 ], [ 6.86009, 46.12568 ], [ 6.85472, 46.12657 ], [ 6.85178, 46.12642 ], [ 6.84486, 46.12814 ], [ 6.8427, 46.12926 ], [ 6.84165, 46.13079 ], [ 6.842, 46.13186 ], [ 6.83805, 46.13264 ], [ 6.835, 46.13186 ], [ 6.83063, 46.13235 ], [ 6.82896, 46.13183 ], [ 6.82473, 46.1316 ], [ 6.82275, 46.13109 ], [ 6.81885, 46.13097 ], [ 6.81712, 46.1296 ], [ 6.81521, 46.12932 ], [ 6.81369, 46.13132 ], [ 6.81032, 46.13285 ], [ 6.80988, 46.13448 ], [ 6.807, 46.13654 ], [ 6.80191, 46.13534 ], [ 6.79854, 46.1361 ], [ 6.79654, 46.13862 ], [ 6.79642, 46.14196 ], [ 6.79508, 46.14385 ], [ 6.79483, 46.14711 ], [ 6.79284, 46.15048 ], [ 6.79107, 46.15267 ], [ 6.79042, 46.15431 ], [ 6.79131, 46.1572 ], [ 6.79285, 46.1594 ], [ 6.79198, 46.16223 ], [ 6.79274, 46.16364 ], [ 6.79802, 46.16793 ], [ 6.79974, 46.16823 ], [ 6.80321, 46.17179 ], [ 6.80546, 46.17246 ], [ 6.8058, 46.17421 ], [ 6.80734, 46.17784 ], [ 6.80752, 46.17859 ], [ 6.8109, 46.18018 ], [ 6.8127, 46.18164 ], [ 6.80966, 46.18888 ], [ 6.80876, 46.19297 ], [ 6.80712, 46.19594 ], [ 6.80356, 46.20313 ], [ 6.80491, 46.2061 ], [ 6.80734, 46.20803 ], [ 6.80809, 46.21084 ], [ 6.81009, 46.21224 ], [ 6.8097, 46.21311 ], [ 6.8112, 46.21468 ], [ 6.81337, 46.21514 ], [ 6.81677, 46.22018 ], [ 6.81904, 46.22086 ], [ 6.8217, 46.22314 ], [ 6.82168, 46.22769 ], [ 6.82066, 46.23021 ], [ 6.82098, 46.23187 ], [ 6.82222, 46.23267 ], [ 6.82727, 46.23419 ], [ 6.82959, 46.23382 ], [ 6.83248, 46.23582 ], [ 6.83434, 46.23783 ], [ 6.8349, 46.23924 ], [ 6.83727, 46.24109 ], [ 6.83789, 46.2448 ], [ 6.83993, 46.24824 ], [ 6.84342, 46.24873 ], [ 6.84769, 46.25022 ], [ 6.85235, 46.25238 ], [ 6.85558, 46.25514 ], [ 6.85456, 46.25927 ], [ 6.85757, 46.26204 ], [ 6.86012, 46.26613 ], [ 6.85888, 46.27308 ], [ 6.86069, 46.27606 ], [ 6.86449, 46.27961 ], [ 6.86451, 46.28299 ], [ 6.86207, 46.2857 ], [ 6.86058, 46.28639 ], [ 6.85922, 46.2882 ], [ 6.85891, 46.2906 ], [ 6.85503, 46.29242 ], [ 6.85207, 46.29204 ], [ 6.85089, 46.29024 ], [ 6.84778, 46.28978 ], [ 6.8453, 46.29105 ], [ 6.84374, 46.29427 ], [ 6.83978, 46.29506 ], [ 6.83547, 46.29793 ], [ 6.83444, 46.29978 ], [ 6.82998, 46.30004 ], [ 6.82813, 46.30205 ], [ 6.82829, 46.30313 ], [ 6.83004, 46.3055 ], [ 6.82504, 46.31187 ], [ 6.82144, 46.31304 ], [ 6.81903, 46.31553 ], [ 6.81537, 46.31594 ], [ 6.81257, 46.31831 ], [ 6.80722, 46.32059 ], [ 6.80141, 46.31951 ], [ 6.79993, 46.32047 ], [ 6.79752, 46.32588 ], [ 6.79887, 46.32893 ], [ 6.79657, 46.33097 ], [ 6.79647, 46.33295 ], [ 6.792, 46.33241 ], [ 6.78671, 46.33216 ], [ 6.78432, 46.33316 ], [ 6.78473, 46.33504 ], [ 6.78405, 46.337 ], [ 6.7807, 46.34069 ], [ 6.77923, 46.34336 ], [ 6.77933, 46.34462 ], [ 6.77701, 46.34637 ], [ 6.77467, 46.34728 ], [ 6.77199, 46.35031 ], [ 6.77157, 46.35304 ], [ 6.77044, 46.35519 ], [ 6.77042, 46.35736 ], [ 6.77116, 46.35837 ], [ 6.77142, 46.36092 ], [ 6.77431, 46.36279 ], [ 6.77533, 46.3642 ], [ 6.77873, 46.36505 ], [ 6.78092, 46.3665 ], [ 6.78377, 46.36693 ], [ 6.78632, 46.36638 ], [ 6.79186, 46.36715 ], [ 6.79454, 46.36902 ], [ 6.7975, 46.37175 ], [ 6.79866, 46.37392 ], [ 6.8009, 46.37513 ], [ 6.80347, 46.37633 ], [ 6.80617, 46.37983 ], [ 6.80605, 46.38304 ], [ 6.80419, 46.38342 ], [ 6.80196, 46.38559 ], [ 6.80182, 46.38866 ], [ 6.80318, 46.39104 ], [ 6.80308, 46.39217 ], [ 6.80531, 46.39414 ], [ 6.80366, 46.39439 ], [ 6.80048, 46.39375 ], [ 6.79694, 46.39349 ], [ 6.79348, 46.39254 ], [ 6.7898, 46.39292 ], [ 6.78754, 46.39386 ], [ 6.78105, 46.39501 ], [ 6.77639, 46.397 ], [ 6.77352, 46.39765 ], [ 6.77121, 46.39743 ], [ 6.76565, 46.3994 ], [ 6.76026, 46.40038 ], [ 6.75751, 46.4026 ], [ 6.75228, 46.40321 ], [ 6.74908, 46.40396 ], [ 6.74512, 46.40408 ], [ 6.73693, 46.40511 ], [ 6.73504, 46.40501 ], [ 6.73161, 46.40613 ], [ 6.72555, 46.40695 ], [ 6.72387, 46.40796 ], [ 6.72039, 46.40746 ], [ 6.71847, 46.40799 ], [ 6.71186, 46.40762 ], [ 6.70467, 46.40807 ], [ 6.69268, 46.40808 ], [ 6.68634, 46.40769 ], [ 6.68333, 46.40682 ], [ 6.67876, 46.4074 ], [ 6.67554, 46.40707 ], [ 6.67011, 46.40512 ], [ 6.66642, 46.40458 ], [ 6.65803, 46.40481 ], [ 6.65677, 46.40518 ], [ 6.65324, 46.40504 ], [ 6.64968, 46.40621 ], [ 6.64298, 46.40547 ], [ 6.63867, 46.40541 ], [ 6.6354, 46.40603 ], [ 6.63331, 46.40516 ], [ 6.6276, 46.40448 ], [ 6.62154, 46.40429 ], [ 6.61907, 46.40379 ], [ 6.61402, 46.40328 ], [ 6.61116, 46.40334 ], [ 6.60598, 46.40286 ], [ 6.60481, 46.4021 ], [ 6.59807, 46.40167 ], [ 6.5959, 46.40216 ], [ 6.5921, 46.40189 ], [ 6.58809, 46.40232 ], [ 6.58343, 46.40096 ], [ 6.57737, 46.40015 ], [ 6.56824, 46.39824 ], [ 6.56579, 46.39856 ], [ 6.55687, 46.39686 ], [ 6.554, 46.39598 ], [ 6.54903, 46.39494 ], [ 6.54388, 46.39482 ], [ 6.53719, 46.39678 ], [ 6.53436, 46.39792 ], [ 6.5296, 46.40053 ], [ 6.52844, 46.40057 ], [ 6.52058, 46.4042 ], [ 6.51307, 46.40479 ], [ 6.50904, 46.40403 ], [ 6.50598, 46.40306 ], [ 6.50237, 46.40108 ], [ 6.50099, 46.40095 ], [ 6.49568, 46.3988 ], [ 6.4924, 46.39843 ], [ 6.4877, 46.39581 ], [ 6.48286, 46.39192 ], [ 6.48307, 46.388 ], [ 6.48257, 46.3832 ], [ 6.4804, 46.37932 ], [ 6.47752, 46.37753 ], [ 6.4749, 46.37482 ], [ 6.47232, 46.37442 ], [ 6.47177, 46.37364 ], [ 6.46592, 46.37161 ], [ 6.46268, 46.37104 ], [ 6.45708, 46.36888 ], [ 6.45085, 46.36701 ], [ 6.44965, 46.36607 ], [ 6.44291, 46.36398 ], [ 6.44107, 46.36277 ], [ 6.43863, 46.3625 ], [ 6.43675, 46.36148 ], [ 6.43144, 46.36004 ], [ 6.42859, 46.35953 ], [ 6.42386, 46.36 ], [ 6.41815, 46.35938 ], [ 6.41313, 46.35964 ], [ 6.40896, 46.35544 ], [ 6.40435, 46.35121 ], [ 6.40287, 46.35026 ], [ 6.39922, 46.34973 ], [ 6.39694, 46.34797 ], [ 6.39476, 46.34535 ], [ 6.39316, 46.34246 ], [ 6.39119, 46.3407 ], [ 6.38911, 46.34012 ], [ 6.38527, 46.34053 ], [ 6.37256, 46.34393 ], [ 6.36837, 46.34554 ], [ 6.36726, 46.34555 ], [ 6.36259, 46.34777 ], [ 6.35953, 46.34945 ], [ 6.35698, 46.35224 ], [ 6.35697, 46.35434 ], [ 6.35221, 46.35843 ], [ 6.3522, 46.36044 ], [ 6.35017, 46.36209 ], [ 6.35024, 46.36601 ], [ 6.34911, 46.3674 ], [ 6.34468, 46.37001 ], [ 6.34291, 46.37027 ], [ 6.33938, 46.3694 ], [ 6.3362, 46.37028 ], [ 6.33178, 46.37017 ], [ 6.33037, 46.36977 ], [ 6.32669, 46.37157 ], [ 6.32074, 46.36951 ], [ 6.31596, 46.36881 ], [ 6.31255, 46.36793 ], [ 6.30878, 46.36642 ], [ 6.30521, 46.36676 ], [ 6.30374, 46.36626 ], [ 6.30216, 46.36412 ], [ 6.30004, 46.36333 ], [ 6.29669, 46.36107 ], [ 6.29418, 46.36085 ], [ 6.29141, 46.35899 ], [ 6.28727, 46.35701 ], [ 6.28051, 46.35125 ], [ 6.27674, 46.34971 ], [ 6.27666, 46.34483 ], [ 6.27127, 46.33736 ], [ 6.26937, 46.33669 ], [ 6.26584, 46.33273 ], [ 6.26405, 46.33027 ], [ 6.26234, 46.32928 ], [ 6.26198, 46.32758 ], [ 6.25767, 46.32551 ], [ 6.25627, 46.32355 ], [ 6.25793, 46.32178 ], [ 6.25805, 46.31978 ], [ 6.25333, 46.31161 ], [ 6.24879, 46.30643 ], [ 6.24594, 46.30575 ], [ 6.24351, 46.30353 ], [ 6.24735, 46.30273 ], [ 6.24897, 46.30177 ], [ 6.24738, 46.30043 ], [ 6.24907, 46.29871 ], [ 6.24839, 46.29634 ], [ 6.24849, 46.29413 ], [ 6.25079, 46.29365 ], [ 6.25188, 46.29167 ], [ 6.2529, 46.29051 ], [ 6.25108, 46.28764 ], [ 6.24864, 46.28728 ], [ 6.24569, 46.28513 ], [ 6.24292, 46.28523 ], [ 6.24177, 46.28377 ], [ 6.23813, 46.28102 ], [ 6.23898, 46.27932 ], [ 6.23758, 46.27775 ], [ 6.23809, 46.27584 ], [ 6.24109, 46.27339 ], [ 6.24274, 46.2728 ], [ 6.24532, 46.26902 ], [ 6.24892, 46.26308 ], [ 6.25299, 46.25995 ], [ 6.26013, 46.25549 ], [ 6.26135, 46.25446 ], [ 6.25993, 46.2518 ], [ 6.26305, 46.25093 ], [ 6.26546, 46.24926 ], [ 6.26662, 46.24747 ], [ 6.26993, 46.24825 ], [ 6.27489, 46.25038 ], [ 6.27906, 46.25145 ], [ 6.2785, 46.25265 ], [ 6.28174, 46.25338 ], [ 6.28502, 46.25489 ], [ 6.28328, 46.25594 ], [ 6.28662, 46.25718 ], [ 6.2897, 46.25993 ], [ 6.29162, 46.26263 ], [ 6.29488, 46.26459 ], [ 6.29669, 46.26358 ], [ 6.29645, 46.2621 ], [ 6.29418, 46.25944 ], [ 6.29407, 46.25791 ], [ 6.29541, 46.25583 ], [ 6.29668, 46.25529 ], [ 6.30346, 46.25497 ], [ 6.30614, 46.25609 ], [ 6.30953, 46.25625 ], [ 6.30853, 46.25501 ], [ 6.30587, 46.25141 ], [ 6.3094, 46.24994 ], [ 6.30882, 46.24735 ], [ 6.31025, 46.24383 ], [ 6.30682, 46.23949 ], [ 6.30261, 46.23518 ], [ 6.29878, 46.22991 ], [ 6.29447, 46.22492 ], [ 6.28938, 46.22281 ], [ 6.28814, 46.22182 ], [ 6.27637, 46.21524 ], [ 6.27045, 46.21401 ], [ 6.26857, 46.2133 ], [ 6.26647, 46.2137 ], [ 6.26411, 46.21256 ], [ 6.25373, 46.20886 ], [ 6.25178, 46.20704 ], [ 6.24755, 46.20516 ], [ 6.24578, 46.20662 ], [ 6.24494, 46.20498 ], [ 6.23945, 46.20508 ], [ 6.23681, 46.20643 ], [ 6.23236, 46.20582 ], [ 6.23004, 46.20428 ], [ 6.23012, 46.20355 ], [ 6.22778, 46.20251 ], [ 6.22568, 46.20222 ], [ 6.22187, 46.2006 ], [ 6.22207, 46.19897 ], [ 6.21753, 46.19791 ], [ 6.21596, 46.19499 ], [ 6.21425, 46.19379 ], [ 6.21087, 46.19278 ], [ 6.20673, 46.19216 ], [ 6.20489, 46.19082 ], [ 6.20495, 46.18978 ], [ 6.20315, 46.18908 ], [ 6.20174, 46.18665 ], [ 6.19892, 46.1853 ], [ 6.19827, 46.18344 ], [ 6.19631, 46.18409 ], [ 6.19145, 46.18128 ], [ 6.18736, 46.18034 ], [ 6.1875, 46.17871 ], [ 6.18611, 46.17822 ], [ 6.1862, 46.17493 ], [ 6.1872, 46.17364 ], [ 6.1882, 46.16846 ], [ 6.18889, 46.16633 ], [ 6.18516, 46.16386 ], [ 6.1791, 46.16076 ], [ 6.1753, 46.15826 ], [ 6.1725, 46.15741 ], [ 6.16846, 46.157 ], [ 6.1597, 46.15363 ], [ 6.15211, 46.15172 ], [ 6.14858, 46.14959 ], [ 6.14705, 46.1467 ], [ 6.14492, 46.14483 ], [ 6.14141, 46.14618 ], [ 6.14095, 46.14516 ], [ 6.13698, 46.14313 ], [ 6.13541, 46.14133 ], [ 6.13121, 46.1404 ], [ 6.12662, 46.14046 ], [ 6.12552, 46.14127 ], [ 6.1212, 46.14266 ], [ 6.1145, 46.14307 ], [ 6.10815, 46.14315 ], [ 6.10627, 46.14411 ], [ 6.10389, 46.14442 ], [ 6.09902, 46.14391 ], [ 6.09559, 46.14847 ], [ 6.09357, 46.14976 ], [ 6.09247, 46.15176 ], [ 6.07493, 46.14889 ], [ 6.07268, 46.14993 ], [ 6.06367, 46.15075 ], [ 6.05204, 46.1514 ], [ 6.04856, 46.14723 ], [ 6.04737, 46.14278 ], [ 6.04782, 46.14094 ], [ 6.04553, 46.13991 ], [ 6.04327, 46.14138 ], [ 6.04188, 46.1401 ], [ 6.03984, 46.13948 ], [ 6.03671, 46.13646 ], [ 6.03386, 46.13682 ], [ 6.03394, 46.13799 ], [ 6.03207, 46.13918 ], [ 6.02956, 46.1394 ], [ 6.02588, 46.14041 ], [ 6.02426, 46.14038 ], [ 6.02304, 46.14154 ], [ 6.01793, 46.1427 ], [ 6.01128, 46.14202 ], [ 6.00834, 46.14275 ], [ 6.00694, 46.14212 ], [ 6.00343, 46.14191 ], [ 6.00039, 46.14305 ], [ 5.99786, 46.14286 ], [ 5.99612, 46.14409 ], [ 5.99278, 46.14442 ], [ 5.99227, 46.14358 ], [ 5.9895, 46.14385 ], [ 5.98754, 46.14266 ], [ 5.98532, 46.14331 ], [ 5.98224, 46.14174 ], [ 5.98299, 46.14096 ], [ 5.98225, 46.13721 ], [ 5.98036, 46.13587 ], [ 5.97718, 46.13305 ], [ 5.97368, 46.13158 ], [ 5.97137, 46.13236 ], [ 5.96981, 46.13191 ], [ 5.96529, 46.12958 ], [ 5.96495, 46.1301 ], [ 5.96112, 46.13043 ], [ 5.95729, 46.12794 ], [ 5.95688, 46.13135 ], [ 5.95606, 46.13209 ], [ 5.95845, 46.13382 ], [ 5.96389, 46.13572 ], [ 5.96563, 46.13665 ], [ 5.96633, 46.13937 ], [ 5.96462, 46.1419 ], [ 5.96478, 46.14514 ], [ 5.96723, 46.14813 ], [ 5.9676, 46.14956 ], [ 5.96932, 46.15211 ], [ 5.97335, 46.15617 ], [ 5.97419, 46.15709 ], [ 5.97708, 46.16258 ], [ 5.98067, 46.16674 ], [ 5.98129, 46.17136 ], [ 5.98226, 46.17322 ], [ 5.98494, 46.17354 ], [ 5.98636, 46.17237 ], [ 5.98677, 46.17091 ], [ 5.98852, 46.17085 ], [ 5.99013, 46.1754 ], [ 5.99229, 46.17681 ], [ 5.99133, 46.17888 ], [ 5.99396, 46.1809 ], [ 5.99529, 46.18299 ], [ 5.99113, 46.18757 ], [ 5.98523, 46.18864 ], [ 5.9826, 46.19082 ], [ 5.96368, 46.19696 ], [ 5.9642, 46.19803 ], [ 5.96512, 46.19917 ], [ 5.96859, 46.19994 ], [ 5.96921, 46.20091 ], [ 5.97333, 46.20276 ], [ 5.96917, 46.20642 ], [ 5.97178, 46.21152 ], [ 5.97441, 46.21475 ], [ 5.97851, 46.21702 ], [ 5.98454, 46.21692 ], [ 5.9934, 46.21557 ], [ 5.99376, 46.21859 ], [ 5.99171, 46.22027 ], [ 5.99059, 46.222 ], [ 5.99232, 46.22279 ], [ 5.99607, 46.22253 ], [ 5.99943, 46.22139 ], [ 5.99999, 46.22007 ], [ 6.00256, 46.22091 ], [ 6.00346, 46.22209 ], [ 6.00747, 46.22359 ], [ 6.00712, 46.22664 ], [ 6.01023, 46.22762 ], [ 6.01052, 46.22913 ], [ 6.01257, 46.22858 ], [ 6.01361, 46.22949 ], [ 6.01291, 46.23077 ], [ 6.01584, 46.23095 ], [ 6.01668, 46.23182 ], [ 6.01861, 46.23162 ], [ 6.02594, 46.23346 ], [ 6.03372, 46.23842 ], [ 6.03543, 46.23719 ], [ 6.04206, 46.23331 ], [ 6.04616, 46.23118 ], [ 6.04753, 46.23311 ], [ 6.0485, 46.23308 ], [ 6.0508, 46.23534 ], [ 6.05279, 46.23902 ], [ 6.05736, 46.24215 ], [ 6.05932, 46.24421 ], [ 6.06318, 46.2457 ], [ 6.06517, 46.24347 ], [ 6.06967, 46.24103 ], [ 6.07309, 46.24141 ], [ 6.07454, 46.24371 ], [ 6.07563, 46.24349 ], [ 6.07958, 46.24538 ], [ 6.0826, 46.24506 ], [ 6.08437, 46.24689 ], [ 6.08554, 46.24608 ], [ 6.08814, 46.24704 ], [ 6.0882, 46.246 ], [ 6.09011, 46.24553 ], [ 6.09491, 46.24177 ], [ 6.10176, 46.23749 ], [ 6.1072, 46.24104 ], [ 6.10925, 46.23976 ], [ 6.11668, 46.24489 ], [ 6.12425, 46.25101 ], [ 6.12353, 46.25271 ], [ 6.12152, 46.25381 ], [ 6.12115, 46.25508 ], [ 6.12257, 46.2567 ], [ 6.12247, 46.25819 ], [ 6.11981, 46.26085 ], [ 6.12048, 46.26127 ], [ 6.11817, 46.26356 ], [ 6.12013, 46.26475 ], [ 6.11666, 46.26613 ], [ 6.1155, 46.26596 ], [ 6.11001, 46.27045 ], [ 6.11346, 46.27245 ], [ 6.10888, 46.27481 ], [ 6.10489, 46.27805 ], [ 6.10329, 46.27842 ], [ 6.10449, 46.28086 ], [ 6.10477, 46.28387 ], [ 6.10237, 46.28485 ], [ 6.10602, 46.28793 ], [ 6.10962, 46.2901 ], [ 6.11143, 46.29171 ], [ 6.1124, 46.2937 ], [ 6.11429, 46.29472 ], [ 6.11668, 46.29394 ], [ 6.11946, 46.29427 ], [ 6.11882, 46.29529 ], [ 6.12104, 46.29733 ], [ 6.12017, 46.29808 ], [ 6.12197, 46.2995 ], [ 6.12109, 46.30098 ], [ 6.11873, 46.30245 ], [ 6.12013, 46.30488 ], [ 6.12042, 46.30722 ], [ 6.1191, 46.30771 ], [ 6.11986, 46.30948 ], [ 6.1198, 46.31223 ], [ 6.12412, 46.31542 ], [ 6.12438, 46.31726 ], [ 6.12672, 46.32119 ], [ 6.12826, 46.32168 ], [ 6.13093, 46.32366 ], [ 6.13398, 46.32726 ], [ 6.13384, 46.32802 ], [ 6.13695, 46.33071 ], [ 6.13632, 46.33213 ], [ 6.1377, 46.33312 ], [ 6.13925, 46.33473 ], [ 6.13792, 46.33627 ], [ 6.13859, 46.33939 ], [ 6.14068, 46.34045 ], [ 6.14876, 46.34247 ], [ 6.1528, 46.34729 ], [ 6.15722, 46.34994 ], [ 6.15823, 46.35152 ], [ 6.15745, 46.35236 ], [ 6.15778, 46.35429 ], [ 6.15931, 46.35752 ], [ 6.16136, 46.35984 ], [ 6.17022, 46.36648 ], [ 6.16974, 46.36794 ], [ 6.16512, 46.37269 ], [ 6.1625, 46.37426 ], [ 6.16046, 46.37667 ], [ 6.15985, 46.37903 ], [ 6.15826, 46.37958 ], [ 6.15707, 46.3776 ], [ 6.15537, 46.37824 ], [ 6.15374, 46.37739 ], [ 6.14928, 46.37763 ], [ 6.14659, 46.3802 ], [ 6.14404, 46.38186 ], [ 6.13611, 46.38767 ], [ 6.13002, 46.3908 ], [ 6.11294, 46.39984 ], [ 6.11291, 46.39749 ], [ 6.1092, 46.39937 ], [ 6.10606, 46.39921 ], [ 6.10031, 46.40458 ], [ 6.09819, 46.40879 ], [ 6.07649, 46.41324 ], [ 6.0673, 46.41494 ], [ 6.06401, 46.41623 ], [ 6.06058, 46.41751 ], [ 6.05717, 46.41631 ], [ 6.05349, 46.41297 ], [ 6.05281, 46.41141 ], [ 6.05152, 46.40884 ], [ 6.04919, 46.40608 ], [ 6.04443, 46.40236 ], [ 6.0445, 46.40137 ], [ 6.0423, 46.39865 ], [ 6.04054, 46.39776 ], [ 6.03871, 46.39565 ], [ 6.03742, 46.39507 ], [ 6.03615, 46.3916 ], [ 6.03312, 46.38999 ], [ 6.03011, 46.38793 ], [ 6.0282, 46.38564 ], [ 6.02408, 46.38335 ], [ 6.0205, 46.38256 ], [ 6.01924, 46.38107 ], [ 6.01786, 46.38089 ], [ 6.0168, 46.37818 ], [ 6.0146, 46.37609 ], [ 6.00673, 46.37319 ], [ 6.00558, 46.37156 ], [ 6.0008, 46.37023 ], [ 5.99917, 46.3692 ], [ 5.99088, 46.36501 ], [ 5.98857, 46.3644 ], [ 5.98658, 46.36488 ], [ 5.98354, 46.36304 ], [ 5.98303, 46.3604 ], [ 5.98164, 46.35895 ], [ 5.98142, 46.35667 ], [ 5.98054, 46.35624 ], [ 5.97968, 46.35407 ], [ 5.97807, 46.35232 ], [ 5.97514, 46.35029 ], [ 5.97208, 46.34557 ], [ 5.96999, 46.34537 ], [ 5.96669, 46.34264 ], [ 5.96597, 46.3396 ], [ 5.96433, 46.33736 ], [ 5.96282, 46.33713 ], [ 5.96135, 46.33475 ], [ 5.9597, 46.33426 ], [ 5.95747, 46.3292 ], [ 5.95564, 46.32894 ], [ 5.95368, 46.32685 ], [ 5.95224, 46.32383 ], [ 5.95018, 46.32119 ], [ 5.9503, 46.31988 ], [ 5.9477, 46.31798 ], [ 5.94806, 46.31662 ], [ 5.94398, 46.31207 ], [ 5.942, 46.3115 ], [ 5.94094, 46.31005 ], [ 5.94153, 46.30926 ], [ 5.93744, 46.30982 ], [ 5.92591, 46.31377 ], [ 5.92344, 46.31196 ], [ 5.92177, 46.31223 ], [ 5.91996, 46.31017 ], [ 5.918, 46.30919 ], [ 5.91711, 46.30756 ], [ 5.91992, 46.30684 ], [ 5.91717, 46.30161 ], [ 5.91524, 46.29483 ], [ 5.91646, 46.29371 ], [ 5.91566, 46.29229 ], [ 5.91213, 46.288 ], [ 5.9092, 46.28394 ], [ 5.90102, 46.28618 ], [ 5.89997, 46.28491 ], [ 5.89463, 46.28661 ], [ 5.89282, 46.28482 ], [ 5.88926, 46.27997 ], [ 5.88675, 46.27744 ], [ 5.88346, 46.2748 ], [ 5.87836, 46.26924 ], [ 5.87569, 46.2676 ], [ 5.87474, 46.26807 ], [ 5.87272, 46.26644 ], [ 5.86919, 46.26497 ], [ 5.86783, 46.26813 ], [ 5.86433, 46.27121 ], [ 5.86032, 46.26836 ], [ 5.85307, 46.26151 ], [ 5.84985, 46.26206 ], [ 5.84628, 46.26218 ], [ 5.84334, 46.26281 ], [ 5.84064, 46.26222 ], [ 5.82997, 46.26174 ], [ 5.82626, 46.26171 ], [ 5.82128, 46.26209 ], [ 5.81828, 46.26286 ], [ 5.81288, 46.2637 ], [ 5.80063, 46.26502 ], [ 5.78757, 46.26606 ], [ 5.77727, 46.26618 ], [ 5.7727, 46.26686 ], [ 5.76887, 46.26797 ], [ 5.76605, 46.26833 ], [ 5.75957, 46.26663 ], [ 5.75326, 46.2665 ], [ 5.75102, 46.26581 ], [ 5.74392, 46.26657 ], [ 5.73367, 46.26377 ], [ 5.73183, 46.26333 ], [ 5.72839, 46.26118 ], [ 5.72518, 46.26068 ], [ 5.7197, 46.26428 ], [ 5.72064, 46.26915 ], [ 5.71605, 46.27991 ], [ 5.71449, 46.28091 ], [ 5.71566, 46.2829 ], [ 5.7177, 46.28865 ], [ 5.71831, 46.28917 ], [ 5.7193, 46.29346 ], [ 5.7184, 46.29993 ], [ 5.7167, 46.30192 ], [ 5.71472, 46.30877 ], [ 5.71391, 46.30925 ], [ 5.71027, 46.30935 ], [ 5.70869, 46.30985 ], [ 5.69461, 46.31023 ], [ 5.69275, 46.30956 ], [ 5.68817, 46.31015 ], [ 5.68458, 46.31092 ], [ 5.68332, 46.31587 ], [ 5.6837, 46.31686 ], [ 5.68038, 46.31875 ], [ 5.67552, 46.31893 ], [ 5.67357, 46.32008 ], [ 5.67249, 46.3216 ], [ 5.66844, 46.32437 ], [ 5.66684, 46.32473 ], [ 5.66217, 46.32485 ], [ 5.65291, 46.32322 ], [ 5.64804, 46.32345 ], [ 5.64443, 46.3248 ], [ 5.64425, 46.32629 ], [ 5.64629, 46.32712 ], [ 5.6494, 46.33077 ], [ 5.6498, 46.33419 ], [ 5.64916, 46.33745 ], [ 5.64931, 46.34096 ], [ 5.64314, 46.34478 ], [ 5.64196, 46.34203 ], [ 5.64036, 46.34028 ], [ 5.64007, 46.33884 ], [ 5.63746, 46.33644 ], [ 5.63666, 46.33489 ], [ 5.63409, 46.33239 ], [ 5.63051, 46.33021 ], [ 5.62534, 46.32954 ], [ 5.61765, 46.3291 ], [ 5.61324, 46.3272 ], [ 5.61046, 46.32422 ], [ 5.61091, 46.31984 ], [ 5.60893, 46.31809 ], [ 5.60567, 46.31363 ], [ 5.60752, 46.31191 ], [ 5.60648, 46.30987 ], [ 5.60464, 46.30943 ], [ 5.60238, 46.30864 ], [ 5.60212, 46.30532 ], [ 5.59954, 46.30147 ], [ 5.59913, 46.29991 ], [ 5.5974, 46.29717 ], [ 5.59354, 46.29436 ], [ 5.59107, 46.29325 ], [ 5.58725, 46.29251 ], [ 5.5855, 46.29256 ], [ 5.5784, 46.29439 ], [ 5.57729, 46.29437 ], [ 5.57518, 46.29263 ], [ 5.56753, 46.29402 ], [ 5.56516, 46.29345 ], [ 5.56262, 46.28992 ], [ 5.56155, 46.28626 ], [ 5.55944, 46.28349 ], [ 5.55712, 46.28149 ], [ 5.55127, 46.27823 ], [ 5.54705, 46.27488 ], [ 5.54529, 46.27263 ], [ 5.54204, 46.2702 ], [ 5.5391, 46.2688 ], [ 5.53699, 46.26828 ], [ 5.52796, 46.26718 ], [ 5.52506, 46.26636 ], [ 5.52289, 46.2648 ], [ 5.52026, 46.26415 ], [ 5.51295, 46.26454 ], [ 5.51137, 46.26436 ], [ 5.50798, 46.26517 ], [ 5.50824, 46.26629 ], [ 5.50599, 46.26667 ], [ 5.50377, 46.26872 ], [ 5.50479, 46.27053 ], [ 5.50255, 46.27109 ], [ 5.50131, 46.26878 ], [ 5.49959, 46.2682 ], [ 5.48797, 46.26816 ], [ 5.48492, 46.26708 ], [ 5.48332, 46.26743 ], [ 5.47385, 46.26428 ], [ 5.47221, 46.26734 ], [ 5.46969, 46.26768 ], [ 5.46802, 46.26889 ], [ 5.46918, 46.27108 ], [ 5.46681, 46.27172 ], [ 5.46586, 46.27094 ], [ 5.46182, 46.27163 ], [ 5.46183, 46.27429 ], [ 5.45684, 46.27448 ], [ 5.45911, 46.28332 ], [ 5.45966, 46.28764 ], [ 5.45891, 46.29071 ], [ 5.46258, 46.28944 ], [ 5.46492, 46.29181 ], [ 5.46596, 46.29182 ], [ 5.46805, 46.29789 ], [ 5.47077, 46.3033 ], [ 5.4706, 46.30596 ], [ 5.47386, 46.30952 ], [ 5.47409, 46.31231 ], [ 5.4753, 46.31539 ], [ 5.47167, 46.31656 ], [ 5.4689, 46.317 ], [ 5.46815, 46.31873 ], [ 5.46774, 46.32176 ], [ 5.46692, 46.32327 ], [ 5.46518, 46.32354 ], [ 5.46447, 46.32248 ], [ 5.46206, 46.3225 ], [ 5.45944, 46.32316 ], [ 5.45686, 46.31891 ], [ 5.45707, 46.31706 ], [ 5.454, 46.31791 ], [ 5.4443, 46.31871 ], [ 5.44297, 46.31686 ], [ 5.44082, 46.31679 ], [ 5.43715, 46.31513 ], [ 5.43722, 46.31643 ], [ 5.43538, 46.31954 ], [ 5.4337, 46.32643 ], [ 5.43092, 46.33362 ], [ 5.4283, 46.33563 ], [ 5.42582, 46.33894 ], [ 5.42474, 46.34154 ], [ 5.42789, 46.34212 ], [ 5.42597, 46.34492 ], [ 5.42353, 46.34773 ], [ 5.41683, 46.34526 ], [ 5.41663, 46.33968 ], [ 5.41707, 46.33918 ], [ 5.41656, 46.33599 ], [ 5.41542, 46.33535 ], [ 5.41556, 46.33215 ], [ 5.41375, 46.32535 ], [ 5.41327, 46.32024 ], [ 5.41353, 46.31672 ], [ 5.41084, 46.31175 ], [ 5.41024, 46.3091 ], [ 5.40465, 46.31034 ], [ 5.40405, 46.31477 ], [ 5.40397, 46.31666 ], [ 5.40477, 46.32168 ], [ 5.40469, 46.32474 ], [ 5.4039, 46.32922 ], [ 5.40429, 46.33282 ], [ 5.40169, 46.33279 ], [ 5.40286, 46.33722 ], [ 5.40142, 46.33955 ], [ 5.39966, 46.33942 ], [ 5.39257, 46.34065 ], [ 5.3873, 46.34268 ], [ 5.38691, 46.34387 ], [ 5.38401, 46.34434 ], [ 5.38058, 46.34579 ], [ 5.37871, 46.34737 ], [ 5.37622, 46.3505 ], [ 5.37346, 46.35224 ], [ 5.37576, 46.35843 ], [ 5.37705, 46.36412 ], [ 5.37448, 46.36467 ], [ 5.37216, 46.36609 ], [ 5.36958, 46.36661 ], [ 5.36986, 46.36908 ], [ 5.36435, 46.36945 ], [ 5.363, 46.37093 ], [ 5.36507, 46.37308 ], [ 5.37057, 46.37617 ], [ 5.37238, 46.37833 ], [ 5.37555, 46.38023 ], [ 5.37788, 46.38223 ], [ 5.37147, 46.3829 ], [ 5.37162, 46.3856 ], [ 5.3709, 46.38678 ], [ 5.36882, 46.38671 ], [ 5.3671, 46.38869 ], [ 5.36342, 46.38901 ], [ 5.36267, 46.39425 ], [ 5.36159, 46.39239 ], [ 5.3599, 46.39117 ], [ 5.35215, 46.39341 ], [ 5.35196, 46.39472 ], [ 5.35347, 46.39738 ], [ 5.34812, 46.39942 ], [ 5.34508, 46.39972 ], [ 5.34176, 46.40098 ], [ 5.34142, 46.4018 ], [ 5.33803, 46.40175 ], [ 5.33688, 46.40102 ], [ 5.33421, 46.3974 ], [ 5.33105, 46.39883 ], [ 5.33157, 46.40013 ], [ 5.33087, 46.40163 ], [ 5.32608, 46.40198 ], [ 5.32406, 46.40338 ], [ 5.32076, 46.40477 ], [ 5.31477, 46.40948 ], [ 5.30915, 46.41026 ], [ 5.2988, 46.41268 ], [ 5.29865, 46.41584 ], [ 5.30242, 46.417 ], [ 5.30412, 46.41579 ], [ 5.30699, 46.41477 ], [ 5.31443, 46.4164 ], [ 5.31107, 46.41636 ], [ 5.30769, 46.41682 ], [ 5.30718, 46.41819 ], [ 5.30847, 46.42054 ], [ 5.30656, 46.42199 ], [ 5.30807, 46.42276 ], [ 5.30898, 46.42453 ], [ 5.31248, 46.42421 ], [ 5.31343, 46.42566 ], [ 5.31578, 46.42549 ], [ 5.31591, 46.42655 ], [ 5.31819, 46.42668 ], [ 5.31995, 46.42779 ], [ 5.32271, 46.42728 ], [ 5.32447, 46.42849 ], [ 5.32325, 46.42983 ], [ 5.32065, 46.43003 ], [ 5.31849, 46.43207 ], [ 5.31765, 46.43353 ], [ 5.31738, 46.438 ], [ 5.31557, 46.43958 ], [ 5.31432, 46.44163 ], [ 5.31416, 46.44343 ], [ 5.3149, 46.44513 ], [ 5.31371, 46.44601 ], [ 5.31129, 46.44581 ], [ 5.31056, 46.44677 ], [ 5.3067, 46.4452 ], [ 5.30397, 46.44663 ], [ 5.30125, 46.4467 ], [ 5.29556, 46.44865 ], [ 5.29385, 46.44954 ], [ 5.29067, 46.44985 ], [ 5.28814, 46.44888 ], [ 5.28748, 46.44733 ], [ 5.28373, 46.44558 ], [ 5.2749, 46.44846 ], [ 5.27368, 46.44859 ], [ 5.27264, 46.44991 ], [ 5.26984, 46.45008 ], [ 5.26619, 46.45116 ], [ 5.26128, 46.4508 ], [ 5.25765, 46.44985 ], [ 5.25626, 46.45065 ], [ 5.25523, 46.45455 ], [ 5.25396, 46.45616 ], [ 5.25104, 46.45646 ], [ 5.24826, 46.45811 ], [ 5.248, 46.45937 ], [ 5.24561, 46.45975 ], [ 5.24146, 46.46125 ], [ 5.24095, 46.46037 ], [ 5.23697, 46.45893 ], [ 5.23626, 46.45779 ], [ 5.23522, 46.45785 ], [ 5.23312, 46.46129 ], [ 5.22554, 46.46827 ], [ 5.22183, 46.46923 ], [ 5.21962, 46.46815 ], [ 5.21506, 46.46836 ], [ 5.2155, 46.47038 ], [ 5.21527, 46.47331 ], [ 5.21585, 46.47446 ], [ 5.21338, 46.47475 ], [ 5.21282, 46.4776 ], [ 5.21028, 46.47888 ], [ 5.21142, 46.48065 ], [ 5.21428, 46.48184 ], [ 5.21357, 46.48451 ], [ 5.20786, 46.48628 ], [ 5.20668, 46.48617 ], [ 5.20563, 46.48836 ], [ 5.20728, 46.48999 ], [ 5.20976, 46.48987 ], [ 5.2104, 46.49229 ], [ 5.20776, 46.49267 ], [ 5.20432, 46.49442 ], [ 5.20334, 46.49922 ], [ 5.2024, 46.49992 ], [ 5.19994, 46.50385 ], [ 5.20356, 46.50479 ], [ 5.20369, 46.50601 ], [ 5.20186, 46.50826 ], [ 5.19999, 46.5075 ], [ 5.19494, 46.50812 ], [ 5.19382, 46.50909 ], [ 5.18926, 46.50911 ], [ 5.18663, 46.50878 ], [ 5.18378, 46.50925 ], [ 5.17749, 46.51112 ], [ 5.17266, 46.51345 ], [ 5.17146, 46.51524 ], [ 5.17184, 46.51639 ], [ 5.16891, 46.51777 ], [ 5.16728, 46.51907 ], [ 5.16584, 46.51767 ], [ 5.16696, 46.51526 ], [ 5.16676, 46.51405 ], [ 5.16777, 46.51208 ], [ 5.16548, 46.50953 ], [ 5.16535, 46.50697 ], [ 5.16718, 46.50458 ], [ 5.16625, 46.50312 ], [ 5.16231, 46.5051 ], [ 5.15677, 46.50745 ], [ 5.15011, 46.50785 ], [ 5.1466, 46.507 ], [ 5.14455, 46.50727 ], [ 5.13933, 46.50945 ], [ 5.13832, 46.50872 ], [ 5.13507, 46.50898 ], [ 5.13444, 46.50548 ], [ 5.13531, 46.50483 ], [ 5.13546, 46.50253 ], [ 5.13403, 46.50144 ], [ 5.13021, 46.50185 ], [ 5.12941, 46.50034 ], [ 5.12635, 46.49911 ], [ 5.12319, 46.49851 ], [ 5.11817, 46.4971 ], [ 5.11609, 46.49607 ], [ 5.11455, 46.49265 ], [ 5.10928, 46.49147 ], [ 5.10494, 46.49337 ], [ 5.10165, 46.4957 ], [ 5.10049, 46.4956 ], [ 5.09797, 46.49854 ], [ 5.09725, 46.49996 ], [ 5.09518, 46.49901 ], [ 5.09212, 46.49652 ], [ 5.0922, 46.4951 ], [ 5.08877, 46.49588 ], [ 5.08726, 46.49187 ], [ 5.08556, 46.49038 ], [ 5.08131, 46.49003 ], [ 5.07895, 46.48855 ], [ 5.07614, 46.48853 ], [ 5.07668, 46.48623 ], [ 5.07181, 46.48665 ], [ 5.07145, 46.48582 ], [ 5.06205, 46.48556 ], [ 5.06212, 46.4846 ], [ 5.059, 46.48454 ], [ 5.05709, 46.48395 ], [ 5.05475, 46.48428 ], [ 5.05186, 46.48511 ], [ 5.05121, 46.48639 ], [ 5.04877, 46.48716 ], [ 5.04637, 46.48866 ], [ 5.0461, 46.48971 ], [ 5.04285, 46.4901 ], [ 5.04065, 46.49136 ], [ 5.03773, 46.49175 ], [ 5.02868, 46.49201 ], [ 5.02811, 46.49374 ], [ 5.02596, 46.49617 ], [ 5.02277, 46.49643 ], [ 5.02038, 46.49805 ], [ 5.01423, 46.50045 ], [ 5.01187, 46.50398 ], [ 5.01197, 46.5059 ], [ 5.00948, 46.507 ], [ 5.0101, 46.50887 ], [ 5.01156, 46.50965 ], [ 5.01059, 46.51107 ], [ 5.0057, 46.5097 ], [ 5.00137, 46.51187 ], [ 4.99817, 46.51163 ], [ 4.99175, 46.51236 ], [ 4.98709, 46.5145 ], [ 4.98355, 46.51539 ], [ 4.98022, 46.5152 ], [ 4.97112, 46.51447 ], [ 4.9646, 46.51318 ], [ 4.96266, 46.51234 ], [ 4.96339, 46.51123 ], [ 4.96963, 46.50937 ], [ 4.97168, 46.50725 ], [ 4.97035, 46.50553 ], [ 4.96813, 46.50526 ], [ 4.96505, 46.50632 ], [ 4.96351, 46.50816 ], [ 4.95977, 46.50767 ], [ 4.95852, 46.50612 ], [ 4.9546, 46.50467 ], [ 4.95245, 46.50329 ], [ 4.9528, 46.50085 ], [ 4.95006, 46.50081 ], [ 4.94751, 46.50349 ], [ 4.94413, 46.50501 ], [ 4.94489, 46.51138 ], [ 4.9521, 46.51081 ], [ 4.95454, 46.51269 ], [ 4.95227, 46.51441 ], [ 4.94762, 46.51393 ], [ 4.94452, 46.5144 ], [ 4.94219, 46.51587 ], [ 4.94206, 46.51712 ], [ 4.94327, 46.51891 ], [ 4.94125, 46.51965 ], [ 4.94018, 46.51784 ], [ 4.94047, 46.51504 ], [ 4.94237, 46.51302 ], [ 4.94088, 46.51183 ], [ 4.93872, 46.51332 ], [ 4.9356, 46.51423 ], [ 4.93359, 46.51244 ], [ 4.93142, 46.50921 ], [ 4.92962, 46.50408 ], [ 4.92693, 46.50053 ], [ 4.92699, 46.49925 ], [ 4.92503, 46.49621 ], [ 4.91974, 46.49251 ], [ 4.91821, 46.49182 ], [ 4.91556, 46.48894 ], [ 4.91439, 46.48586 ], [ 4.91452, 46.48137 ], [ 4.91453, 46.48011 ], [ 4.91596, 46.47338 ], [ 4.91605, 46.46685 ], [ 4.91445, 46.46215 ], [ 4.91111, 46.45773 ], [ 4.90721, 46.45503 ], [ 4.90462, 46.45392 ], [ 4.8993, 46.45012 ], [ 4.89563, 46.44683 ], [ 4.89444, 46.44537 ], [ 4.89289, 46.44257 ], [ 4.8918, 46.43855 ], [ 4.89129, 46.43285 ], [ 4.89153, 46.42753 ], [ 4.89047, 46.42512 ], [ 4.88868, 46.41745 ], [ 4.88799, 46.41326 ], [ 4.88895, 46.40607 ], [ 4.88821, 46.40298 ], [ 4.88324, 46.39796 ], [ 4.87973, 46.39237 ], [ 4.87392, 46.38498 ], [ 4.86973, 46.38004 ], [ 4.86569, 46.37576 ], [ 4.8614, 46.37154 ], [ 4.85853, 46.36802 ], [ 4.85522, 46.36321 ], [ 4.8542, 46.36071 ], [ 4.85146, 46.35627 ], [ 4.85105, 46.35234 ], [ 4.85227, 46.34711 ], [ 4.85265, 46.34278 ], [ 4.85268, 46.33888 ], [ 4.85363, 46.33452 ], [ 4.85342, 46.3299 ], [ 4.85142, 46.32607 ], [ 4.84657, 46.31929 ], [ 4.84319, 46.31523 ], [ 4.84122, 46.3118 ], [ 4.83651, 46.30404 ], [ 4.83293, 46.29943 ], [ 4.83183, 46.29689 ], [ 4.83026, 46.2881 ], [ 4.82868, 46.28462 ], [ 4.82649, 46.27632 ], [ 4.82497, 46.27315 ], [ 4.82033, 46.26811 ], [ 4.81649, 46.2654 ], [ 4.81196, 46.26186 ], [ 4.81099, 46.25992 ], [ 4.81082, 46.25455 ], [ 4.81156, 46.24993 ], [ 4.81084, 46.24575 ], [ 4.8093, 46.24192 ], [ 4.80776, 46.23697 ], [ 4.80603, 46.23472 ], [ 4.80074, 46.22966 ], [ 4.79992, 46.22877 ], [ 4.79785, 46.22454 ], [ 4.79551, 46.22014 ], [ 4.79458, 46.21832 ], [ 4.79332, 46.21308 ], [ 4.79273, 46.2075 ], [ 4.79362, 46.20411 ], [ 4.7932, 46.20192 ], [ 4.78722, 46.19583 ], [ 4.78304, 46.19214 ], [ 4.78024, 46.18905 ], [ 4.78021, 46.17668 ], [ 4.77549, 46.17709 ], [ 4.77089, 46.17539 ], [ 4.76809, 46.1768 ], [ 4.7632, 46.17569 ], [ 4.76081, 46.17597 ], [ 4.75976, 46.17284 ], [ 4.75849, 46.17206 ], [ 4.75548, 46.17276 ], [ 4.75164, 46.17234 ], [ 4.74985, 46.17422 ], [ 4.74782, 46.1753 ], [ 4.74129, 46.17553 ], [ 4.73847, 46.1764 ], [ 4.73429, 46.17716 ], [ 4.73433, 46.17788 ], [ 4.72726, 46.17912 ], [ 4.72955, 46.18276 ], [ 4.7285, 46.18404 ], [ 4.72438, 46.1843 ], [ 4.72521, 46.1886 ], [ 4.72353, 46.18883 ], [ 4.72166, 46.1904 ], [ 4.72168, 46.19385 ], [ 4.72011, 46.1951 ], [ 4.72149, 46.19683 ], [ 4.72166, 46.1993 ], [ 4.72068, 46.20072 ], [ 4.72506, 46.2044 ], [ 4.72539, 46.20698 ], [ 4.72627, 46.2083 ], [ 4.73094, 46.20689 ], [ 4.73428, 46.20642 ], [ 4.7346, 46.20916 ], [ 4.73568, 46.2117 ], [ 4.73322, 46.21314 ], [ 4.73186, 46.21308 ], [ 4.72885, 46.21405 ], [ 4.72925, 46.21724 ], [ 4.73062, 46.21897 ], [ 4.72772, 46.21912 ], [ 4.72042, 46.22156 ], [ 4.72147, 46.2232 ], [ 4.72252, 46.22633 ], [ 4.72002, 46.2285 ], [ 4.72187, 46.22937 ], [ 4.72641, 46.22801 ], [ 4.72982, 46.22753 ], [ 4.73238, 46.22662 ], [ 4.73451, 46.22905 ], [ 4.7339, 46.22988 ], [ 4.73616, 46.23136 ], [ 4.73618, 46.2332 ], [ 4.73448, 46.23432 ], [ 4.73041, 46.23612 ], [ 4.72776, 46.23945 ], [ 4.72442, 46.24182 ], [ 4.72223, 46.24057 ], [ 4.72133, 46.24229 ], [ 4.72235, 46.2433 ], [ 4.72077, 46.24428 ], [ 4.71732, 46.244 ], [ 4.71292, 46.24733 ], [ 4.7089, 46.24858 ], [ 4.70505, 46.25123 ], [ 4.70338, 46.25014 ], [ 4.70075, 46.25069 ], [ 4.70132, 46.25217 ], [ 4.69832, 46.25293 ], [ 4.69324, 46.24823 ], [ 4.68823, 46.24933 ], [ 4.6885, 46.25405 ], [ 4.68647, 46.25494 ], [ 4.68373, 46.25343 ], [ 4.68174, 46.25549 ], [ 4.68031, 46.25836 ], [ 4.67905, 46.25987 ], [ 4.67998, 46.26278 ], [ 4.68189, 46.26489 ], [ 4.67992, 46.26787 ], [ 4.68158, 46.26675 ], [ 4.68433, 46.26584 ], [ 4.68788, 46.26531 ], [ 4.68914, 46.26879 ], [ 4.69076, 46.27029 ], [ 4.69341, 46.27172 ], [ 4.69471, 46.2717 ], [ 4.69954, 46.26782 ], [ 4.7007, 46.26748 ], [ 4.70295, 46.26939 ], [ 4.70421, 46.27116 ], [ 4.70769, 46.26965 ], [ 4.70834, 46.27605 ], [ 4.71039, 46.27857 ], [ 4.70875, 46.27969 ], [ 4.70741, 46.28173 ], [ 4.70748, 46.28471 ], [ 4.70597, 46.28303 ], [ 4.70421, 46.2827 ], [ 4.70344, 46.28583 ], [ 4.70191, 46.28636 ], [ 4.69967, 46.28888 ], [ 4.69847, 46.29125 ], [ 4.69472, 46.29205 ], [ 4.69388, 46.29453 ], [ 4.69257, 46.2987 ], [ 4.69344, 46.30233 ], [ 4.69191, 46.30141 ], [ 4.68879, 46.30134 ], [ 4.683, 46.30286 ], [ 4.68279, 46.30399 ], [ 4.6792, 46.30626 ], [ 4.67633, 46.30461 ], [ 4.67616, 46.30224 ], [ 4.67785, 46.30054 ], [ 4.67392, 46.29994 ], [ 4.67188, 46.29782 ], [ 4.67026, 46.2979 ], [ 4.66761, 46.2967 ], [ 4.66625, 46.29667 ], [ 4.66404, 46.29501 ], [ 4.66226, 46.29595 ], [ 4.65915, 46.29907 ], [ 4.65965, 46.30019 ], [ 4.65525, 46.30226 ], [ 4.65465, 46.30349 ], [ 4.65273, 46.30402 ], [ 4.65045, 46.30379 ], [ 4.6463, 46.30178 ], [ 4.64484, 46.30212 ], [ 4.64221, 46.30123 ], [ 4.63872, 46.30142 ], [ 4.63526, 46.29929 ], [ 4.6351, 46.297 ], [ 4.6367, 46.29336 ], [ 4.63571, 46.2915 ], [ 4.63624, 46.29014 ], [ 4.62982, 46.28869 ], [ 4.62753, 46.28842 ], [ 4.62381, 46.28494 ], [ 4.61964, 46.28277 ], [ 4.61643, 46.28216 ], [ 4.61702, 46.28062 ], [ 4.61936, 46.2795 ], [ 4.62059, 46.27767 ], [ 4.62058, 46.27591 ], [ 4.62189, 46.27138 ], [ 4.62122, 46.26793 ], [ 4.61856, 46.26479 ], [ 4.61243, 46.26721 ], [ 4.60921, 46.26629 ], [ 4.60251, 46.26737 ], [ 4.59995, 46.26818 ], [ 4.59515, 46.26819 ], [ 4.59275, 46.26855 ], [ 4.59111, 46.268 ], [ 4.58651, 46.26869 ], [ 4.5854, 46.26974 ], [ 4.57519, 46.27525 ], [ 4.57294, 46.27592 ], [ 4.57218, 46.27796 ], [ 4.57265, 46.27993 ], [ 4.57213, 46.28133 ], [ 4.5724, 46.28461 ], [ 4.57298, 46.28654 ], [ 4.57177, 46.28861 ], [ 4.57159, 46.29046 ], [ 4.56977, 46.29191 ], [ 4.56985, 46.29335 ], [ 4.56883, 46.29385 ], [ 4.56353, 46.29433 ], [ 4.56025, 46.29524 ], [ 4.55779, 46.29455 ], [ 4.55605, 46.29141 ], [ 4.55404, 46.29155 ], [ 4.55256, 46.29014 ], [ 4.55215, 46.28807 ], [ 4.55323, 46.28567 ], [ 4.54972, 46.28569 ], [ 4.5478, 46.28501 ], [ 4.54821, 46.28383 ], [ 4.54779, 46.28141 ], [ 4.54609, 46.2796 ], [ 4.54536, 46.27772 ], [ 4.54645, 46.27392 ], [ 4.54313, 46.27227 ], [ 4.53726, 46.26991 ], [ 4.53237, 46.26938 ], [ 4.52127, 46.27067 ], [ 4.51784, 46.26943 ], [ 4.5154, 46.26993 ], [ 4.51272, 46.26778 ], [ 4.50869, 46.26758 ], [ 4.50649, 46.26799 ], [ 4.504, 46.26713 ], [ 4.50146, 46.27011 ], [ 4.50012, 46.27243 ], [ 4.50082, 46.27372 ], [ 4.49996, 46.27508 ], [ 4.49497, 46.2782 ], [ 4.49239, 46.28045 ], [ 4.49057, 46.28359 ], [ 4.48846, 46.28799 ], [ 4.48455, 46.28753 ], [ 4.47975, 46.28424 ], [ 4.47591, 46.28405 ], [ 4.47245, 46.28528 ], [ 4.47102, 46.28666 ], [ 4.46922, 46.28728 ], [ 4.46722, 46.29078 ], [ 4.46303, 46.29329 ], [ 4.45863, 46.29693 ], [ 4.45767, 46.29578 ], [ 4.45264, 46.29659 ], [ 4.45003, 46.29601 ], [ 4.4481, 46.29501 ], [ 4.44058, 46.29366 ], [ 4.43945, 46.29306 ], [ 4.43773, 46.29538 ], [ 4.43808, 46.29789 ], [ 4.43498, 46.29988 ], [ 4.43205, 46.30129 ], [ 4.42856, 46.30176 ], [ 4.42704, 46.30282 ], [ 4.42506, 46.29683 ], [ 4.42187, 46.29495 ], [ 4.41387, 46.29617 ], [ 4.41039, 46.2953 ], [ 4.40581, 46.29606 ], [ 4.40645, 46.29385 ], [ 4.40781, 46.29238 ], [ 4.40542, 46.29093 ], [ 4.40446, 46.28798 ], [ 4.40243, 46.2873 ], [ 4.39879, 46.28376 ], [ 4.39754, 46.28334 ], [ 4.3977, 46.28045 ], [ 4.39876, 46.27783 ], [ 4.39845, 46.2763 ], [ 4.39636, 46.27454 ], [ 4.39667, 46.26982 ], [ 4.39611, 46.26877 ], [ 4.39708, 46.26681 ], [ 4.39404, 46.26521 ], [ 4.39205, 46.26302 ], [ 4.39253, 46.26048 ], [ 4.38966, 46.2585 ], [ 4.38961, 46.25729 ], [ 4.39239, 46.25157 ], [ 4.38829, 46.24791 ], [ 4.38613, 46.24745 ], [ 4.38557, 46.24616 ], [ 4.3864, 46.24404 ], [ 4.38806, 46.24368 ], [ 4.39002, 46.24216 ], [ 4.38995, 46.24018 ], [ 4.39142, 46.23796 ], [ 4.39241, 46.23542 ], [ 4.38728, 46.23317 ], [ 4.3867, 46.2316 ], [ 4.38695, 46.22791 ], [ 4.38622, 46.22567 ], [ 4.38699, 46.22553 ], [ 4.38771, 46.22209 ], [ 4.38719, 46.22048 ], [ 4.38808, 46.21979 ], [ 4.38971, 46.21661 ], [ 4.38938, 46.21329 ], [ 4.38382, 46.21182 ], [ 4.37806, 46.21209 ], [ 4.37511, 46.21111 ], [ 4.37315, 46.20917 ], [ 4.37394, 46.20759 ], [ 4.3735, 46.20462 ], [ 4.37023, 46.20382 ], [ 4.3671, 46.20153 ], [ 4.36472, 46.20176 ], [ 4.36283, 46.20004 ], [ 4.36215, 46.1956 ], [ 4.36373, 46.19422 ], [ 4.36558, 46.1936 ], [ 4.36837, 46.19391 ], [ 4.36959, 46.19344 ], [ 4.37163, 46.19084 ], [ 4.37062, 46.18982 ], [ 4.37394, 46.18684 ], [ 4.37169, 46.18553 ], [ 4.37081, 46.18432 ], [ 4.36832, 46.1855 ], [ 4.36627, 46.18585 ], [ 4.36515, 46.18371 ], [ 4.36333, 46.18203 ], [ 4.35866, 46.18185 ], [ 4.35438, 46.18358 ], [ 4.35317, 46.18599 ], [ 4.35223, 46.18664 ], [ 4.34567, 46.18784 ], [ 4.34451, 46.1866 ], [ 4.3419, 46.18597 ], [ 4.34187, 46.1852 ], [ 4.33807, 46.18406 ], [ 4.33661, 46.18102 ], [ 4.33406, 46.18206 ], [ 4.32988, 46.18321 ], [ 4.32664, 46.18488 ], [ 4.32725, 46.182 ], [ 4.32614, 46.1817 ], [ 4.32181, 46.17872 ], [ 4.31854, 46.17437 ], [ 4.31584, 46.17274 ], [ 4.31531, 46.17064 ], [ 4.31183, 46.1712 ], [ 4.30941, 46.17228 ], [ 4.30868, 46.17377 ], [ 4.30696, 46.17461 ], [ 4.30287, 46.17433 ], [ 4.3018, 46.17363 ], [ 4.29868, 46.17305 ], [ 4.29726, 46.17339 ], [ 4.29529, 46.17225 ], [ 4.29231, 46.17248 ], [ 4.28899, 46.17006 ], [ 4.29038, 46.16896 ], [ 4.28898, 46.16647 ], [ 4.28728, 46.16024 ], [ 4.28243, 46.15682 ], [ 4.28123, 46.15594 ], [ 4.27732, 46.15708 ], [ 4.2756, 46.15607 ], [ 4.2695, 46.15748 ], [ 4.26671, 46.15722 ], [ 4.25712, 46.15729 ], [ 4.24991, 46.15818 ], [ 4.25004, 46.1638 ], [ 4.25046, 46.16469 ], [ 4.24869, 46.16603 ], [ 4.24866, 46.16711 ], [ 4.25274, 46.16686 ], [ 4.25661, 46.17004 ], [ 4.25728, 46.17277 ], [ 4.26352, 46.17536 ], [ 4.26343, 46.17627 ], [ 4.25981, 46.18024 ], [ 4.25768, 46.18212 ], [ 4.25815, 46.18455 ], [ 4.25561, 46.18584 ], [ 4.25491, 46.18801 ], [ 4.25322, 46.18804 ], [ 4.25221, 46.18694 ], [ 4.25001, 46.18725 ], [ 4.24785, 46.18845 ], [ 4.2459, 46.18808 ], [ 4.24236, 46.18883 ], [ 4.24085, 46.18637 ], [ 4.2416, 46.18545 ], [ 4.23673, 46.18365 ], [ 4.23687, 46.18175 ], [ 4.23167, 46.17941 ], [ 4.22947, 46.17963 ], [ 4.22658, 46.17837 ], [ 4.22499, 46.17763 ], [ 4.2228, 46.18176 ], [ 4.22036, 46.18378 ], [ 4.21956, 46.1851 ], [ 4.21669, 46.18655 ], [ 4.20791, 46.19484 ], [ 4.20373, 46.19423 ], [ 4.20151, 46.19341 ], [ 4.19713, 46.19258 ], [ 4.19427, 46.19015 ], [ 4.19177, 46.18921 ], [ 4.18806, 46.18841 ], [ 4.18493, 46.19012 ], [ 4.18453, 46.18802 ], [ 4.18318, 46.18597 ], [ 4.18436, 46.1846 ], [ 4.18485, 46.17987 ], [ 4.18644, 46.17903 ], [ 4.18689, 46.17687 ], [ 4.18844, 46.17513 ], [ 4.18701, 46.17457 ], [ 4.17614, 46.17344 ], [ 4.16434, 46.17296 ], [ 4.15733, 46.17442 ], [ 4.15042, 46.17502 ], [ 4.14332, 46.176 ], [ 4.13637, 46.17718 ], [ 4.13385, 46.17732 ], [ 4.13339, 46.17732 ], [ 4.13228, 46.17861 ], [ 4.13324, 46.18052 ], [ 4.12536, 46.18334 ], [ 4.1228, 46.18613 ], [ 4.1205, 46.18707 ], [ 4.11793, 46.18953 ], [ 4.11538, 46.19097 ], [ 4.11165, 46.19197 ], [ 4.10999, 46.19425 ], [ 4.10604, 46.19669 ], [ 4.10383, 46.19844 ], [ 4.09958, 46.1972 ], [ 4.09542, 46.19457 ], [ 4.09464, 46.19282 ], [ 4.09088, 46.19284 ], [ 4.08822, 46.19247 ], [ 4.08357, 46.19116 ], [ 4.0748, 46.19016 ], [ 4.07196, 46.18854 ], [ 4.07087, 46.18698 ], [ 4.06845, 46.18639 ], [ 4.0664, 46.18709 ], [ 4.06491, 46.18874 ], [ 4.06284, 46.18912 ], [ 4.05997, 46.18845 ], [ 4.05258, 46.18251 ], [ 4.05163, 46.18124 ], [ 4.04983, 46.18092 ], [ 4.04775, 46.17969 ], [ 4.04445, 46.17879 ], [ 4.04105, 46.17592 ], [ 4.03346, 46.17369 ], [ 4.03115, 46.17197 ], [ 4.0305, 46.16977 ], [ 4.02751, 46.16941 ], [ 4.02333, 46.17065 ], [ 4.022, 46.17161 ], [ 4.0184, 46.17239 ], [ 4.0126, 46.17153 ], [ 4.00267, 46.17041 ], [ 3.99348, 46.17288 ], [ 3.99012, 46.16911 ], [ 3.98853, 46.16986 ], [ 3.98586, 46.17133 ], [ 3.98388, 46.17428 ], [ 3.98397, 46.17734 ], [ 3.97972, 46.17817 ], [ 3.97824, 46.18309 ], [ 3.97814, 46.18602 ], [ 3.97278, 46.18682 ], [ 3.97097, 46.18915 ], [ 3.97317, 46.19091 ], [ 3.97258, 46.19708 ], [ 3.97292, 46.19992 ], [ 3.97255, 46.20271 ], [ 3.96692, 46.20306 ], [ 3.96517, 46.20286 ], [ 3.96462, 46.20179 ], [ 3.95731, 46.20454 ], [ 3.9566, 46.20379 ], [ 3.95148, 46.20467 ], [ 3.9445, 46.20559 ], [ 3.93352, 46.20642 ], [ 3.92939, 46.2049 ], [ 3.92327, 46.20404 ], [ 3.91837, 46.20285 ], [ 3.9145, 46.20524 ], [ 3.91356, 46.20692 ], [ 3.90946, 46.20792 ], [ 3.90124, 46.21056 ], [ 3.8983, 46.21024 ], [ 3.89199, 46.21378 ], [ 3.89013, 46.21449 ], [ 3.89364, 46.21691 ], [ 3.89443, 46.22203 ], [ 3.89537, 46.22318 ], [ 3.89741, 46.22397 ], [ 3.89809, 46.22518 ], [ 3.89804, 46.22854 ], [ 3.89736, 46.22915 ], [ 3.8963, 46.23285 ], [ 3.89736, 46.23598 ], [ 3.89661, 46.23712 ], [ 3.89765, 46.23963 ], [ 3.89885, 46.2406 ], [ 3.90185, 46.23894 ], [ 3.90487, 46.23786 ], [ 3.90709, 46.24075 ], [ 3.90785, 46.24237 ], [ 3.90664, 46.24314 ], [ 3.90669, 46.24472 ], [ 3.90825, 46.24722 ], [ 3.90969, 46.24778 ], [ 3.90548, 46.25207 ], [ 3.90569, 46.25301 ], [ 3.9085, 46.25576 ], [ 3.9094, 46.25773 ], [ 3.90876, 46.26062 ], [ 3.90676, 46.26083 ], [ 3.90612, 46.26335 ], [ 3.90724, 46.26379 ], [ 3.90732, 46.26667 ], [ 3.90605, 46.26786 ], [ 3.90551, 46.2716 ], [ 3.90473, 46.27354 ], [ 3.9037, 46.27396 ], [ 3.90176, 46.27646 ], [ 3.89953, 46.27591 ], [ 3.89324, 46.28036 ], [ 3.89243, 46.28388 ], [ 3.89124, 46.28525 ], [ 3.8945, 46.2879 ], [ 3.89807, 46.2878 ], [ 3.89927, 46.28918 ], [ 3.89762, 46.29064 ], [ 3.89722, 46.29246 ], [ 3.90772, 46.29429 ], [ 3.91226, 46.29643 ], [ 3.91357, 46.29668 ], [ 3.92251, 46.29638 ], [ 3.93133, 46.29585 ], [ 3.93743, 46.29779 ], [ 3.94279, 46.29892 ], [ 3.94543, 46.30046 ], [ 3.94786, 46.30366 ], [ 3.94785, 46.3056 ], [ 3.94869, 46.30757 ], [ 3.94945, 46.31386 ], [ 3.94805, 46.31689 ], [ 3.94667, 46.31849 ], [ 3.94578, 46.32124 ], [ 3.94715, 46.32154 ], [ 3.95018, 46.3206 ], [ 3.9589, 46.31881 ], [ 3.96859, 46.32177 ], [ 3.97143, 46.32151 ], [ 3.97264, 46.32059 ], [ 3.97748, 46.31931 ], [ 3.98066, 46.31935 ], [ 3.98402, 46.31872 ], [ 3.98734, 46.31485 ], [ 3.98981, 46.31508 ], [ 3.98925, 46.31787 ], [ 3.98789, 46.32037 ], [ 3.98941, 46.32296 ], [ 3.9914, 46.32221 ], [ 3.9938, 46.32222 ], [ 3.99741, 46.32329 ], [ 4.00143, 46.3254 ], [ 4.00457, 46.32748 ], [ 4.00178, 46.32836 ], [ 3.99605, 46.32808 ], [ 3.99436, 46.32765 ], [ 3.98915, 46.32711 ], [ 3.98682, 46.32768 ], [ 3.98474, 46.32973 ], [ 3.98521, 46.33436 ], [ 3.98625, 46.33651 ], [ 3.98596, 46.3379 ], [ 3.98856, 46.34187 ], [ 3.98921, 46.34424 ], [ 3.98765, 46.34661 ], [ 3.98739, 46.35075 ], [ 3.98939, 46.35873 ], [ 3.98868, 46.36094 ], [ 3.9897, 46.36489 ], [ 3.99161, 46.36963 ], [ 3.99122, 46.37193 ], [ 3.98842, 46.37593 ], [ 3.98426, 46.37829 ], [ 3.98304, 46.3806 ], [ 3.98187, 46.38516 ], [ 3.98074, 46.38873 ], [ 3.97975, 46.39037 ], [ 3.97995, 46.39265 ], [ 3.97838, 46.39448 ], [ 3.97757, 46.39786 ], [ 3.97791, 46.40047 ], [ 3.98143, 46.40293 ], [ 3.98307, 46.40336 ], [ 3.98606, 46.40525 ], [ 3.9887, 46.40877 ], [ 3.98814, 46.41179 ], [ 3.98463, 46.41648 ], [ 3.98408, 46.41963 ], [ 3.98662, 46.42172 ], [ 3.99265, 46.4233 ], [ 3.99531, 46.4251 ], [ 3.9961, 46.42738 ], [ 3.9946, 46.42943 ], [ 3.99022, 46.43106 ], [ 3.98814, 46.43546 ], [ 3.98945, 46.43782 ], [ 3.9945, 46.43985 ], [ 3.99641, 46.43989 ], [ 4.00043, 46.43915 ], [ 4.00373, 46.44082 ], [ 4.00554, 46.44246 ], [ 4.00557, 46.44353 ], [ 4.00228, 46.44637 ], [ 3.99883, 46.4488 ], [ 3.99745, 46.45026 ], [ 3.9976, 46.45328 ], [ 4.00154, 46.45876 ], [ 4.00081, 46.46245 ], [ 3.99886, 46.46487 ], [ 3.99426, 46.46754 ], [ 3.99278, 46.46802 ], [ 3.98991, 46.46995 ], [ 3.98417, 46.47165 ], [ 3.98213, 46.47325 ], [ 3.97915, 46.47388 ], [ 3.97717, 46.47539 ], [ 3.97683, 46.47895 ], [ 3.97471, 46.47962 ], [ 3.97229, 46.47947 ], [ 3.96515, 46.478 ], [ 3.9605, 46.47766 ], [ 3.95814, 46.47707 ], [ 3.95501, 46.47693 ], [ 3.95233, 46.47849 ], [ 3.95208, 46.48142 ], [ 3.95426, 46.48432 ], [ 3.95715, 46.48711 ], [ 3.95813, 46.49059 ], [ 3.95572, 46.49168 ], [ 3.94961, 46.49248 ], [ 3.94687, 46.49185 ], [ 3.93941, 46.49119 ], [ 3.93758, 46.49076 ], [ 3.93225, 46.4912 ], [ 3.92811, 46.49215 ], [ 3.92246, 46.49512 ], [ 3.91897, 46.49606 ], [ 3.91649, 46.49609 ], [ 3.91016, 46.49538 ], [ 3.90772, 46.49451 ], [ 3.90135, 46.49064 ], [ 3.89924, 46.4876 ], [ 3.89879, 46.48541 ], [ 3.89699, 46.48147 ], [ 3.89521, 46.48069 ], [ 3.89047, 46.48125 ], [ 3.88668, 46.48305 ], [ 3.87824, 46.48668 ], [ 3.87285, 46.48707 ], [ 3.86994, 46.48773 ], [ 3.86491, 46.48974 ], [ 3.86178, 46.49207 ], [ 3.86072, 46.49366 ], [ 3.86039, 46.4956 ], [ 3.8607, 46.49965 ], [ 3.86129, 46.50252 ], [ 3.86463, 46.50972 ], [ 3.8638, 46.51274 ], [ 3.86002, 46.51523 ], [ 3.85717, 46.51558 ], [ 3.85495, 46.51529 ], [ 3.85131, 46.51363 ], [ 3.84816, 46.51282 ], [ 3.84582, 46.51294 ], [ 3.84504, 46.51309 ], [ 3.84187, 46.51421 ], [ 3.84035, 46.51544 ], [ 3.83976, 46.51756 ], [ 3.84058, 46.51922 ], [ 3.84583, 46.52292 ], [ 3.84647, 46.52436 ], [ 3.84459, 46.52735 ], [ 3.84263, 46.52954 ], [ 3.83916, 46.53129 ], [ 3.83584, 46.53161 ], [ 3.83163, 46.53027 ], [ 3.82814, 46.52873 ], [ 3.82505, 46.52796 ], [ 3.81767, 46.52523 ], [ 3.81402, 46.52271 ], [ 3.81175, 46.52059 ], [ 3.81076, 46.51992 ], [ 3.80513, 46.51932 ], [ 3.80176, 46.5199 ], [ 3.80048, 46.52091 ], [ 3.79638, 46.52591 ], [ 3.79324, 46.52779 ], [ 3.7879, 46.52805 ], [ 3.78404, 46.52773 ], [ 3.78067, 46.52836 ], [ 3.77876, 46.52995 ], [ 3.7774, 46.53276 ], [ 3.77762, 46.53618 ], [ 3.77253, 46.5385 ], [ 3.76909, 46.53921 ], [ 3.76244, 46.53705 ], [ 3.75467, 46.53602 ], [ 3.74901, 46.53676 ], [ 3.747, 46.53729 ], [ 3.74185, 46.53951 ], [ 3.73739, 46.54348 ], [ 3.7347, 46.54545 ], [ 3.73154, 46.54958 ], [ 3.73361, 46.55387 ], [ 3.73427, 46.55435 ], [ 3.73951, 46.55763 ], [ 3.74101, 46.56022 ], [ 3.7431, 46.5655 ], [ 3.74288, 46.56901 ], [ 3.74054, 46.57453 ], [ 3.74044, 46.57593 ], [ 3.74009, 46.58021 ], [ 3.73902, 46.58386 ], [ 3.73805, 46.58706 ], [ 3.73585, 46.59016 ], [ 3.73389, 46.59512 ], [ 3.73465, 46.59696 ], [ 3.73706, 46.59923 ], [ 3.73732, 46.60157 ], [ 3.73599, 46.60337 ], [ 3.73238, 46.60491 ], [ 3.72323, 46.60466 ], [ 3.71972, 46.60502 ], [ 3.71765, 46.60581 ], [ 3.71412, 46.60841 ], [ 3.71286, 46.61023 ], [ 3.71388, 46.614 ], [ 3.71555, 46.61569 ], [ 3.71968, 46.61856 ], [ 3.72303, 46.62207 ], [ 3.72414, 46.6248 ], [ 3.72399, 46.62633 ], [ 3.72271, 46.62761 ], [ 3.71621, 46.63097 ] ], [ [ 4.92184, 44.3088 ], [ 4.91725, 44.30854 ], [ 4.91238, 44.30766 ], [ 4.90812, 44.30617 ], [ 4.90126, 44.30543 ], [ 4.89763, 44.30564 ], [ 4.89166, 44.30425 ], [ 4.88946, 44.30402 ], [ 4.89091, 44.30562 ], [ 4.89156, 44.31037 ], [ 4.89138, 44.3134 ], [ 4.88768, 44.3163 ], [ 4.88408, 44.32021 ], [ 4.88163, 44.32487 ], [ 4.88228, 44.32643 ], [ 4.8847, 44.32904 ], [ 4.88644, 44.32969 ], [ 4.88761, 44.33147 ], [ 4.88947, 44.33308 ], [ 4.89423, 44.33287 ], [ 4.89533, 44.33806 ], [ 4.88575, 44.34287 ], [ 4.87965, 44.34534 ], [ 4.86953, 44.34508 ], [ 4.8701, 44.34807 ], [ 4.87264, 44.35015 ], [ 4.87776, 44.35269 ], [ 4.88089, 44.35361 ], [ 4.88063, 44.35528 ], [ 4.88348, 44.35571 ], [ 4.88494, 44.35753 ], [ 4.88793, 44.35844 ], [ 4.89068, 44.35978 ], [ 4.89228, 44.36163 ], [ 4.89291, 44.36482 ], [ 4.89318, 44.36788 ], [ 4.89455, 44.3691 ], [ 4.8999, 44.36952 ], [ 4.90248, 44.37126 ], [ 4.9024, 44.37243 ], [ 4.90489, 44.37307 ], [ 4.90708, 44.37463 ], [ 4.90896, 44.37734 ], [ 4.91087, 44.38378 ], [ 4.91186, 44.38789 ], [ 4.90968, 44.39672 ], [ 4.91437, 44.40194 ], [ 4.91852, 44.40779 ], [ 4.92191, 44.40951 ], [ 4.92342, 44.40808 ], [ 4.9254, 44.40879 ], [ 4.92607, 44.40991 ], [ 4.92842, 44.41166 ], [ 4.93051, 44.41219 ], [ 4.93503, 44.41214 ], [ 4.93922, 44.41457 ], [ 4.9433, 44.41429 ], [ 4.94621, 44.41486 ], [ 4.94778, 44.41657 ], [ 4.95192, 44.41874 ], [ 4.95196, 44.42005 ], [ 4.95563, 44.42052 ], [ 4.95928, 44.41978 ], [ 4.96047, 44.42005 ], [ 4.9633, 44.42193 ], [ 4.96439, 44.42349 ], [ 4.96437, 44.42498 ], [ 4.96836, 44.427 ], [ 4.96999, 44.42967 ], [ 4.97044, 44.43137 ], [ 4.97308, 44.43153 ], [ 4.97667, 44.42875 ], [ 4.97743, 44.42751 ], [ 4.97764, 44.42485 ], [ 4.97869, 44.42348 ], [ 4.98457, 44.42308 ], [ 4.98861, 44.4232 ], [ 4.99075, 44.42054 ], [ 4.99586, 44.41683 ], [ 5.00106, 44.4126 ], [ 5.00637, 44.41172 ], [ 5.00997, 44.41083 ], [ 5.01074, 44.41116 ], [ 5.01215, 44.41582 ], [ 5.01707, 44.41615 ], [ 5.01876, 44.41598 ], [ 5.02019, 44.41027 ], [ 5.01727, 44.40841 ], [ 5.01772, 44.40714 ], [ 5.01331, 44.40535 ], [ 5.01451, 44.40009 ], [ 5.01558, 44.39304 ], [ 5.0181, 44.3933 ], [ 5.02077, 44.39122 ], [ 5.02271, 44.39126 ], [ 5.02635, 44.39243 ], [ 5.0289, 44.39192 ], [ 5.03105, 44.39084 ], [ 5.0345, 44.39084 ], [ 5.03689, 44.38944 ], [ 5.03818, 44.38761 ], [ 5.04294, 44.38727 ], [ 5.04404, 44.38503 ], [ 5.04408, 44.38342 ], [ 5.04509, 44.38222 ], [ 5.04757, 44.38135 ], [ 5.05197, 44.38134 ], [ 5.05405, 44.38178 ], [ 5.05542, 44.38278 ], [ 5.05981, 44.38408 ], [ 5.0625, 44.3841 ], [ 5.06474, 44.38356 ], [ 5.06585, 44.38173 ], [ 5.06794, 44.38213 ], [ 5.06875, 44.38333 ], [ 5.07088, 44.38322 ], [ 5.07206, 44.38041 ], [ 5.07212, 44.3787 ], [ 5.07032, 44.37645 ], [ 5.06758, 44.37443 ], [ 5.06363, 44.373 ], [ 5.06246, 44.37217 ], [ 5.05903, 44.37131 ], [ 5.0576, 44.37016 ], [ 5.05697, 44.36726 ], [ 5.05504, 44.36502 ], [ 5.04783, 44.36379 ], [ 5.04274, 44.36219 ], [ 5.04075, 44.36414 ], [ 5.03666, 44.36421 ], [ 5.03477, 44.36378 ], [ 5.03252, 44.36121 ], [ 5.0277, 44.36282 ], [ 5.02598, 44.36228 ], [ 5.02389, 44.36056 ], [ 5.02217, 44.35845 ], [ 5.02179, 44.35309 ], [ 5.02202, 44.34963 ], [ 5.02312, 44.34775 ], [ 5.02329, 44.34595 ], [ 5.0202, 44.34259 ], [ 5.01996, 44.34162 ], [ 5.01786, 44.34112 ], [ 5.01454, 44.33841 ], [ 5.01411, 44.33711 ], [ 5.01169, 44.33649 ], [ 5.00901, 44.33377 ], [ 5.00998, 44.33198 ], [ 5.01035, 44.32787 ], [ 5.01378, 44.32579 ], [ 5.00842, 44.32396 ], [ 5.00065, 44.31983 ], [ 4.99657, 44.31974 ], [ 4.9983, 44.31754 ], [ 4.99574, 44.31656 ], [ 4.99313, 44.31427 ], [ 4.99088, 44.31176 ], [ 4.98975, 44.30877 ], [ 4.98965, 44.30674 ], [ 4.98771, 44.30112 ], [ 4.98866, 44.29709 ], [ 4.98788, 44.29377 ], [ 4.98702, 44.29271 ], [ 4.97965, 44.29748 ], [ 4.9762, 44.29751 ], [ 4.97194, 44.29883 ], [ 4.96856, 44.29909 ], [ 4.96211, 44.29919 ], [ 4.95946, 44.29875 ], [ 4.95921, 44.30039 ], [ 4.95698, 44.30241 ], [ 4.95505, 44.30147 ], [ 4.9509, 44.30093 ], [ 4.94905, 44.3031 ], [ 4.947, 44.30318 ], [ 4.94403, 44.30586 ], [ 4.94205, 44.30622 ], [ 4.93721, 44.30614 ], [ 4.93305, 44.30701 ], [ 4.92184, 44.3088 ] ] ] } },
{ "type": "Feature", "properties": { "region": "Corse" }, "geometry": { "type": "MultiPolygon", "coordinates": [ [ [ [ 9.39401, 41.66967 ], [ 9.3956, 41.66889 ], [ 9.39651, 41.66997 ], [ 9.3954, 41.67184 ], [ 9.39281, 41.67246 ], [ 9.38975, 41.67043 ], [ 9.38954, 41.6685 ], [ 9.39202, 41.66812 ], [ 9.39401, 41.66967 ] ] ], [ [ [ 9.36316, 41.63409 ], [ 9.36134, 41.63448 ], [ 9.36091, 41.63323 ], [ 9.36261, 41.63237 ], [ 9.36316, 41.63409 ] ] ], [ [ [ 9.36101, 41.54831 ], [ 9.36321, 41.54966 ], [ 9.36471, 41.55124 ], [ 9.36486, 41.55263 ], [ 9.36185, 41.55372 ], [ 9.35836, 41.54924 ], [ 9.3591, 41.54833 ], [ 9.36101, 41.54831 ] ] ], [ [ [ 9.37518, 41.55963 ], [ 9.37449, 41.56152 ], [ 9.37264, 41.56326 ], [ 9.37098, 41.56292 ], [ 9.37082, 41.56044 ], [ 9.37286, 41.55863 ], [ 9.37422, 41.5585 ], [ 9.37518, 41.55963 ] ] ], [ [ [ 9.35497, 41.54042 ], [ 9.35231, 41.54126 ], [ 9.35196, 41.54033 ], [ 9.35391, 41.53945 ], [ 9.35516, 41.53819 ], [ 9.35497, 41.54042 ] ] ], [ [ [ 8.58877, 41.87467 ], [ 8.59289, 41.8736 ], [ 8.59421, 41.87416 ], [ 8.59333, 41.87555 ], [ 8.59454, 41.87629 ], [ 8.59855, 41.88068 ], [ 8.59789, 41.88207 ], [ 8.59576, 41.88124 ], [ 8.5922, 41.87823 ], [ 8.59061, 41.878 ], [ 8.58667, 41.87601 ], [ 8.5864, 41.87389 ], [ 8.58877, 41.87467 ] ] ], [ [ [ 9.34291, 42.96376 ], [ 9.34135, 42.96567 ], [ 9.34015, 42.96533 ], [ 9.34112, 42.96307 ], [ 9.34291, 42.96376 ] ] ], [ [ [ 9.40767, 43.02591 ], [ 9.4064, 43.02766 ], [ 9.40434, 43.02737 ], [ 9.40392, 43.02591 ], [ 9.40634, 43.02437 ], [ 9.40662, 43.02313 ], [ 9.40875, 43.02232 ], [ 9.40767, 43.02591 ] ] ], [ [ [ 9.01758, 42.64256 ], [ 9.01495, 42.64136 ], [ 9.01038, 42.64035 ], [ 9.00743, 42.64089 ], [ 9.00719, 42.64203 ], [ 9.00277, 42.64414 ], [ 9.00025, 42.64175 ], [ 8.99564, 42.63972 ], [ 8.99285, 42.64002 ], [ 8.99233, 42.6409 ], [ 8.9886, 42.64026 ], [ 8.98542, 42.64139 ], [ 8.98286, 42.63924 ], [ 8.98031, 42.63934 ], [ 8.97898, 42.6396 ], [ 8.97603, 42.63873 ], [ 8.97518, 42.64005 ], [ 8.97224, 42.63954 ], [ 8.97033, 42.63815 ], [ 8.96765, 42.637 ], [ 8.96566, 42.63684 ], [ 8.965, 42.63507 ], [ 8.96253, 42.63426 ], [ 8.95849, 42.63544 ], [ 8.95498, 42.63514 ], [ 8.95476, 42.63377 ], [ 8.95185, 42.63456 ], [ 8.95086, 42.63381 ], [ 8.94838, 42.63354 ], [ 8.94419, 42.63437 ], [ 8.94263, 42.63401 ], [ 8.93995, 42.63466 ], [ 8.93886, 42.63544 ], [ 8.93845, 42.63726 ], [ 8.93649, 42.63725 ], [ 8.93547, 42.63803 ], [ 8.93507, 42.64018 ], [ 8.93827, 42.64206 ], [ 8.93627, 42.64449 ], [ 8.9345, 42.64405 ], [ 8.93368, 42.64494 ], [ 8.93066, 42.64531 ], [ 8.93094, 42.64383 ], [ 8.93648, 42.64249 ], [ 8.9346, 42.64142 ], [ 8.93434, 42.63899 ], [ 8.93279, 42.63808 ], [ 8.93022, 42.6381 ], [ 8.92935, 42.63743 ], [ 8.9263, 42.6381 ], [ 8.92427, 42.63803 ], [ 8.92247, 42.63941 ], [ 8.91832, 42.63716 ], [ 8.91695, 42.63525 ], [ 8.91488, 42.63424 ], [ 8.91554, 42.63339 ], [ 8.91345, 42.63211 ], [ 8.91356, 42.63021 ], [ 8.91147, 42.62896 ], [ 8.90851, 42.62887 ], [ 8.90637, 42.62763 ], [ 8.90302, 42.6271 ], [ 8.90075, 42.62813 ], [ 8.89614, 42.62746 ], [ 8.89472, 42.62785 ], [ 8.89275, 42.63008 ], [ 8.89196, 42.62782 ], [ 8.88796, 42.6304 ], [ 8.88645, 42.62881 ], [ 8.88454, 42.62811 ], [ 8.88256, 42.62957 ], [ 8.87916, 42.62873 ], [ 8.87952, 42.62623 ], [ 8.88314, 42.62638 ], [ 8.88332, 42.6252 ], [ 8.87808, 42.62293 ], [ 8.87823, 42.62201 ], [ 8.88051, 42.62179 ], [ 8.87954, 42.62004 ], [ 8.87661, 42.61953 ], [ 8.87401, 42.61796 ], [ 8.87441, 42.61586 ], [ 8.87523, 42.61509 ], [ 8.87504, 42.61317 ], [ 8.87255, 42.61096 ], [ 8.86976, 42.60931 ], [ 8.86739, 42.6084 ], [ 8.86456, 42.60812 ], [ 8.86172, 42.60973 ], [ 8.85963, 42.60884 ], [ 8.8574, 42.60929 ], [ 8.85414, 42.60848 ], [ 8.85307, 42.60944 ], [ 8.85304, 42.61084 ], [ 8.85046, 42.61063 ], [ 8.84749, 42.60922 ], [ 8.84321, 42.60855 ], [ 8.84228, 42.60671 ], [ 8.84076, 42.60621 ], [ 8.8411, 42.6047 ], [ 8.83811, 42.60477 ], [ 8.83642, 42.60315 ], [ 8.8324, 42.60149 ], [ 8.8289, 42.60196 ], [ 8.82755, 42.60345 ], [ 8.82767, 42.60613 ], [ 8.82353, 42.60618 ], [ 8.81937, 42.60435 ], [ 8.81703, 42.60474 ], [ 8.81349, 42.60414 ], [ 8.81109, 42.60463 ], [ 8.80835, 42.60366 ], [ 8.80644, 42.60394 ], [ 8.80512, 42.60302 ], [ 8.80263, 42.60257 ], [ 8.80186, 42.60108 ], [ 8.80397, 42.60083 ], [ 8.80455, 42.59927 ], [ 8.80734, 42.59965 ], [ 8.80815, 42.59811 ], [ 8.80964, 42.59708 ], [ 8.8105, 42.59469 ], [ 8.80994, 42.59349 ], [ 8.8111, 42.59167 ], [ 8.81081, 42.59002 ], [ 8.80723, 42.58904 ], [ 8.80258, 42.5884 ], [ 8.80169, 42.58696 ], [ 8.80555, 42.58643 ], [ 8.80498, 42.58561 ], [ 8.8014, 42.58513 ], [ 8.80056, 42.58242 ], [ 8.80235, 42.58132 ], [ 8.8027, 42.57891 ], [ 8.80419, 42.57807 ], [ 8.80419, 42.57612 ], [ 8.80525, 42.57462 ], [ 8.80481, 42.57089 ], [ 8.80216, 42.56829 ], [ 8.79652, 42.56504 ], [ 8.79421, 42.56278 ], [ 8.79411, 42.56184 ], [ 8.78889, 42.55856 ], [ 8.78105, 42.55652 ], [ 8.77672, 42.556 ], [ 8.76864, 42.55581 ], [ 8.76416, 42.55683 ], [ 8.76044, 42.55857 ], [ 8.75705, 42.56129 ], [ 8.7562, 42.56373 ], [ 8.75717, 42.56548 ], [ 8.75901, 42.56677 ], [ 8.76203, 42.56715 ], [ 8.76231, 42.56967 ], [ 8.76005, 42.5698 ], [ 8.75812, 42.56881 ], [ 8.75576, 42.57139 ], [ 8.75306, 42.56951 ], [ 8.74933, 42.5683 ], [ 8.74549, 42.56766 ], [ 8.74463, 42.56695 ], [ 8.7426, 42.5681 ], [ 8.73997, 42.56855 ], [ 8.73767, 42.56711 ], [ 8.73778, 42.5652 ], [ 8.73564, 42.56402 ], [ 8.73093, 42.56274 ], [ 8.72981, 42.56299 ], [ 8.72704, 42.56161 ], [ 8.72682, 42.56541 ], [ 8.72763, 42.56626 ], [ 8.72653, 42.56791 ], [ 8.72651, 42.57143 ], [ 8.7259, 42.57268 ], [ 8.72907, 42.57382 ], [ 8.72847, 42.57457 ], [ 8.72512, 42.57331 ], [ 8.72385, 42.57402 ], [ 8.72379, 42.57654 ], [ 8.72463, 42.57817 ], [ 8.72423, 42.58013 ], [ 8.72647, 42.58248 ], [ 8.72681, 42.58405 ], [ 8.72527, 42.58445 ], [ 8.72287, 42.58305 ], [ 8.72123, 42.58138 ], [ 8.71844, 42.5804 ], [ 8.7151, 42.57825 ], [ 8.71188, 42.57774 ], [ 8.70916, 42.57672 ], [ 8.70963, 42.57529 ], [ 8.71251, 42.57541 ], [ 8.71279, 42.57404 ], [ 8.71172, 42.57252 ], [ 8.7091, 42.57202 ], [ 8.70663, 42.57041 ], [ 8.70972, 42.5696 ], [ 8.71178, 42.56954 ], [ 8.71458, 42.5706 ], [ 8.71837, 42.57057 ], [ 8.71473, 42.56608 ], [ 8.71547, 42.56378 ], [ 8.71854, 42.56257 ], [ 8.71688, 42.56022 ], [ 8.72036, 42.559 ], [ 8.71999, 42.5577 ], [ 8.72282, 42.55678 ], [ 8.72216, 42.55379 ], [ 8.71984, 42.55208 ], [ 8.71665, 42.55063 ], [ 8.7166, 42.54904 ], [ 8.71829, 42.5476 ], [ 8.72268, 42.54515 ], [ 8.71915, 42.54517 ], [ 8.71729, 42.54372 ], [ 8.71881, 42.54003 ], [ 8.71757, 42.53928 ], [ 8.71299, 42.53864 ], [ 8.71026, 42.53573 ], [ 8.71212, 42.5343 ], [ 8.71712, 42.53354 ], [ 8.71637, 42.53226 ], [ 8.71441, 42.53093 ], [ 8.71742, 42.53054 ], [ 8.71744, 42.52892 ], [ 8.71957, 42.52776 ], [ 8.7202, 42.52542 ], [ 8.71833, 42.52457 ], [ 8.71311, 42.52415 ], [ 8.71074, 42.52432 ], [ 8.70989, 42.52311 ], [ 8.70672, 42.52319 ], [ 8.70608, 42.52462 ], [ 8.70358, 42.52634 ], [ 8.70227, 42.52551 ], [ 8.69934, 42.5268 ], [ 8.69788, 42.52562 ], [ 8.69519, 42.52554 ], [ 8.69466, 42.52458 ], [ 8.69692, 42.52278 ], [ 8.69536, 42.52065 ], [ 8.6918, 42.51909 ], [ 8.68816, 42.51817 ], [ 8.68551, 42.5161 ], [ 8.68257, 42.51482 ], [ 8.68134, 42.51592 ], [ 8.68125, 42.51742 ], [ 8.68002, 42.51794 ], [ 8.67662, 42.51753 ], [ 8.67442, 42.5187 ], [ 8.6692, 42.51717 ], [ 8.66667, 42.51559 ], [ 8.6655, 42.51363 ], [ 8.6652, 42.51194 ], [ 8.66604, 42.50868 ], [ 8.66556, 42.5075 ], [ 8.66589, 42.50541 ], [ 8.66429, 42.50413 ], [ 8.66437, 42.50304 ], [ 8.66639, 42.50239 ], [ 8.66633, 42.49942 ], [ 8.66557, 42.49856 ], [ 8.66649, 42.49738 ], [ 8.66588, 42.4956 ], [ 8.66334, 42.492 ], [ 8.6636, 42.49045 ], [ 8.6617, 42.49033 ], [ 8.66077, 42.48844 ], [ 8.65721, 42.48637 ], [ 8.65726, 42.4856 ], [ 8.65447, 42.48395 ], [ 8.65374, 42.48273 ], [ 8.65398, 42.48091 ], [ 8.65216, 42.48096 ], [ 8.65018, 42.47886 ], [ 8.64944, 42.47701 ], [ 8.64924, 42.47431 ], [ 8.65118, 42.47357 ], [ 8.65326, 42.47503 ], [ 8.65552, 42.47555 ], [ 8.65839, 42.47552 ], [ 8.6632, 42.47494 ], [ 8.6675, 42.47579 ], [ 8.66951, 42.47523 ], [ 8.67231, 42.4763 ], [ 8.6748, 42.47625 ], [ 8.67724, 42.47399 ], [ 8.67966, 42.47006 ], [ 8.67945, 42.46728 ], [ 8.67873, 42.46628 ], [ 8.67515, 42.46648 ], [ 8.67423, 42.46342 ], [ 8.67267, 42.463 ], [ 8.67029, 42.45997 ], [ 8.66735, 42.45734 ], [ 8.66467, 42.45685 ], [ 8.66416, 42.45534 ], [ 8.66463, 42.45391 ], [ 8.66714, 42.45401 ], [ 8.66891, 42.45224 ], [ 8.66993, 42.45038 ], [ 8.66797, 42.449 ], [ 8.66887, 42.4476 ], [ 8.66834, 42.44478 ], [ 8.66503, 42.44451 ], [ 8.66255, 42.44527 ], [ 8.66023, 42.44464 ], [ 8.65982, 42.44552 ], [ 8.65745, 42.44483 ], [ 8.65067, 42.44426 ], [ 8.65031, 42.44301 ], [ 8.64822, 42.44228 ], [ 8.65427, 42.43689 ], [ 8.65688, 42.43751 ], [ 8.66068, 42.43463 ], [ 8.66372, 42.43447 ], [ 8.66348, 42.4334 ], [ 8.66052, 42.43122 ], [ 8.66275, 42.43041 ], [ 8.6611, 42.42838 ], [ 8.66222, 42.42629 ], [ 8.66019, 42.42238 ], [ 8.65808, 42.41943 ], [ 8.65612, 42.41828 ], [ 8.65682, 42.4168 ], [ 8.65504, 42.41613 ], [ 8.65506, 42.41509 ], [ 8.65192, 42.41531 ], [ 8.65142, 42.41397 ], [ 8.64811, 42.41312 ], [ 8.6458, 42.41315 ], [ 8.64392, 42.41443 ], [ 8.64488, 42.4161 ], [ 8.6421, 42.41702 ], [ 8.64099, 42.41812 ], [ 8.63545, 42.41861 ], [ 8.63022, 42.42055 ], [ 8.6284, 42.42002 ], [ 8.62202, 42.42154 ], [ 8.62201, 42.41947 ], [ 8.62052, 42.41739 ], [ 8.61889, 42.41757 ], [ 8.6105, 42.4159 ], [ 8.60611, 42.41645 ], [ 8.60518, 42.4138 ], [ 8.60759, 42.41299 ], [ 8.60859, 42.41131 ], [ 8.60716, 42.41054 ], [ 8.60183, 42.4096 ], [ 8.60174, 42.40866 ], [ 8.6033, 42.40714 ], [ 8.60722, 42.40683 ], [ 8.60881, 42.40566 ], [ 8.61129, 42.40489 ], [ 8.61169, 42.4032 ], [ 8.60887, 42.40249 ], [ 8.60803, 42.40151 ], [ 8.60552, 42.40195 ], [ 8.6043, 42.40071 ], [ 8.6022, 42.39974 ], [ 8.60196, 42.39736 ], [ 8.60344, 42.39683 ], [ 8.60355, 42.39498 ], [ 8.60509, 42.39516 ], [ 8.60786, 42.39362 ], [ 8.60855, 42.39078 ], [ 8.60958, 42.38996 ], [ 8.60865, 42.3887 ], [ 8.60791, 42.38612 ], [ 8.60538, 42.38575 ], [ 8.6033, 42.38641 ], [ 8.60073, 42.38494 ], [ 8.60087, 42.38402 ], [ 8.59769, 42.3831 ], [ 8.59456, 42.3817 ], [ 8.58925, 42.3846 ], [ 8.58756, 42.38357 ], [ 8.58602, 42.38515 ], [ 8.58367, 42.38166 ], [ 8.58062, 42.38169 ], [ 8.57683, 42.38338 ], [ 8.57341, 42.38141 ], [ 8.57397, 42.38025 ], [ 8.57596, 42.37951 ], [ 8.57834, 42.37527 ], [ 8.57766, 42.37395 ], [ 8.5732, 42.37433 ], [ 8.57392, 42.37298 ], [ 8.57202, 42.37228 ], [ 8.56918, 42.36941 ], [ 8.5674, 42.37049 ], [ 8.56416, 42.37093 ], [ 8.56265, 42.36922 ], [ 8.55979, 42.37171 ], [ 8.55732, 42.37072 ], [ 8.55571, 42.37166 ], [ 8.55363, 42.37102 ], [ 8.55313, 42.37262 ], [ 8.55095, 42.37328 ], [ 8.55257, 42.37562 ], [ 8.55047, 42.37787 ], [ 8.55029, 42.37905 ], [ 8.54729, 42.37889 ], [ 8.54581, 42.37739 ], [ 8.54649, 42.37632 ], [ 8.54462, 42.37524 ], [ 8.54444, 42.37396 ], [ 8.5458, 42.37053 ], [ 8.5434, 42.36904 ], [ 8.54322, 42.36729 ], [ 8.54471, 42.36685 ], [ 8.54659, 42.36796 ], [ 8.54851, 42.36705 ], [ 8.54767, 42.36601 ], [ 8.55134, 42.36437 ], [ 8.5534, 42.36547 ], [ 8.5559, 42.3643 ], [ 8.55481, 42.3631 ], [ 8.5547, 42.36144 ], [ 8.55773, 42.36005 ], [ 8.55651, 42.35935 ], [ 8.55638, 42.358 ], [ 8.55335, 42.35641 ], [ 8.55372, 42.35453 ], [ 8.55649, 42.35294 ], [ 8.55326, 42.35112 ], [ 8.55182, 42.34949 ], [ 8.55291, 42.34817 ], [ 8.55127, 42.34636 ], [ 8.55409, 42.34539 ], [ 8.55262, 42.34394 ], [ 8.5537, 42.34316 ], [ 8.55572, 42.34517 ], [ 8.55932, 42.34466 ], [ 8.55826, 42.34314 ], [ 8.55885, 42.33986 ], [ 8.55728, 42.3394 ], [ 8.55674, 42.33822 ], [ 8.55488, 42.33786 ], [ 8.55555, 42.33607 ], [ 8.55413, 42.33335 ], [ 8.55717, 42.33391 ], [ 8.55779, 42.33224 ], [ 8.55981, 42.33412 ], [ 8.56256, 42.33257 ], [ 8.56462, 42.333 ], [ 8.5655, 42.33512 ], [ 8.56794, 42.33648 ], [ 8.56808, 42.33778 ], [ 8.57324, 42.33781 ], [ 8.57558, 42.33994 ], [ 8.57732, 42.34084 ], [ 8.57797, 42.34375 ], [ 8.58089, 42.34489 ], [ 8.58177, 42.34651 ], [ 8.58177, 42.34846 ], [ 8.58775, 42.3497 ], [ 8.59038, 42.35236 ], [ 8.59436, 42.35314 ], [ 8.60025, 42.353 ], [ 8.60409, 42.34949 ], [ 8.60818, 42.34963 ], [ 8.60784, 42.34853 ], [ 8.61151, 42.34823 ], [ 8.61266, 42.34627 ], [ 8.61394, 42.34756 ], [ 8.61311, 42.3491 ], [ 8.61487, 42.34959 ], [ 8.61743, 42.34773 ], [ 8.61781, 42.34618 ], [ 8.61658, 42.34425 ], [ 8.61795, 42.34328 ], [ 8.61772, 42.34139 ], [ 8.61898, 42.34069 ], [ 8.6235, 42.33959 ], [ 8.62518, 42.3395 ], [ 8.6277, 42.34035 ], [ 8.62893, 42.33911 ], [ 8.62756, 42.33828 ], [ 8.62618, 42.33474 ], [ 8.62768, 42.33349 ], [ 8.62822, 42.33201 ], [ 8.62439, 42.32907 ], [ 8.62156, 42.32751 ], [ 8.61963, 42.32761 ], [ 8.61915, 42.32642 ], [ 8.6163, 42.32663 ], [ 8.60824, 42.32376 ], [ 8.60617, 42.32253 ], [ 8.60351, 42.32214 ], [ 8.60161, 42.32133 ], [ 8.59782, 42.31874 ], [ 8.59744, 42.31605 ], [ 8.60157, 42.31542 ], [ 8.60192, 42.31337 ], [ 8.60423, 42.31153 ], [ 8.60165, 42.30896 ], [ 8.60326, 42.30855 ], [ 8.60524, 42.30637 ], [ 8.60726, 42.30653 ], [ 8.60907, 42.30833 ], [ 8.61218, 42.30838 ], [ 8.61724, 42.31032 ], [ 8.62003, 42.31016 ], [ 8.62246, 42.31148 ], [ 8.62552, 42.31226 ], [ 8.62799, 42.31208 ], [ 8.63053, 42.31063 ], [ 8.63052, 42.30819 ], [ 8.62975, 42.3076 ], [ 8.63092, 42.30605 ], [ 8.62896, 42.30458 ], [ 8.6315, 42.3039 ], [ 8.63327, 42.30466 ], [ 8.63455, 42.30404 ], [ 8.63701, 42.30436 ], [ 8.6378, 42.30247 ], [ 8.64008, 42.30212 ], [ 8.63952, 42.30008 ], [ 8.64128, 42.29952 ], [ 8.64319, 42.30046 ], [ 8.64532, 42.30043 ], [ 8.64655, 42.30108 ], [ 8.64662, 42.30243 ], [ 8.64843, 42.30293 ], [ 8.64982, 42.30221 ], [ 8.65172, 42.30234 ], [ 8.65316, 42.30046 ], [ 8.6552, 42.30192 ], [ 8.65728, 42.3014 ], [ 8.66047, 42.30235 ], [ 8.66102, 42.30115 ], [ 8.65963, 42.30007 ], [ 8.66168, 42.2993 ], [ 8.66175, 42.29813 ], [ 8.6641, 42.29787 ], [ 8.66605, 42.29671 ], [ 8.66689, 42.29482 ], [ 8.67013, 42.29622 ], [ 8.67219, 42.29488 ], [ 8.67437, 42.29422 ], [ 8.67336, 42.29265 ], [ 8.67311, 42.29069 ], [ 8.67623, 42.29037 ], [ 8.67763, 42.28903 ], [ 8.67689, 42.28596 ], [ 8.67345, 42.28502 ], [ 8.67431, 42.2838 ], [ 8.67653, 42.28359 ], [ 8.67873, 42.28071 ], [ 8.68104, 42.2819 ], [ 8.68217, 42.28169 ], [ 8.68528, 42.28297 ], [ 8.68719, 42.28201 ], [ 8.68973, 42.27829 ], [ 8.69137, 42.27704 ], [ 8.69055, 42.27492 ], [ 8.68881, 42.2727 ], [ 8.68887, 42.27148 ], [ 8.6912, 42.2705 ], [ 8.6928, 42.26829 ], [ 8.69083, 42.26849 ], [ 8.69153, 42.26647 ], [ 8.68892, 42.26345 ], [ 8.68738, 42.26272 ], [ 8.68461, 42.26296 ], [ 8.68064, 42.26219 ], [ 8.67685, 42.262 ], [ 8.6758, 42.26296 ], [ 8.67394, 42.26325 ], [ 8.67075, 42.26179 ], [ 8.66993, 42.2608 ], [ 8.66758, 42.26033 ], [ 8.66559, 42.25932 ], [ 8.66246, 42.2589 ], [ 8.65888, 42.25969 ], [ 8.65631, 42.25875 ], [ 8.65013, 42.25836 ], [ 8.64743, 42.25748 ], [ 8.64391, 42.25759 ], [ 8.64184, 42.25692 ], [ 8.64192, 42.25588 ], [ 8.63938, 42.253 ], [ 8.63705, 42.25335 ], [ 8.63559, 42.25276 ], [ 8.63348, 42.25301 ], [ 8.6311, 42.25232 ], [ 8.62938, 42.25274 ], [ 8.62711, 42.2524 ], [ 8.626, 42.25156 ], [ 8.6236, 42.25264 ], [ 8.6209, 42.25488 ], [ 8.61672, 42.25546 ], [ 8.61572, 42.25394 ], [ 8.61741, 42.25316 ], [ 8.61636, 42.25191 ], [ 8.61352, 42.25194 ], [ 8.6131, 42.25264 ], [ 8.60917, 42.25294 ], [ 8.60998, 42.25186 ], [ 8.60842, 42.25077 ], [ 8.60531, 42.24945 ], [ 8.60137, 42.24898 ], [ 8.59806, 42.24808 ], [ 8.59627, 42.2471 ], [ 8.59411, 42.24682 ], [ 8.5924, 42.24496 ], [ 8.58831, 42.24464 ], [ 8.58567, 42.24379 ], [ 8.58329, 42.24375 ], [ 8.58099, 42.24428 ], [ 8.57854, 42.24414 ], [ 8.57633, 42.24336 ], [ 8.5768, 42.2418 ], [ 8.5759, 42.24013 ], [ 8.57406, 42.24005 ], [ 8.57301, 42.23857 ], [ 8.56854, 42.23945 ], [ 8.56444, 42.23795 ], [ 8.56274, 42.2385 ], [ 8.55914, 42.2359 ], [ 8.55651, 42.23573 ], [ 8.5515, 42.23911 ], [ 8.54663, 42.2391 ], [ 8.54599, 42.23995 ], [ 8.53971, 42.23713 ], [ 8.5401, 42.23499 ], [ 8.54386, 42.23506 ], [ 8.54254, 42.23386 ], [ 8.54476, 42.23221 ], [ 8.5478, 42.23169 ], [ 8.54766, 42.22907 ], [ 8.55164, 42.22746 ], [ 8.55428, 42.22727 ], [ 8.55772, 42.2283 ], [ 8.55723, 42.2295 ], [ 8.56004, 42.23156 ], [ 8.56184, 42.23182 ], [ 8.56277, 42.23015 ], [ 8.56981, 42.23081 ], [ 8.57063, 42.22981 ], [ 8.57385, 42.22797 ], [ 8.57385, 42.22548 ], [ 8.57243, 42.22466 ], [ 8.572, 42.22287 ], [ 8.56904, 42.22228 ], [ 8.56913, 42.22136 ], [ 8.56713, 42.21958 ], [ 8.56942, 42.21811 ], [ 8.57153, 42.21862 ], [ 8.57219, 42.21669 ], [ 8.57621, 42.21629 ], [ 8.57712, 42.21434 ], [ 8.57594, 42.21287 ], [ 8.5739, 42.21244 ], [ 8.57217, 42.21339 ], [ 8.57002, 42.21314 ], [ 8.56886, 42.21189 ], [ 8.5707, 42.2108 ], [ 8.56971, 42.20946 ], [ 8.56968, 42.20725 ], [ 8.56772, 42.20452 ], [ 8.57107, 42.20478 ], [ 8.57163, 42.20539 ], [ 8.57827, 42.2075 ], [ 8.58139, 42.20594 ], [ 8.58176, 42.20411 ], [ 8.5814, 42.20111 ], [ 8.58079, 42.19978 ], [ 8.58123, 42.19633 ], [ 8.58011, 42.19535 ], [ 8.57706, 42.19524 ], [ 8.57827, 42.19329 ], [ 8.57812, 42.1919 ], [ 8.58003, 42.19034 ], [ 8.57792, 42.18866 ], [ 8.57983, 42.18576 ], [ 8.58142, 42.18536 ], [ 8.58107, 42.18366 ], [ 8.58238, 42.18327 ], [ 8.58535, 42.18265 ], [ 8.58647, 42.18173 ], [ 8.58511, 42.17901 ], [ 8.58219, 42.17827 ], [ 8.57562, 42.17821 ], [ 8.57005, 42.17708 ], [ 8.56841, 42.17699 ], [ 8.56767, 42.17811 ], [ 8.56593, 42.17767 ], [ 8.56437, 42.17608 ], [ 8.56513, 42.1745 ], [ 8.56202, 42.17373 ], [ 8.56114, 42.1716 ], [ 8.56268, 42.17066 ], [ 8.56446, 42.17088 ], [ 8.56719, 42.16947 ], [ 8.57139, 42.16911 ], [ 8.57792, 42.16952 ], [ 8.58155, 42.17113 ], [ 8.58362, 42.17079 ], [ 8.58849, 42.17142 ], [ 8.59089, 42.17053 ], [ 8.5934, 42.16831 ], [ 8.59345, 42.1675 ], [ 8.59124, 42.16419 ], [ 8.58844, 42.16227 ], [ 8.58351, 42.16209 ], [ 8.58241, 42.15889 ], [ 8.57998, 42.1583 ], [ 8.5771, 42.15679 ], [ 8.57685, 42.15545 ], [ 8.57292, 42.15562 ], [ 8.5718, 42.15663 ], [ 8.57006, 42.15564 ], [ 8.5698, 42.1542 ], [ 8.56777, 42.15446 ], [ 8.56089, 42.15113 ], [ 8.5607, 42.14983 ], [ 8.55944, 42.14872 ], [ 8.55879, 42.14632 ], [ 8.56019, 42.14585 ], [ 8.56182, 42.14697 ], [ 8.56907, 42.14919 ], [ 8.56964, 42.15007 ], [ 8.57198, 42.15052 ], [ 8.57332, 42.15231 ], [ 8.57636, 42.15235 ], [ 8.58083, 42.15098 ], [ 8.58361, 42.15205 ], [ 8.58546, 42.15173 ], [ 8.58668, 42.14954 ], [ 8.58975, 42.14915 ], [ 8.59371, 42.14441 ], [ 8.59274, 42.14257 ], [ 8.5899, 42.13894 ], [ 8.58631, 42.1371 ], [ 8.58397, 42.13493 ], [ 8.58383, 42.13277 ], [ 8.57986, 42.12942 ], [ 8.58125, 42.1288 ], [ 8.58457, 42.12984 ], [ 8.58537, 42.12925 ], [ 8.58879, 42.12961 ], [ 8.59046, 42.1293 ], [ 8.59445, 42.12975 ], [ 8.59583, 42.13031 ], [ 8.59655, 42.13199 ], [ 8.59976, 42.13272 ], [ 8.60309, 42.1319 ], [ 8.60459, 42.13308 ], [ 8.6062, 42.13268 ], [ 8.60922, 42.13437 ], [ 8.61209, 42.1346 ], [ 8.61633, 42.13275 ], [ 8.61627, 42.13159 ], [ 8.61831, 42.13016 ], [ 8.61727, 42.12873 ], [ 8.61776, 42.12685 ], [ 8.62029, 42.12563 ], [ 8.6208, 42.1247 ], [ 8.62371, 42.12396 ], [ 8.62387, 42.12263 ], [ 8.62616, 42.12306 ], [ 8.63211, 42.12308 ], [ 8.63406, 42.12383 ], [ 8.63656, 42.12216 ], [ 8.63636, 42.11942 ], [ 8.63936, 42.12043 ], [ 8.64138, 42.12054 ], [ 8.64437, 42.12151 ], [ 8.64701, 42.12114 ], [ 8.65002, 42.11844 ], [ 8.65097, 42.11699 ], [ 8.65108, 42.115 ], [ 8.65361, 42.11255 ], [ 8.6564, 42.11072 ], [ 8.65617, 42.10953 ], [ 8.65788, 42.10907 ], [ 8.65875, 42.10749 ], [ 8.65773, 42.10583 ], [ 8.65865, 42.10469 ], [ 8.65893, 42.10129 ], [ 8.66244, 42.10258 ], [ 8.66388, 42.10612 ], [ 8.66562, 42.10647 ], [ 8.66826, 42.10619 ], [ 8.67152, 42.10733 ], [ 8.67446, 42.10693 ], [ 8.67824, 42.10479 ], [ 8.68036, 42.10534 ], [ 8.68125, 42.10705 ], [ 8.68464, 42.10939 ], [ 8.68593, 42.10887 ], [ 8.68731, 42.11055 ], [ 8.68788, 42.11332 ], [ 8.68915, 42.1151 ], [ 8.69025, 42.11522 ], [ 8.69603, 42.11418 ], [ 8.70034, 42.11231 ], [ 8.7012, 42.11119 ], [ 8.70012, 42.11074 ], [ 8.70127, 42.10829 ], [ 8.70025, 42.10605 ], [ 8.70298, 42.10359 ], [ 8.70574, 42.10321 ], [ 8.70956, 42.09726 ], [ 8.71016, 42.09484 ], [ 8.70787, 42.09316 ], [ 8.70494, 42.08754 ], [ 8.70563, 42.08652 ], [ 8.70875, 42.08692 ], [ 8.71128, 42.08548 ], [ 8.71477, 42.08154 ], [ 8.71719, 42.07739 ], [ 8.71928, 42.07335 ], [ 8.72034, 42.06944 ], [ 8.72032, 42.0657 ], [ 8.71886, 42.06379 ], [ 8.7254, 42.06329 ], [ 8.7268, 42.06389 ], [ 8.73105, 42.06396 ], [ 8.73513, 42.06586 ], [ 8.73784, 42.06521 ], [ 8.73931, 42.0636 ], [ 8.7387, 42.06232 ], [ 8.74393, 42.05945 ], [ 8.74485, 42.05832 ], [ 8.7434, 42.05723 ], [ 8.7443, 42.05478 ], [ 8.7434, 42.05429 ], [ 8.74452, 42.05211 ], [ 8.74652, 42.0511 ], [ 8.7469, 42.04877 ], [ 8.74534, 42.04515 ], [ 8.74133, 42.04091 ], [ 8.73631, 42.03988 ], [ 8.73442, 42.0403 ], [ 8.73029, 42.04256 ], [ 8.72891, 42.04214 ], [ 8.72733, 42.04318 ], [ 8.72342, 42.04227 ], [ 8.72367, 42.0381 ], [ 8.72533, 42.03666 ], [ 8.72518, 42.03451 ], [ 8.72367, 42.03337 ], [ 8.72205, 42.0335 ], [ 8.71927, 42.03167 ], [ 8.71696, 42.03112 ], [ 8.71651, 42.02962 ], [ 8.71448, 42.02987 ], [ 8.71186, 42.02848 ], [ 8.70846, 42.0283 ], [ 8.70598, 42.02722 ], [ 8.70442, 42.02744 ], [ 8.70008, 42.02569 ], [ 8.69218, 42.0279 ], [ 8.68994, 42.02721 ], [ 8.68839, 42.02739 ], [ 8.68507, 42.02639 ], [ 8.68332, 42.02474 ], [ 8.68319, 42.0228 ], [ 8.68045, 42.02137 ], [ 8.67727, 42.02051 ], [ 8.67209, 42.02012 ], [ 8.66928, 42.01856 ], [ 8.66737, 42.01642 ], [ 8.66472, 42.01539 ], [ 8.66363, 42.01414 ], [ 8.65999, 42.01231 ], [ 8.65786, 42.01034 ], [ 8.65648, 42.00808 ], [ 8.6567, 42.00725 ], [ 8.65526, 42.00499 ], [ 8.65656, 42.00402 ], [ 8.65448, 42.00196 ], [ 8.65446, 41.99925 ], [ 8.65544, 41.99753 ], [ 8.6576, 41.99551 ], [ 8.65766, 41.99312 ], [ 8.65895, 41.99151 ], [ 8.66342, 41.99266 ], [ 8.66519, 41.99391 ], [ 8.66708, 41.9935 ], [ 8.66824, 41.99235 ], [ 8.66904, 41.99018 ], [ 8.66971, 41.98771 ], [ 8.66842, 41.98213 ], [ 8.66508, 41.97889 ], [ 8.66575, 41.97832 ], [ 8.66291, 41.97654 ], [ 8.66096, 41.97632 ], [ 8.65781, 41.97465 ], [ 8.65524, 41.97244 ], [ 8.65247, 41.97192 ], [ 8.65029, 41.97073 ], [ 8.6482, 41.96841 ], [ 8.64052, 41.96738 ], [ 8.63629, 41.96798 ], [ 8.63565, 41.96765 ], [ 8.63137, 41.96775 ], [ 8.62989, 41.96941 ], [ 8.62543, 41.97075 ], [ 8.62287, 41.97048 ], [ 8.62041, 41.9712 ], [ 8.61813, 41.97101 ], [ 8.61432, 41.97154 ], [ 8.6105, 41.97022 ], [ 8.61079, 41.96816 ], [ 8.60832, 41.96762 ], [ 8.6066, 41.96808 ], [ 8.60272, 41.96725 ], [ 8.60122, 41.96748 ], [ 8.59784, 41.96581 ], [ 8.59522, 41.96599 ], [ 8.59208, 41.9644 ], [ 8.59118, 41.96188 ], [ 8.5946, 41.96043 ], [ 8.59778, 41.96008 ], [ 8.59935, 41.95656 ], [ 8.59731, 41.95292 ], [ 8.59852, 41.95241 ], [ 8.60318, 41.95184 ], [ 8.60469, 41.95234 ], [ 8.60682, 41.9519 ], [ 8.60591, 41.94879 ], [ 8.60468, 41.94737 ], [ 8.60733, 41.94655 ], [ 8.60725, 41.94399 ], [ 8.60638, 41.94254 ], [ 8.60934, 41.93948 ], [ 8.61214, 41.94028 ], [ 8.61324, 41.93973 ], [ 8.62077, 41.93954 ], [ 8.62196, 41.93812 ], [ 8.6234, 41.93484 ], [ 8.62243, 41.93177 ], [ 8.62045, 41.93135 ], [ 8.61944, 41.93036 ], [ 8.62068, 41.92871 ], [ 8.62243, 41.92753 ], [ 8.62252, 41.92608 ], [ 8.62043, 41.92498 ], [ 8.61558, 41.92372 ], [ 8.61458, 41.9221 ], [ 8.61553, 41.92128 ], [ 8.61583, 41.91941 ], [ 8.61525, 41.91781 ], [ 8.613, 41.91518 ], [ 8.61125, 41.91518 ], [ 8.60911, 41.90957 ], [ 8.61014, 41.90889 ], [ 8.60924, 41.90717 ], [ 8.61243, 41.90641 ], [ 8.61369, 41.90386 ], [ 8.61575, 41.90276 ], [ 8.61392, 41.90136 ], [ 8.61162, 41.90064 ], [ 8.6101, 41.89868 ], [ 8.61065, 41.89811 ], [ 8.60908, 41.8963 ], [ 8.60661, 41.89517 ], [ 8.60823, 41.89392 ], [ 8.61033, 41.89619 ], [ 8.61459, 41.89826 ], [ 8.61663, 41.90054 ], [ 8.61989, 41.90113 ], [ 8.6222, 41.90199 ], [ 8.62455, 41.90199 ], [ 8.6267, 41.904 ], [ 8.62883, 41.90474 ], [ 8.6297, 41.90623 ], [ 8.63276, 41.90724 ], [ 8.6363, 41.90767 ], [ 8.64148, 41.90991 ], [ 8.64671, 41.90963 ], [ 8.6497, 41.90865 ], [ 8.65378, 41.90892 ], [ 8.65725, 41.90755 ], [ 8.66085, 41.90712 ], [ 8.66431, 41.90739 ], [ 8.66724, 41.90587 ], [ 8.67125, 41.90479 ], [ 8.67373, 41.90547 ], [ 8.67572, 41.90422 ], [ 8.67719, 41.905 ], [ 8.67689, 41.90629 ], [ 8.68025, 41.90727 ], [ 8.68272, 41.90713 ], [ 8.68536, 41.90761 ], [ 8.68762, 41.90898 ], [ 8.69504, 41.90883 ], [ 8.70146, 41.90835 ], [ 8.70568, 41.90703 ], [ 8.70837, 41.90805 ], [ 8.71458, 41.90842 ], [ 8.71747, 41.90772 ], [ 8.71944, 41.90815 ], [ 8.72189, 41.90964 ], [ 8.72222, 41.91111 ], [ 8.7234, 41.91208 ], [ 8.7267, 41.91239 ], [ 8.72854, 41.91202 ], [ 8.73002, 41.91297 ], [ 8.73104, 41.9159 ], [ 8.73572, 41.91672 ], [ 8.7391, 41.91553 ], [ 8.74131, 41.91582 ], [ 8.74163, 41.91674 ], [ 8.7401, 41.91883 ], [ 8.74075, 41.92226 ], [ 8.73949, 41.92666 ], [ 8.74098, 41.92757 ], [ 8.74019, 41.92942 ], [ 8.74039, 41.93131 ], [ 8.74511, 41.93317 ], [ 8.75238, 41.93339 ], [ 8.75536, 41.93227 ], [ 8.75586, 41.92953 ], [ 8.75821, 41.92761 ], [ 8.75821, 41.9257 ], [ 8.76224, 41.9243 ], [ 8.76285, 41.9227 ], [ 8.76452, 41.92296 ], [ 8.76669, 41.92591 ], [ 8.76817, 41.9269 ], [ 8.77265, 41.92738 ], [ 8.77578, 41.9267 ], [ 8.78033, 41.92455 ], [ 8.78582, 41.92027 ], [ 8.79176, 41.91388 ], [ 8.79566, 41.90886 ], [ 8.79767, 41.90537 ], [ 8.79869, 41.90287 ], [ 8.79981, 41.90201 ], [ 8.80142, 41.89939 ], [ 8.80263, 41.89646 ], [ 8.80331, 41.89314 ], [ 8.8025, 41.89037 ], [ 8.79872, 41.88892 ], [ 8.79535, 41.88722 ], [ 8.79333, 41.8858 ], [ 8.78929, 41.88417 ], [ 8.78733, 41.88384 ], [ 8.78652, 41.88487 ], [ 8.78329, 41.88402 ], [ 8.77927, 41.88361 ], [ 8.78026, 41.88274 ], [ 8.78017, 41.88117 ], [ 8.78388, 41.88015 ], [ 8.78526, 41.87894 ], [ 8.78554, 41.87694 ], [ 8.78089, 41.87463 ], [ 8.78068, 41.87368 ], [ 8.78531, 41.87221 ], [ 8.78646, 41.87047 ], [ 8.78657, 41.86861 ], [ 8.78853, 41.86828 ], [ 8.79028, 41.86642 ], [ 8.79099, 41.85984 ], [ 8.79062, 41.85552 ], [ 8.78959, 41.85305 ], [ 8.78823, 41.85046 ], [ 8.78304, 41.84751 ], [ 8.78078, 41.84719 ], [ 8.7786, 41.84767 ], [ 8.77151, 41.84568 ], [ 8.7686, 41.84566 ], [ 8.76648, 41.84673 ], [ 8.76174, 41.84704 ], [ 8.76031, 41.84839 ], [ 8.75901, 41.84683 ], [ 8.75674, 41.84588 ], [ 8.75093, 41.84516 ], [ 8.75028, 41.8429 ], [ 8.75089, 41.84232 ], [ 8.75513, 41.84186 ], [ 8.75654, 41.84088 ], [ 8.76043, 41.84178 ], [ 8.76064, 41.84268 ], [ 8.76384, 41.84386 ], [ 8.76602, 41.84274 ], [ 8.76614, 41.84092 ], [ 8.76928, 41.83745 ], [ 8.77174, 41.83717 ], [ 8.77222, 41.83485 ], [ 8.77509, 41.83392 ], [ 8.7775, 41.83442 ], [ 8.7797, 41.83415 ], [ 8.78035, 41.83335 ], [ 8.78254, 41.83349 ], [ 8.78452, 41.83112 ], [ 8.78337, 41.83037 ], [ 8.78144, 41.82742 ], [ 8.7771, 41.82631 ], [ 8.77488, 41.82526 ], [ 8.77365, 41.82326 ], [ 8.77324, 41.82038 ], [ 8.77402, 41.81917 ], [ 8.77254, 41.81646 ], [ 8.77373, 41.81512 ], [ 8.77323, 41.81366 ], [ 8.77129, 41.81124 ], [ 8.76925, 41.81014 ], [ 8.76718, 41.81111 ], [ 8.76476, 41.80935 ], [ 8.76242, 41.80885 ], [ 8.76146, 41.80949 ], [ 8.75755, 41.80895 ], [ 8.7566, 41.81094 ], [ 8.75517, 41.81234 ], [ 8.75129, 41.81088 ], [ 8.74895, 41.81115 ], [ 8.74689, 41.80991 ], [ 8.74399, 41.80681 ], [ 8.74403, 41.80591 ], [ 8.74096, 41.80501 ], [ 8.74101, 41.80347 ], [ 8.73971, 41.8026 ], [ 8.73963, 41.8012 ], [ 8.74082, 41.8004 ], [ 8.74094, 41.79869 ], [ 8.73931, 41.79738 ], [ 8.73534, 41.79692 ], [ 8.73343, 41.79898 ], [ 8.72972, 41.79801 ], [ 8.72608, 41.79853 ], [ 8.72125, 41.79781 ], [ 8.71978, 41.79879 ], [ 8.72071, 41.8015 ], [ 8.71775, 41.80392 ], [ 8.71083, 41.80101 ], [ 8.70815, 41.79781 ], [ 8.70864, 41.79661 ], [ 8.71062, 41.79466 ], [ 8.71357, 41.79526 ], [ 8.71753, 41.79495 ], [ 8.71831, 41.79309 ], [ 8.7171, 41.7919 ], [ 8.71754, 41.79084 ], [ 8.72002, 41.78916 ], [ 8.72419, 41.78978 ], [ 8.7272, 41.78736 ], [ 8.72677, 41.7849 ], [ 8.72598, 41.78423 ], [ 8.72792, 41.78123 ], [ 8.73148, 41.78075 ], [ 8.73275, 41.7796 ], [ 8.72883, 41.7754 ], [ 8.72801, 41.7739 ], [ 8.72427, 41.77136 ], [ 8.72293, 41.77004 ], [ 8.72127, 41.76964 ], [ 8.72125, 41.76828 ], [ 8.71908, 41.76768 ], [ 8.71803, 41.76562 ], [ 8.71314, 41.76083 ], [ 8.70804, 41.75742 ], [ 8.70689, 41.75789 ], [ 8.70491, 41.75741 ], [ 8.70346, 41.75804 ], [ 8.7019, 41.75627 ], [ 8.69954, 41.75564 ], [ 8.69739, 41.75404 ], [ 8.69597, 41.75191 ], [ 8.69321, 41.7508 ], [ 8.69014, 41.75021 ], [ 8.68782, 41.74929 ], [ 8.68452, 41.747 ], [ 8.67998, 41.74874 ], [ 8.67795, 41.75075 ], [ 8.6747, 41.75134 ], [ 8.67331, 41.75254 ], [ 8.6676, 41.75272 ], [ 8.66592, 41.75214 ], [ 8.66489, 41.75089 ], [ 8.66307, 41.75072 ], [ 8.65976, 41.74946 ], [ 8.66039, 41.74681 ], [ 8.65876, 41.74387 ], [ 8.6595, 41.74333 ], [ 8.65872, 41.74026 ], [ 8.66171, 41.73942 ], [ 8.66489, 41.74169 ], [ 8.66593, 41.74311 ], [ 8.66961, 41.74318 ], [ 8.67177, 41.74369 ], [ 8.67559, 41.74204 ], [ 8.67836, 41.7421 ], [ 8.68201, 41.73992 ], [ 8.68517, 41.74074 ], [ 8.6872, 41.74174 ], [ 8.68808, 41.74039 ], [ 8.68961, 41.73995 ], [ 8.69551, 41.74173 ], [ 8.69813, 41.7414 ], [ 8.6997, 41.74019 ], [ 8.70168, 41.73954 ], [ 8.70456, 41.73938 ], [ 8.70771, 41.73605 ], [ 8.70663, 41.73425 ], [ 8.70622, 41.73197 ], [ 8.70414, 41.7273 ], [ 8.70303, 41.72601 ], [ 8.70333, 41.72464 ], [ 8.70471, 41.72343 ], [ 8.70691, 41.72318 ], [ 8.7072, 41.7218 ], [ 8.71401, 41.72296 ], [ 8.71667, 41.7225 ], [ 8.71856, 41.72328 ], [ 8.72301, 41.72439 ], [ 8.72455, 41.72657 ], [ 8.72681, 41.72819 ], [ 8.73419, 41.72901 ], [ 8.73536, 41.7298 ], [ 8.73685, 41.72903 ], [ 8.74132, 41.73212 ], [ 8.74891, 41.73395 ], [ 8.75095, 41.7351 ], [ 8.75303, 41.73539 ], [ 8.75537, 41.73702 ], [ 8.75837, 41.73757 ], [ 8.76723, 41.7404 ], [ 8.77245, 41.74151 ], [ 8.77498, 41.74142 ], [ 8.77979, 41.73952 ], [ 8.78147, 41.73825 ], [ 8.78401, 41.73535 ], [ 8.7846, 41.73225 ], [ 8.77991, 41.72697 ], [ 8.78078, 41.72659 ], [ 8.78096, 41.72432 ], [ 8.77939, 41.72364 ], [ 8.77797, 41.72148 ], [ 8.776, 41.72163 ], [ 8.7733, 41.71934 ], [ 8.77375, 41.71846 ], [ 8.77245, 41.71691 ], [ 8.77304, 41.71512 ], [ 8.77115, 41.7136 ], [ 8.77206, 41.71197 ], [ 8.77547, 41.71164 ], [ 8.77906, 41.70959 ], [ 8.784, 41.70895 ], [ 8.7849, 41.70956 ], [ 8.78787, 41.70854 ], [ 8.78669, 41.70648 ], [ 8.78781, 41.70488 ], [ 8.78604, 41.70287 ], [ 8.78264, 41.7022 ], [ 8.78169, 41.69982 ], [ 8.78283, 41.69921 ], [ 8.78778, 41.70056 ], [ 8.79058, 41.70013 ], [ 8.79225, 41.70121 ], [ 8.7933, 41.70439 ], [ 8.79548, 41.70698 ], [ 8.794, 41.70838 ], [ 8.79724, 41.71063 ], [ 8.80216, 41.71098 ], [ 8.80668, 41.70987 ], [ 8.80734, 41.71209 ], [ 8.80913, 41.71379 ], [ 8.81272, 41.71413 ], [ 8.82116, 41.7113 ], [ 8.82542, 41.70938 ], [ 8.83029, 41.70626 ], [ 8.83573, 41.70098 ], [ 8.836, 41.70011 ], [ 8.83956, 41.69901 ], [ 8.84209, 41.69719 ], [ 8.84344, 41.69684 ], [ 8.84843, 41.69678 ], [ 8.85131, 41.69603 ], [ 8.85782, 41.69732 ], [ 8.86041, 41.69559 ], [ 8.86265, 41.69629 ], [ 8.86818, 41.69611 ], [ 8.86978, 41.69637 ], [ 8.87475, 41.69383 ], [ 8.87749, 41.69467 ], [ 8.87829, 41.69597 ], [ 8.88174, 41.69487 ], [ 8.8833, 41.69378 ], [ 8.88535, 41.69141 ], [ 8.88624, 41.68951 ], [ 8.89117, 41.69008 ], [ 8.89346, 41.68936 ], [ 8.89764, 41.68966 ], [ 8.89968, 41.69014 ], [ 8.90324, 41.69024 ], [ 8.90622, 41.69111 ], [ 8.90914, 41.69126 ], [ 8.91135, 41.69054 ], [ 8.9135, 41.691 ], [ 8.91602, 41.68738 ], [ 8.91688, 41.68344 ], [ 8.91578, 41.68157 ], [ 8.91337, 41.67977 ], [ 8.91061, 41.67929 ], [ 8.90869, 41.67706 ], [ 8.90458, 41.67689 ], [ 8.90117, 41.67596 ], [ 8.89883, 41.67609 ], [ 8.89758, 41.67797 ], [ 8.89539, 41.67535 ], [ 8.89351, 41.67595 ], [ 8.89134, 41.67292 ], [ 8.88965, 41.67174 ], [ 8.88665, 41.67124 ], [ 8.88303, 41.67168 ], [ 8.88125, 41.67024 ], [ 8.88, 41.66386 ], [ 8.87912, 41.66184 ], [ 8.87885, 41.65846 ], [ 8.8779, 41.65581 ], [ 8.87727, 41.65245 ], [ 8.8754, 41.64958 ], [ 8.87244, 41.64718 ], [ 8.8695, 41.64609 ], [ 8.8654, 41.64827 ], [ 8.86235, 41.64844 ], [ 8.86088, 41.64762 ], [ 8.85822, 41.64755 ], [ 8.85637, 41.64643 ], [ 8.85122, 41.64791 ], [ 8.85073, 41.6455 ], [ 8.84951, 41.64529 ], [ 8.84724, 41.64258 ], [ 8.84168, 41.64303 ], [ 8.84087, 41.63983 ], [ 8.83938, 41.63991 ], [ 8.83631, 41.63874 ], [ 8.83483, 41.6395 ], [ 8.82959, 41.63827 ], [ 8.8296, 41.63668 ], [ 8.82813, 41.63577 ], [ 8.82652, 41.63595 ], [ 8.82411, 41.63465 ], [ 8.82353, 41.63197 ], [ 8.82178, 41.63009 ], [ 8.82047, 41.62967 ], [ 8.81584, 41.62974 ], [ 8.81205, 41.63091 ], [ 8.81116, 41.63173 ], [ 8.81012, 41.6345 ], [ 8.80978, 41.63704 ], [ 8.81041, 41.639 ], [ 8.80581, 41.64174 ], [ 8.80333, 41.64107 ], [ 8.80326, 41.63981 ], [ 8.80466, 41.6382 ], [ 8.80384, 41.63427 ], [ 8.80297, 41.63337 ], [ 8.80066, 41.63323 ], [ 8.79709, 41.63235 ], [ 8.79435, 41.63269 ], [ 8.79566, 41.63072 ], [ 8.79371, 41.62989 ], [ 8.7929, 41.62835 ], [ 8.79124, 41.62754 ], [ 8.7943, 41.62615 ], [ 8.79509, 41.62507 ], [ 8.79472, 41.62377 ], [ 8.792, 41.62253 ], [ 8.79201, 41.62014 ], [ 8.78999, 41.62102 ], [ 8.78926, 41.61975 ], [ 8.78748, 41.61944 ], [ 8.78568, 41.61837 ], [ 8.78793, 41.61671 ], [ 8.79046, 41.61666 ], [ 8.79129, 41.6143 ], [ 8.7905, 41.61169 ], [ 8.79168, 41.61094 ], [ 8.79089, 41.60958 ], [ 8.79161, 41.6072 ], [ 8.78893, 41.60528 ], [ 8.78793, 41.60303 ], [ 8.78591, 41.60269 ], [ 8.78538, 41.59984 ], [ 8.78729, 41.59845 ], [ 8.78706, 41.59731 ], [ 8.78524, 41.59723 ], [ 8.7822, 41.59509 ], [ 8.77933, 41.59463 ], [ 8.77836, 41.59269 ], [ 8.77415, 41.59226 ], [ 8.7773, 41.58999 ], [ 8.77933, 41.59043 ], [ 8.78208, 41.59027 ], [ 8.78187, 41.58766 ], [ 8.78381, 41.58598 ], [ 8.78606, 41.58567 ], [ 8.78865, 41.58741 ], [ 8.79161, 41.58706 ], [ 8.79155, 41.58332 ], [ 8.79191, 41.58113 ], [ 8.7915, 41.57926 ], [ 8.79468, 41.57867 ], [ 8.79643, 41.57631 ], [ 8.79846, 41.57508 ], [ 8.80262, 41.57574 ], [ 8.80178, 41.57452 ], [ 8.80259, 41.57317 ], [ 8.80166, 41.57223 ], [ 8.79916, 41.57191 ], [ 8.79658, 41.57021 ], [ 8.79554, 41.56878 ], [ 8.79424, 41.56903 ], [ 8.79231, 41.56666 ], [ 8.79003, 41.56656 ], [ 8.78816, 41.56419 ], [ 8.78541, 41.56485 ], [ 8.78424, 41.56695 ], [ 8.78219, 41.56633 ], [ 8.78423, 41.56518 ], [ 8.78597, 41.56332 ], [ 8.78784, 41.56226 ], [ 8.78755, 41.55985 ], [ 8.78897, 41.55859 ], [ 8.78884, 41.55725 ], [ 8.7917, 41.55753 ], [ 8.79455, 41.55547 ], [ 8.79855, 41.55683 ], [ 8.80013, 41.55652 ], [ 8.80239, 41.55512 ], [ 8.80433, 41.55645 ], [ 8.80594, 41.55564 ], [ 8.8084, 41.55621 ], [ 8.80995, 41.5555 ], [ 8.81303, 41.55271 ], [ 8.81468, 41.55229 ], [ 8.81542, 41.55081 ], [ 8.8131, 41.54868 ], [ 8.8158, 41.54799 ], [ 8.8172, 41.54701 ], [ 8.81985, 41.54654 ], [ 8.82181, 41.54435 ], [ 8.82437, 41.54601 ], [ 8.82765, 41.5451 ], [ 8.82869, 41.54531 ], [ 8.83085, 41.54712 ], [ 8.83304, 41.54745 ], [ 8.8364, 41.54554 ], [ 8.83944, 41.54586 ], [ 8.84291, 41.54689 ], [ 8.84466, 41.54453 ], [ 8.84332, 41.54266 ], [ 8.84488, 41.54081 ], [ 8.84662, 41.54089 ], [ 8.84953, 41.54281 ], [ 8.8502, 41.54457 ], [ 8.85328, 41.54711 ], [ 8.85113, 41.5414 ], [ 8.85111, 41.53883 ], [ 8.85473, 41.53663 ], [ 8.85557, 41.53433 ], [ 8.85075, 41.53294 ], [ 8.84571, 41.52822 ], [ 8.8431, 41.52629 ], [ 8.84141, 41.52377 ], [ 8.84088, 41.51969 ], [ 8.84447, 41.5179 ], [ 8.84731, 41.51801 ], [ 8.85067, 41.51863 ], [ 8.85221, 41.51791 ], [ 8.85552, 41.5179 ], [ 8.85627, 41.5193 ], [ 8.85889, 41.52028 ], [ 8.8596, 41.52132 ], [ 8.86228, 41.51986 ], [ 8.8656, 41.51998 ], [ 8.87175, 41.52266 ], [ 8.87412, 41.52464 ], [ 8.87781, 41.52379 ], [ 8.88209, 41.52093 ], [ 8.88415, 41.51874 ], [ 8.88727, 41.51693 ], [ 8.8891, 41.51714 ], [ 8.89046, 41.51638 ], [ 8.89062, 41.51502 ], [ 8.88771, 41.51428 ], [ 8.88406, 41.51147 ], [ 8.88169, 41.50826 ], [ 8.88374, 41.50653 ], [ 8.8833, 41.50524 ], [ 8.88648, 41.50519 ], [ 8.89021, 41.50691 ], [ 8.89091, 41.50795 ], [ 8.89596, 41.5074 ], [ 8.89995, 41.50888 ], [ 8.9092, 41.50644 ], [ 8.91058, 41.50813 ], [ 8.91209, 41.50832 ], [ 8.91475, 41.50721 ], [ 8.91821, 41.50352 ], [ 8.92085, 41.4981 ], [ 8.92197, 41.49333 ], [ 8.92003, 41.48911 ], [ 8.9218, 41.48883 ], [ 8.92406, 41.49019 ], [ 8.92719, 41.48982 ], [ 8.92907, 41.4912 ], [ 8.93194, 41.49564 ], [ 8.93671, 41.49541 ], [ 8.93647, 41.4937 ], [ 8.93697, 41.49156 ], [ 8.93792, 41.49029 ], [ 8.94049, 41.49009 ], [ 8.94084, 41.48943 ], [ 8.94509, 41.48986 ], [ 8.94855, 41.48967 ], [ 8.95285, 41.49239 ], [ 8.95554, 41.49268 ], [ 8.95785, 41.49183 ], [ 8.95991, 41.49193 ], [ 8.96533, 41.48995 ], [ 8.96643, 41.48898 ], [ 8.96644, 41.48722 ], [ 8.96732, 41.48527 ], [ 8.96578, 41.48274 ], [ 8.96848, 41.4838 ], [ 8.9704, 41.48378 ], [ 8.97082, 41.48493 ], [ 8.97277, 41.48517 ], [ 8.97696, 41.48263 ], [ 8.97537, 41.48069 ], [ 8.97747, 41.47958 ], [ 8.97978, 41.4798 ], [ 8.98234, 41.47788 ], [ 8.98051, 41.47587 ], [ 8.98102, 41.47448 ], [ 8.98355, 41.4738 ], [ 8.98594, 41.47736 ], [ 8.98834, 41.47894 ], [ 8.99038, 41.48238 ], [ 8.99201, 41.48255 ], [ 8.99286, 41.48372 ], [ 8.99263, 41.48514 ], [ 8.99479, 41.48554 ], [ 8.99709, 41.48398 ], [ 8.99779, 41.48145 ], [ 8.99767, 41.47857 ], [ 8.99961, 41.47827 ], [ 9.003, 41.47505 ], [ 9.00653, 41.47492 ], [ 9.00911, 41.47424 ], [ 9.01125, 41.4747 ], [ 9.01183, 41.47614 ], [ 9.01539, 41.4787 ], [ 9.01819, 41.47781 ], [ 9.01745, 41.47596 ], [ 9.01609, 41.47454 ], [ 9.01665, 41.47352 ], [ 9.01522, 41.47247 ], [ 9.01658, 41.46932 ], [ 9.01884, 41.46919 ], [ 9.01801, 41.46757 ], [ 9.02547, 41.46591 ], [ 9.02252, 41.46355 ], [ 9.02254, 41.46256 ], [ 9.02604, 41.46168 ], [ 9.02776, 41.46315 ], [ 9.02887, 41.4657 ], [ 9.02893, 41.46751 ], [ 9.03307, 41.46862 ], [ 9.03466, 41.47061 ], [ 9.0374, 41.47035 ], [ 9.03968, 41.46863 ], [ 9.03978, 41.46569 ], [ 9.04084, 41.46487 ], [ 9.04026, 41.46327 ], [ 9.03891, 41.46236 ], [ 9.03859, 41.45818 ], [ 9.03926, 41.45714 ], [ 9.0418, 41.45681 ], [ 9.04255, 41.45772 ], [ 9.0476, 41.46122 ], [ 9.05012, 41.46052 ], [ 9.05154, 41.45921 ], [ 9.05494, 41.46136 ], [ 9.05472, 41.462 ], [ 9.05649, 41.46398 ], [ 9.05875, 41.46439 ], [ 9.05901, 41.46641 ], [ 9.0615, 41.46725 ], [ 9.06238, 41.46868 ], [ 9.06252, 41.47062 ], [ 9.06804, 41.47287 ], [ 9.06872, 41.4754 ], [ 9.07201, 41.47526 ], [ 9.07212, 41.47683 ], [ 9.07417, 41.47752 ], [ 9.07731, 41.47652 ], [ 9.07994, 41.47749 ], [ 9.07699, 41.47234 ], [ 9.07547, 41.47207 ], [ 9.07398, 41.4699 ], [ 9.0714, 41.46996 ], [ 9.07129, 41.46726 ], [ 9.07058, 41.46562 ], [ 9.06745, 41.46554 ], [ 9.068, 41.46438 ], [ 9.06725, 41.46312 ], [ 9.06926, 41.46106 ], [ 9.06819, 41.45774 ], [ 9.06601, 41.45528 ], [ 9.06694, 41.44977 ], [ 9.06906, 41.44938 ], [ 9.06909, 41.44743 ], [ 9.07043, 41.44654 ], [ 9.07012, 41.44461 ], [ 9.07394, 41.4438 ], [ 9.07406, 41.44221 ], [ 9.07675, 41.44264 ], [ 9.07758, 41.44196 ], [ 9.08132, 41.44214 ], [ 9.0826, 41.44175 ], [ 9.08372, 41.4433 ], [ 9.08581, 41.44489 ], [ 9.09013, 41.44541 ], [ 9.09071, 41.44705 ], [ 9.09384, 41.44984 ], [ 9.09538, 41.4496 ], [ 9.09508, 41.44737 ], [ 9.09791, 41.4453 ], [ 9.09727, 41.44377 ], [ 9.10109, 41.44236 ], [ 9.10572, 41.44312 ], [ 9.10556, 41.4444 ], [ 9.10654, 41.44569 ], [ 9.10888, 41.4451 ], [ 9.10803, 41.441 ], [ 9.11202, 41.44084 ], [ 9.11603, 41.44187 ], [ 9.1177, 41.44281 ], [ 9.12126, 41.44301 ], [ 9.12237, 41.44149 ], [ 9.1219, 41.44048 ], [ 9.11922, 41.44078 ], [ 9.1195, 41.43828 ], [ 9.12053, 41.43776 ], [ 9.12032, 41.43592 ], [ 9.11897, 41.43555 ], [ 9.11819, 41.43393 ], [ 9.11603, 41.43442 ], [ 9.11339, 41.43215 ], [ 9.11183, 41.43169 ], [ 9.11117, 41.42992 ], [ 9.10941, 41.42904 ], [ 9.10686, 41.42942 ], [ 9.10435, 41.42551 ], [ 9.10499, 41.42352 ], [ 9.10474, 41.42186 ], [ 9.10844, 41.42223 ], [ 9.10893, 41.41994 ], [ 9.10603, 41.41709 ], [ 9.10409, 41.41567 ], [ 9.10104, 41.41635 ], [ 9.09787, 41.41468 ], [ 9.09747, 41.41314 ], [ 9.09503, 41.41179 ], [ 9.09678, 41.41059 ], [ 9.09596, 41.40907 ], [ 9.09408, 41.40841 ], [ 9.09403, 41.40503 ], [ 9.09223, 41.40396 ], [ 9.09273, 41.40281 ], [ 9.09118, 41.40181 ], [ 9.09279, 41.39887 ], [ 9.09462, 41.39984 ], [ 9.09584, 41.39874 ], [ 9.09326, 41.39487 ], [ 9.09358, 41.39386 ], [ 9.09634, 41.39342 ], [ 9.0965, 41.39206 ], [ 9.09846, 41.39135 ], [ 9.10033, 41.39318 ], [ 9.10274, 41.39317 ], [ 9.10498, 41.39511 ], [ 9.10788, 41.39477 ], [ 9.11088, 41.39639 ], [ 9.11304, 41.3959 ], [ 9.1153, 41.3968 ], [ 9.12107, 41.39641 ], [ 9.12408, 41.39827 ], [ 9.12739, 41.39937 ], [ 9.13294, 41.39976 ], [ 9.13355, 41.39874 ], [ 9.1282, 41.39634 ], [ 9.12672, 41.39431 ], [ 9.1295, 41.39288 ], [ 9.13509, 41.39453 ], [ 9.13576, 41.39182 ], [ 9.13767, 41.39171 ], [ 9.13867, 41.38997 ], [ 9.14264, 41.38874 ], [ 9.14277, 41.38788 ], [ 9.14564, 41.38779 ], [ 9.14717, 41.38911 ], [ 9.15216, 41.39097 ], [ 9.15492, 41.38995 ], [ 9.15528, 41.38825 ], [ 9.15283, 41.38881 ], [ 9.14998, 41.38857 ], [ 9.14847, 41.38618 ], [ 9.14897, 41.3852 ], [ 9.15181, 41.38602 ], [ 9.15875, 41.38642 ], [ 9.16132, 41.38681 ], [ 9.16336, 41.38573 ], [ 9.16724, 41.38559 ], [ 9.16974, 41.38322 ], [ 9.17438, 41.37937 ], [ 9.17367, 41.37839 ], [ 9.17459, 41.37688 ], [ 9.17455, 41.37544 ], [ 9.17653, 41.37532 ], [ 9.17772, 41.37371 ], [ 9.17777, 41.3719 ], [ 9.17922, 41.3686 ], [ 9.1784, 41.36771 ], [ 9.18035, 41.3662 ], [ 9.18385, 41.36648 ], [ 9.18475, 41.36587 ], [ 9.1922, 41.36714 ], [ 9.19231, 41.36597 ], [ 9.19456, 41.36573 ], [ 9.19843, 41.3678 ], [ 9.19921, 41.36712 ], [ 9.19841, 41.36527 ], [ 9.20039, 41.36484 ], [ 9.20137, 41.36659 ], [ 9.20398, 41.36584 ], [ 9.20548, 41.36697 ], [ 9.21031, 41.36658 ], [ 9.21257, 41.3682 ], [ 9.21482, 41.36844 ], [ 9.21623, 41.36767 ], [ 9.21738, 41.36837 ], [ 9.22004, 41.36739 ], [ 9.22072, 41.3692 ], [ 9.22249, 41.37113 ], [ 9.22265, 41.37212 ], [ 9.22062, 41.37395 ], [ 9.22065, 41.37531 ], [ 9.22183, 41.37726 ], [ 9.22338, 41.37795 ], [ 9.22446, 41.37959 ], [ 9.22771, 41.38083 ], [ 9.23067, 41.38328 ], [ 9.23112, 41.38461 ], [ 9.23312, 41.38656 ], [ 9.23351, 41.38785 ], [ 9.23566, 41.39056 ], [ 9.23667, 41.39281 ], [ 9.23628, 41.39463 ], [ 9.23894, 41.39542 ], [ 9.23994, 41.39639 ], [ 9.24034, 41.39836 ], [ 9.24262, 41.40003 ], [ 9.24452, 41.40016 ], [ 9.24613, 41.40144 ], [ 9.24597, 41.40276 ], [ 9.24893, 41.40524 ], [ 9.24883, 41.40651 ], [ 9.25022, 41.4071 ], [ 9.24988, 41.40839 ], [ 9.25077, 41.40992 ], [ 9.25368, 41.41028 ], [ 9.25491, 41.41178 ], [ 9.25719, 41.41215 ], [ 9.25974, 41.41366 ], [ 9.25838, 41.41438 ], [ 9.25885, 41.41597 ], [ 9.26042, 41.41715 ], [ 9.25862, 41.41878 ], [ 9.2612, 41.41989 ], [ 9.26081, 41.42186 ], [ 9.26273, 41.42242 ], [ 9.26343, 41.42549 ], [ 9.26471, 41.42641 ], [ 9.2651, 41.42829 ], [ 9.26189, 41.42852 ], [ 9.25815, 41.4283 ], [ 9.25477, 41.42489 ], [ 9.25213, 41.42488 ], [ 9.24903, 41.42339 ], [ 9.24702, 41.42194 ], [ 9.24547, 41.42207 ], [ 9.24118, 41.41909 ], [ 9.23838, 41.41587 ], [ 9.23628, 41.41581 ], [ 9.23545, 41.41375 ], [ 9.23204, 41.41214 ], [ 9.23049, 41.41057 ], [ 9.22754, 41.40871 ], [ 9.2265, 41.4086 ], [ 9.22615, 41.40654 ], [ 9.22369, 41.40475 ], [ 9.22145, 41.40462 ], [ 9.21971, 41.40522 ], [ 9.21734, 41.40717 ], [ 9.21598, 41.40951 ], [ 9.21639, 41.41052 ], [ 9.21921, 41.41225 ], [ 9.21532, 41.4133 ], [ 9.21543, 41.41442 ], [ 9.2194, 41.4145 ], [ 9.22199, 41.41407 ], [ 9.22392, 41.41467 ], [ 9.22604, 41.4182 ], [ 9.22478, 41.42058 ], [ 9.22591, 41.42155 ], [ 9.2259, 41.42417 ], [ 9.22798, 41.42459 ], [ 9.22887, 41.42612 ], [ 9.22689, 41.42727 ], [ 9.2244, 41.43258 ], [ 9.22467, 41.43346 ], [ 9.22338, 41.43481 ], [ 9.22272, 41.43814 ], [ 9.22278, 41.43986 ], [ 9.22395, 41.44249 ], [ 9.22869, 41.44301 ], [ 9.22994, 41.44397 ], [ 9.23235, 41.4446 ], [ 9.23579, 41.44475 ], [ 9.23873, 41.44529 ], [ 9.24073, 41.44662 ], [ 9.24381, 41.4468 ], [ 9.24559, 41.44827 ], [ 9.24604, 41.44968 ], [ 9.24825, 41.45112 ], [ 9.25063, 41.45157 ], [ 9.25179, 41.45398 ], [ 9.25341, 41.4551 ], [ 9.25726, 41.45459 ], [ 9.2572, 41.45569 ], [ 9.25924, 41.4562 ], [ 9.25882, 41.45789 ], [ 9.25882, 41.46115 ], [ 9.2617, 41.4634 ], [ 9.26322, 41.46358 ], [ 9.26644, 41.46614 ], [ 9.26865, 41.4655 ], [ 9.26933, 41.46339 ], [ 9.27115, 41.46206 ], [ 9.27401, 41.46179 ], [ 9.27794, 41.46422 ], [ 9.27757, 41.46541 ], [ 9.27572, 41.46598 ], [ 9.2735, 41.46594 ], [ 9.27122, 41.46761 ], [ 9.2692, 41.46674 ], [ 9.26749, 41.46756 ], [ 9.26666, 41.46933 ], [ 9.26826, 41.47186 ], [ 9.27008, 41.47256 ], [ 9.27566, 41.47082 ], [ 9.27694, 41.47223 ], [ 9.27625, 41.47416 ], [ 9.27907, 41.47684 ], [ 9.28098, 41.47573 ], [ 9.28196, 41.47694 ], [ 9.284, 41.47757 ], [ 9.2847, 41.47902 ], [ 9.28424, 41.48253 ], [ 9.28577, 41.48447 ], [ 9.28726, 41.48379 ], [ 9.28653, 41.48641 ], [ 9.28458, 41.48725 ], [ 9.28352, 41.48912 ], [ 9.28603, 41.49119 ], [ 9.28791, 41.49463 ], [ 9.28663, 41.49517 ], [ 9.28581, 41.49924 ], [ 9.28311, 41.50025 ], [ 9.2825, 41.49913 ], [ 9.28041, 41.4992 ], [ 9.27846, 41.49612 ], [ 9.27609, 41.49591 ], [ 9.27405, 41.49928 ], [ 9.27264, 41.49855 ], [ 9.26987, 41.4985 ], [ 9.26821, 41.50081 ], [ 9.27191, 41.50344 ], [ 9.275, 41.50419 ], [ 9.27792, 41.50677 ], [ 9.28006, 41.50921 ], [ 9.28075, 41.5112 ], [ 9.28198, 41.51262 ], [ 9.28161, 41.5135 ], [ 9.28366, 41.51477 ], [ 9.28351, 41.51623 ], [ 9.28453, 41.51734 ], [ 9.28392, 41.52045 ], [ 9.28138, 41.52096 ], [ 9.27965, 41.52279 ], [ 9.27368, 41.52252 ], [ 9.27211, 41.52523 ], [ 9.2725, 41.52883 ], [ 9.2738, 41.53091 ], [ 9.27539, 41.53167 ], [ 9.27957, 41.53137 ], [ 9.28043, 41.53042 ], [ 9.28245, 41.53024 ], [ 9.2837, 41.529 ], [ 9.28562, 41.5301 ], [ 9.28763, 41.53038 ], [ 9.29229, 41.53339 ], [ 9.2912, 41.5344 ], [ 9.29259, 41.53608 ], [ 9.29426, 41.53666 ], [ 9.29524, 41.53894 ], [ 9.29817, 41.54103 ], [ 9.29947, 41.54312 ], [ 9.3022, 41.5444 ], [ 9.30264, 41.54562 ], [ 9.30545, 41.546 ], [ 9.30896, 41.54502 ], [ 9.30947, 41.54589 ], [ 9.30787, 41.54734 ], [ 9.30844, 41.54871 ], [ 9.31143, 41.55065 ], [ 9.31436, 41.55164 ], [ 9.31727, 41.55082 ], [ 9.31889, 41.55182 ], [ 9.31891, 41.55371 ], [ 9.32045, 41.55507 ], [ 9.32399, 41.55724 ], [ 9.32945, 41.55943 ], [ 9.33195, 41.56009 ], [ 9.33423, 41.56013 ], [ 9.3375, 41.55876 ], [ 9.33991, 41.55987 ], [ 9.34129, 41.55874 ], [ 9.34281, 41.55937 ], [ 9.34513, 41.56194 ], [ 9.34715, 41.56231 ], [ 9.35017, 41.56619 ], [ 9.35035, 41.57006 ], [ 9.34911, 41.57135 ], [ 9.34994, 41.57239 ], [ 9.34761, 41.5752 ], [ 9.34986, 41.57588 ], [ 9.35129, 41.57745 ], [ 9.35284, 41.57736 ], [ 9.35362, 41.57953 ], [ 9.35482, 41.58012 ], [ 9.35589, 41.58436 ], [ 9.35839, 41.58524 ], [ 9.35851, 41.58628 ], [ 9.36172, 41.58815 ], [ 9.36129, 41.59079 ], [ 9.36458, 41.59118 ], [ 9.36625, 41.58982 ], [ 9.36796, 41.59124 ], [ 9.36789, 41.59449 ], [ 9.36863, 41.59739 ], [ 9.36586, 41.59742 ], [ 9.36499, 41.59598 ], [ 9.36129, 41.59577 ], [ 9.35857, 41.59625 ], [ 9.35561, 41.59607 ], [ 9.35381, 41.59434 ], [ 9.34806, 41.5941 ], [ 9.34578, 41.59537 ], [ 9.34252, 41.59408 ], [ 9.34054, 41.59419 ], [ 9.33901, 41.59836 ], [ 9.33766, 41.59922 ], [ 9.33719, 41.60092 ], [ 9.33429, 41.60191 ], [ 9.33401, 41.60319 ], [ 9.33122, 41.60354 ], [ 9.33117, 41.60251 ], [ 9.32885, 41.60224 ], [ 9.32687, 41.60408 ], [ 9.32191, 41.60489 ], [ 9.31806, 41.60486 ], [ 9.31767, 41.60397 ], [ 9.31409, 41.60216 ], [ 9.31308, 41.60113 ], [ 9.30941, 41.59509 ], [ 9.30592, 41.59168 ], [ 9.30495, 41.59007 ], [ 9.3016, 41.58965 ], [ 9.29963, 41.58764 ], [ 9.29906, 41.58565 ], [ 9.29602, 41.5847 ], [ 9.29236, 41.58597 ], [ 9.29129, 41.58734 ], [ 9.28695, 41.58883 ], [ 9.28439, 41.58911 ], [ 9.28321, 41.58987 ], [ 9.28361, 41.59129 ], [ 9.28509, 41.5912 ], [ 9.28398, 41.5942 ], [ 9.28511, 41.59567 ], [ 9.28094, 41.59719 ], [ 9.28391, 41.59904 ], [ 9.28744, 41.59883 ], [ 9.2854, 41.60342 ], [ 9.28663, 41.60528 ], [ 9.28657, 41.60692 ], [ 9.28784, 41.60915 ], [ 9.29018, 41.60918 ], [ 9.29147, 41.6105 ], [ 9.29375, 41.61041 ], [ 9.297, 41.61093 ], [ 9.3003, 41.61208 ], [ 9.30264, 41.6142 ], [ 9.30619, 41.6152 ], [ 9.30662, 41.61644 ], [ 9.30405, 41.62255 ], [ 9.30498, 41.62344 ], [ 9.30489, 41.62585 ], [ 9.30761, 41.6283 ], [ 9.31173, 41.62782 ], [ 9.31361, 41.62861 ], [ 9.31293, 41.62571 ], [ 9.31576, 41.62396 ], [ 9.31844, 41.62154 ], [ 9.32052, 41.62024 ], [ 9.32255, 41.62011 ], [ 9.32585, 41.61828 ], [ 9.32195, 41.61843 ], [ 9.32031, 41.61777 ], [ 9.31629, 41.61724 ], [ 9.32008, 41.61511 ], [ 9.32228, 41.61602 ], [ 9.32594, 41.61583 ], [ 9.32883, 41.61696 ], [ 9.33225, 41.6201 ], [ 9.33535, 41.62154 ], [ 9.33674, 41.62154 ], [ 9.33964, 41.61992 ], [ 9.34329, 41.61928 ], [ 9.34447, 41.61794 ], [ 9.34736, 41.61736 ], [ 9.34968, 41.61767 ], [ 9.35194, 41.61857 ], [ 9.35311, 41.61709 ], [ 9.35461, 41.6166 ], [ 9.35578, 41.61738 ], [ 9.35553, 41.62002 ], [ 9.35347, 41.62149 ], [ 9.35404, 41.62395 ], [ 9.35218, 41.62515 ], [ 9.35333, 41.62742 ], [ 9.35185, 41.62865 ], [ 9.34935, 41.62844 ], [ 9.34639, 41.63002 ], [ 9.34619, 41.63248 ], [ 9.34761, 41.63663 ], [ 9.35125, 41.63957 ], [ 9.35474, 41.64071 ], [ 9.3579, 41.64097 ], [ 9.36199, 41.63999 ], [ 9.36336, 41.63864 ], [ 9.36442, 41.63618 ], [ 9.36723, 41.63605 ], [ 9.36785, 41.63679 ], [ 9.37042, 41.63662 ], [ 9.37053, 41.63865 ], [ 9.37239, 41.64025 ], [ 9.3726, 41.64331 ], [ 9.37574, 41.64339 ], [ 9.37752, 41.64684 ], [ 9.37712, 41.64813 ], [ 9.37904, 41.64869 ], [ 9.38108, 41.64798 ], [ 9.38166, 41.64627 ], [ 9.38396, 41.64522 ], [ 9.38546, 41.64626 ], [ 9.38287, 41.64691 ], [ 9.38134, 41.65099 ], [ 9.38214, 41.65171 ], [ 9.38505, 41.65238 ], [ 9.38493, 41.65347 ], [ 9.38615, 41.6558 ], [ 9.38737, 41.65594 ], [ 9.3868, 41.66013 ], [ 9.38182, 41.6613 ], [ 9.38131, 41.66436 ], [ 9.38464, 41.66786 ], [ 9.38713, 41.66857 ], [ 9.3881, 41.67026 ], [ 9.38692, 41.67106 ], [ 9.38447, 41.67063 ], [ 9.38189, 41.67079 ], [ 9.37879, 41.66931 ], [ 9.37574, 41.67062 ], [ 9.37426, 41.67252 ], [ 9.37286, 41.67572 ], [ 9.37231, 41.67883 ], [ 9.3737, 41.67996 ], [ 9.37506, 41.682 ], [ 9.3769, 41.68284 ], [ 9.37797, 41.6854 ], [ 9.38263, 41.68885 ], [ 9.38496, 41.6893 ], [ 9.38744, 41.69054 ], [ 9.39008, 41.68921 ], [ 9.39158, 41.68911 ], [ 9.39407, 41.69094 ], [ 9.39573, 41.69079 ], [ 9.40019, 41.69296 ], [ 9.40086, 41.69413 ], [ 9.39978, 41.69687 ], [ 9.40051, 41.69795 ], [ 9.39991, 41.70016 ], [ 9.40158, 41.70651 ], [ 9.40228, 41.70796 ], [ 9.40444, 41.70891 ], [ 9.40459, 41.7103 ], [ 9.40273, 41.71199 ], [ 9.40369, 41.71306 ], [ 9.40609, 41.71292 ], [ 9.40647, 41.7137 ], [ 9.40455, 41.71545 ], [ 9.40176, 41.71634 ], [ 9.40138, 41.71774 ], [ 9.40555, 41.72171 ], [ 9.40581, 41.724 ], [ 9.40333, 41.72773 ], [ 9.40354, 41.72965 ], [ 9.40198, 41.73038 ], [ 9.40419, 41.73333 ], [ 9.40355, 41.73521 ], [ 9.40644, 41.73955 ], [ 9.40599, 41.74088 ], [ 9.40709, 41.74263 ], [ 9.40581, 41.74582 ], [ 9.40595, 41.74772 ], [ 9.40402, 41.7476 ], [ 9.40312, 41.74875 ], [ 9.40356, 41.75057 ], [ 9.40589, 41.75142 ], [ 9.40593, 41.7557 ], [ 9.40485, 41.75726 ], [ 9.40592, 41.75927 ], [ 9.40512, 41.7601 ], [ 9.40757, 41.76329 ], [ 9.40726, 41.7643 ], [ 9.40815, 41.76636 ], [ 9.4048, 41.77159 ], [ 9.40395, 41.77372 ], [ 9.40247, 41.7739 ], [ 9.40037, 41.77186 ], [ 9.39841, 41.77216 ], [ 9.39664, 41.77372 ], [ 9.39519, 41.77625 ], [ 9.39815, 41.77846 ], [ 9.3988, 41.78213 ], [ 9.3964, 41.7835 ], [ 9.39996, 41.7872 ], [ 9.39985, 41.78947 ], [ 9.39644, 41.79089 ], [ 9.39605, 41.79274 ], [ 9.39664, 41.79431 ], [ 9.39526, 41.79544 ], [ 9.39408, 41.79791 ], [ 9.39454, 41.79991 ], [ 9.39675, 41.80014 ], [ 9.39849, 41.8012 ], [ 9.39804, 41.80309 ], [ 9.39919, 41.80596 ], [ 9.39862, 41.80671 ], [ 9.4001, 41.80865 ], [ 9.40081, 41.81063 ], [ 9.39989, 41.81115 ], [ 9.40595, 41.81782 ], [ 9.40506, 41.81851 ], [ 9.40616, 41.82034 ], [ 9.40649, 41.82325 ], [ 9.40546, 41.82485 ], [ 9.40583, 41.8266 ], [ 9.40455, 41.82757 ], [ 9.40502, 41.83011 ], [ 9.4049, 41.83238 ], [ 9.40338, 41.83596 ], [ 9.40353, 41.83906 ], [ 9.4023, 41.84049 ], [ 9.40398, 41.84152 ], [ 9.40288, 41.84403 ], [ 9.40156, 41.84578 ], [ 9.40189, 41.84657 ], [ 9.40038, 41.84933 ], [ 9.40113, 41.85218 ], [ 9.40142, 41.85545 ], [ 9.40256, 41.85692 ], [ 9.40227, 41.8587 ], [ 9.40171, 41.85969 ], [ 9.39831, 41.8622 ], [ 9.39793, 41.86313 ], [ 9.39862, 41.86602 ], [ 9.39946, 41.8671 ], [ 9.39732, 41.87126 ], [ 9.39702, 41.87462 ], [ 9.3976, 41.87814 ], [ 9.3991, 41.88249 ], [ 9.40157, 41.88663 ], [ 9.40088, 41.88756 ], [ 9.40153, 41.89394 ], [ 9.40206, 41.89716 ], [ 9.40341, 41.90002 ], [ 9.40508, 41.90253 ], [ 9.40701, 41.90421 ], [ 9.40898, 41.90662 ], [ 9.40962, 41.90856 ], [ 9.41276, 41.91289 ], [ 9.41368, 41.91509 ], [ 9.41258, 41.91566 ], [ 9.41227, 41.91875 ], [ 9.41385, 41.92322 ], [ 9.41458, 41.9238 ], [ 9.41613, 41.92841 ], [ 9.41557, 41.93115 ], [ 9.41584, 41.93294 ], [ 9.41447, 41.93587 ], [ 9.41296, 41.93809 ], [ 9.41205, 41.93973 ], [ 9.41168, 41.94286 ], [ 9.41173, 41.9472 ], [ 9.41257, 41.95248 ], [ 9.41378, 41.9557 ], [ 9.41705, 41.96123 ], [ 9.42113, 41.96735 ], [ 9.42426, 41.97153 ], [ 9.43235, 41.98061 ], [ 9.43985, 41.98768 ], [ 9.44141, 41.98962 ], [ 9.45005, 41.99698 ], [ 9.45314, 41.99915 ], [ 9.45629, 42.0008 ], [ 9.45769, 42.00405 ], [ 9.45891, 42.00575 ], [ 9.46696, 42.01274 ], [ 9.46924, 42.01522 ], [ 9.47519, 42.02298 ], [ 9.48138, 42.03009 ], [ 9.48928, 42.03881 ], [ 9.49622, 42.04719 ], [ 9.49698, 42.04845 ], [ 9.50087, 42.0529 ], [ 9.50293, 42.05561 ], [ 9.50667, 42.05977 ], [ 9.50947, 42.06249 ], [ 9.51534, 42.06881 ], [ 9.51816, 42.07242 ], [ 9.52021, 42.07442 ], [ 9.52948, 42.08553 ], [ 9.53448, 42.09054 ], [ 9.54006, 42.09544 ], [ 9.54288, 42.09729 ], [ 9.54761, 42.1016 ], [ 9.54998, 42.10416 ], [ 9.55157, 42.11016 ], [ 9.55182, 42.11294 ], [ 9.5529, 42.11866 ], [ 9.55389, 42.12008 ], [ 9.55483, 42.12338 ], [ 9.55473, 42.12673 ], [ 9.55522, 42.12841 ], [ 9.5566, 42.14215 ], [ 9.55625, 42.14267 ], [ 9.55546, 42.1433 ], [ 9.55464, 42.14734 ], [ 9.55518, 42.15412 ], [ 9.55438, 42.15678 ], [ 9.55471, 42.15795 ], [ 9.55437, 42.16085 ], [ 9.55554, 42.17217 ], [ 9.5553, 42.17593 ], [ 9.55567, 42.17983 ], [ 9.55685, 42.18503 ], [ 9.55696, 42.18667 ], [ 9.55838, 42.19187 ], [ 9.55912, 42.1967 ], [ 9.55726, 42.19902 ], [ 9.55615, 42.20163 ], [ 9.55602, 42.20629 ], [ 9.55627, 42.20903 ], [ 9.55615, 42.21495 ], [ 9.55441, 42.2162 ], [ 9.55287, 42.22126 ], [ 9.55257, 42.23524 ], [ 9.55322, 42.24143 ], [ 9.55393, 42.24659 ], [ 9.55516, 42.25213 ], [ 9.55597, 42.25861 ], [ 9.55593, 42.26087 ], [ 9.55665, 42.26295 ], [ 9.55758, 42.26786 ], [ 9.55949, 42.27239 ], [ 9.55962, 42.27722 ], [ 9.55932, 42.27945 ], [ 9.55996, 42.28231 ], [ 9.55932, 42.28483 ], [ 9.55846, 42.28574 ], [ 9.55587, 42.29187 ], [ 9.55482, 42.29645 ], [ 9.55367, 42.29923 ], [ 9.55263, 42.30228 ], [ 9.55045, 42.31258 ], [ 9.55046, 42.31321 ], [ 9.54823, 42.31882 ], [ 9.54596, 42.32122 ], [ 9.54416, 42.32414 ], [ 9.54414, 42.32558 ], [ 9.54254, 42.32862 ], [ 9.54113, 42.33286 ], [ 9.54042, 42.33728 ], [ 9.53925, 42.33989 ], [ 9.54005, 42.34151 ], [ 9.53766, 42.3436 ], [ 9.53673, 42.34819 ], [ 9.53695, 42.3507 ], [ 9.53657, 42.3532 ], [ 9.53498, 42.358 ], [ 9.53514, 42.35886 ], [ 9.53501, 42.36139 ], [ 9.53256, 42.36891 ], [ 9.53224, 42.37191 ], [ 9.53263, 42.37902 ], [ 9.53221, 42.38121 ], [ 9.53247, 42.38463 ], [ 9.53416, 42.38927 ], [ 9.53525, 42.394 ], [ 9.5357, 42.39843 ], [ 9.53675, 42.4028 ], [ 9.53715, 42.40856 ], [ 9.53823, 42.41201 ], [ 9.53984, 42.41774 ], [ 9.54198, 42.4214 ], [ 9.54215, 42.42451 ], [ 9.54339, 42.42795 ], [ 9.54349, 42.4293 ], [ 9.54163, 42.43213 ], [ 9.54174, 42.43641 ], [ 9.54088, 42.44161 ], [ 9.54088, 42.44496 ], [ 9.54201, 42.44945 ], [ 9.54115, 42.45158 ], [ 9.54102, 42.45358 ], [ 9.54165, 42.45806 ], [ 9.54112, 42.46039 ], [ 9.53853, 42.4638 ], [ 9.53666, 42.46781 ], [ 9.53606, 42.47047 ], [ 9.53482, 42.47406 ], [ 9.5337, 42.47608 ], [ 9.53264, 42.48018 ], [ 9.53142, 42.48336 ], [ 9.52962, 42.48944 ], [ 9.52984, 42.49417 ], [ 9.52958, 42.49558 ], [ 9.52952, 42.49825 ], [ 9.52996, 42.50369 ], [ 9.53224, 42.51186 ], [ 9.53255, 42.5141 ], [ 9.53424, 42.51887 ], [ 9.53474, 42.52301 ], [ 9.53435, 42.5233 ], [ 9.53325, 42.53032 ], [ 9.53316, 42.53448 ], [ 9.53376, 42.53598 ], [ 9.53385, 42.54212 ], [ 9.53269, 42.54802 ], [ 9.53118, 42.55196 ], [ 9.52962, 42.5585 ], [ 9.52812, 42.56253 ], [ 9.52754, 42.56496 ], [ 9.52568, 42.56901 ], [ 9.52393, 42.57133 ], [ 9.52205, 42.57465 ], [ 9.51911, 42.57895 ], [ 9.51828, 42.57959 ], [ 9.51621, 42.58301 ], [ 9.50898, 42.59087 ], [ 9.50683, 42.5929 ], [ 9.50469, 42.59561 ], [ 9.49903, 42.60003 ], [ 9.49603, 42.6032 ], [ 9.49115, 42.60761 ], [ 9.4858, 42.61336 ], [ 9.47879, 42.62044 ], [ 9.47648, 42.62333 ], [ 9.47299, 42.62708 ], [ 9.46791, 42.63353 ], [ 9.46497, 42.63656 ], [ 9.46285, 42.63924 ], [ 9.45889, 42.64506 ], [ 9.45705, 42.64829 ], [ 9.4551, 42.65068 ], [ 9.4492, 42.66224 ], [ 9.44737, 42.66778 ], [ 9.44714, 42.67005 ], [ 9.44619, 42.67358 ], [ 9.44659, 42.67767 ], [ 9.44746, 42.67883 ], [ 9.44666, 42.68204 ], [ 9.44681, 42.68501 ], [ 9.44639, 42.68612 ], [ 9.44771, 42.68965 ], [ 9.45021, 42.69117 ], [ 9.45217, 42.69069 ], [ 9.45337, 42.6926 ], [ 9.45183, 42.6936 ], [ 9.45005, 42.69574 ], [ 9.45253, 42.696 ], [ 9.45313, 42.70026 ], [ 9.45435, 42.70348 ], [ 9.45611, 42.70382 ], [ 9.45451, 42.70812 ], [ 9.45542, 42.71014 ], [ 9.45571, 42.71378 ], [ 9.45638, 42.71486 ], [ 9.45626, 42.71759 ], [ 9.45611, 42.72053 ], [ 9.4586, 42.72417 ], [ 9.46058, 42.7292 ], [ 9.46066, 42.731 ], [ 9.46203, 42.73285 ], [ 9.46154, 42.73392 ], [ 9.46253, 42.73513 ], [ 9.46213, 42.73804 ], [ 9.46246, 42.73929 ], [ 9.46133, 42.74017 ], [ 9.46389, 42.74598 ], [ 9.46387, 42.74909 ], [ 9.46473, 42.75021 ], [ 9.46629, 42.75048 ], [ 9.46842, 42.75283 ], [ 9.46776, 42.75364 ], [ 9.46767, 42.756 ], [ 9.4657, 42.75706 ], [ 9.46713, 42.75986 ], [ 9.46671, 42.76061 ], [ 9.46988, 42.76516 ], [ 9.46945, 42.76632 ], [ 9.47104, 42.76789 ], [ 9.47204, 42.77076 ], [ 9.47373, 42.77165 ], [ 9.47542, 42.77344 ], [ 9.47692, 42.77322 ], [ 9.47713, 42.7751 ], [ 9.47865, 42.77762 ], [ 9.47971, 42.78046 ], [ 9.48139, 42.78063 ], [ 9.48373, 42.78246 ], [ 9.48491, 42.78686 ], [ 9.48665, 42.78761 ], [ 9.48723, 42.78997 ], [ 9.48881, 42.79258 ], [ 9.49128, 42.79432 ], [ 9.49016, 42.79526 ], [ 9.49146, 42.79753 ], [ 9.49163, 42.80171 ], [ 9.49279, 42.80588 ], [ 9.49264, 42.80733 ], [ 9.49006, 42.80836 ], [ 9.49009, 42.81288 ], [ 9.49047, 42.81407 ], [ 9.48939, 42.81544 ], [ 9.48873, 42.81757 ], [ 9.48671, 42.82098 ], [ 9.48752, 42.82314 ], [ 9.48636, 42.82494 ], [ 9.48702, 42.82688 ], [ 9.48614, 42.83037 ], [ 9.48502, 42.83089 ], [ 9.48591, 42.83323 ], [ 9.48503, 42.83468 ], [ 9.48312, 42.83616 ], [ 9.48103, 42.83624 ], [ 9.48015, 42.83715 ], [ 9.48048, 42.84048 ], [ 9.48321, 42.84085 ], [ 9.48402, 42.8426 ], [ 9.48272, 42.84413 ], [ 9.48357, 42.84516 ], [ 9.4829, 42.84782 ], [ 9.48376, 42.85003 ], [ 9.48565, 42.85087 ], [ 9.48545, 42.85237 ], [ 9.48403, 42.8534 ], [ 9.48299, 42.85658 ], [ 9.48187, 42.85864 ], [ 9.48001, 42.86015 ], [ 9.48159, 42.86105 ], [ 9.48225, 42.86467 ], [ 9.48124, 42.86604 ], [ 9.48145, 42.86743 ], [ 9.48027, 42.86894 ], [ 9.4784, 42.8696 ], [ 9.47871, 42.87184 ], [ 9.47491, 42.87311 ], [ 9.47286, 42.87437 ], [ 9.47272, 42.87645 ], [ 9.47369, 42.87797 ], [ 9.47637, 42.87772 ], [ 9.47794, 42.87912 ], [ 9.47758, 42.88184 ], [ 9.47352, 42.88625 ], [ 9.47408, 42.88784 ], [ 9.47551, 42.88856 ], [ 9.47406, 42.88974 ], [ 9.47448, 42.89292 ], [ 9.47289, 42.89568 ], [ 9.47352, 42.89907 ], [ 9.47449, 42.9001 ], [ 9.47343, 42.90098 ], [ 9.47257, 42.90306 ], [ 9.46997, 42.90413 ], [ 9.46904, 42.90509 ], [ 9.46912, 42.90797 ], [ 9.47228, 42.91027 ], [ 9.47128, 42.91181 ], [ 9.4717, 42.91378 ], [ 9.47071, 42.91651 ], [ 9.47073, 42.91831 ], [ 9.47207, 42.91986 ], [ 9.46969, 42.92203 ], [ 9.47246, 42.92371 ], [ 9.46928, 42.92548 ], [ 9.46727, 42.92728 ], [ 9.46722, 42.92964 ], [ 9.46506, 42.93216 ], [ 9.46548, 42.93421 ], [ 9.46777, 42.93444 ], [ 9.46924, 42.93647 ], [ 9.46613, 42.94095 ], [ 9.46507, 42.943 ], [ 9.46266, 42.94355 ], [ 9.46197, 42.94545 ], [ 9.45849, 42.949 ], [ 9.45627, 42.95059 ], [ 9.45663, 42.95417 ], [ 9.45522, 42.95648 ], [ 9.45471, 42.95783 ], [ 9.45207, 42.96068 ], [ 9.45159, 42.96176 ], [ 9.45188, 42.96436 ], [ 9.45418, 42.96621 ], [ 9.45684, 42.96528 ], [ 9.4577, 42.96577 ], [ 9.45583, 42.96926 ], [ 9.45547, 42.97213 ], [ 9.4541, 42.97308 ], [ 9.45535, 42.97598 ], [ 9.45648, 42.97668 ], [ 9.45955, 42.97666 ], [ 9.46112, 42.97852 ], [ 9.46168, 42.98186 ], [ 9.46135, 42.98384 ], [ 9.46336, 42.98533 ], [ 9.46355, 42.9864 ], [ 9.46115, 42.988 ], [ 9.45812, 42.98782 ], [ 9.45597, 42.98836 ], [ 9.45409, 42.98816 ], [ 9.4512, 42.98983 ], [ 9.45047, 42.99195 ], [ 9.44887, 42.99137 ], [ 9.44687, 42.99334 ], [ 9.44375, 42.9934 ], [ 9.44333, 42.99518 ], [ 9.44469, 42.99632 ], [ 9.44289, 42.99788 ], [ 9.44276, 42.99892 ], [ 9.44099, 43.00111 ], [ 9.43994, 43.00063 ], [ 9.43613, 43.00064 ], [ 9.43508, 43.00166 ], [ 9.43084, 43.00272 ], [ 9.4296, 43.00367 ], [ 9.42978, 43.00641 ], [ 9.42842, 43.0091 ], [ 9.427, 43.01018 ], [ 9.42496, 43.0095 ], [ 9.42324, 43.01006 ], [ 9.42284, 43.01143 ], [ 9.4199, 43.01161 ], [ 9.41766, 43.01076 ], [ 9.41501, 43.00857 ], [ 9.41512, 43.00739 ], [ 9.41367, 43.00653 ], [ 9.40839, 43.00554 ], [ 9.40464, 43.00564 ], [ 9.40198, 43.00666 ], [ 9.40085, 43.00857 ], [ 9.39981, 43.00859 ], [ 9.39757, 43.00665 ], [ 9.39597, 43.00621 ], [ 9.39312, 43.00823 ], [ 9.39019, 43.00674 ], [ 9.38852, 43.00729 ], [ 9.38318, 43.01019 ], [ 9.38066, 43.0084 ], [ 9.3773, 43.00703 ], [ 9.37561, 43.00505 ], [ 9.37286, 43.00477 ], [ 9.37167, 43.00575 ], [ 9.36943, 43.00605 ], [ 9.3661, 43.00477 ], [ 9.36431, 43.00587 ], [ 9.36103, 43.00561 ], [ 9.35769, 43.00727 ], [ 9.35469, 43.0046 ], [ 9.35412, 43.00332 ], [ 9.34796, 43.00063 ], [ 9.34612, 43.00065 ], [ 9.34332, 42.99878 ], [ 9.34358, 42.99773 ], [ 9.34282, 42.99534 ], [ 9.34016, 42.99306 ], [ 9.3425, 42.99084 ], [ 9.34286, 42.9896 ], [ 9.34105, 42.98841 ], [ 9.3428, 42.9868 ], [ 9.34549, 42.98614 ], [ 9.34333, 42.98452 ], [ 9.34394, 42.98232 ], [ 9.34152, 42.98047 ], [ 9.34295, 42.97781 ], [ 9.34639, 42.97719 ], [ 9.34582, 42.97547 ], [ 9.34902, 42.97333 ], [ 9.34939, 42.9706 ], [ 9.35054, 42.96827 ], [ 9.34909, 42.9657 ], [ 9.34566, 42.96351 ], [ 9.34889, 42.96273 ], [ 9.3499, 42.96086 ], [ 9.34788, 42.96036 ], [ 9.34765, 42.95883 ], [ 9.34562, 42.95774 ], [ 9.3472, 42.95484 ], [ 9.3471, 42.95277 ], [ 9.35104, 42.95014 ], [ 9.35519, 42.94934 ], [ 9.35525, 42.9483 ], [ 9.35905, 42.9454 ], [ 9.35746, 42.94157 ], [ 9.35749, 42.94022 ], [ 9.35643, 42.93902 ], [ 9.35251, 42.93636 ], [ 9.35249, 42.93564 ], [ 9.35015, 42.93344 ], [ 9.34953, 42.93063 ], [ 9.34969, 42.92882 ], [ 9.35246, 42.92891 ], [ 9.35411, 42.92755 ], [ 9.35661, 42.92744 ], [ 9.35836, 42.92616 ], [ 9.35938, 42.92642 ], [ 9.36147, 42.92476 ], [ 9.35948, 42.92289 ], [ 9.35653, 42.92343 ], [ 9.35455, 42.91908 ], [ 9.35517, 42.91737 ], [ 9.35419, 42.91621 ], [ 9.35198, 42.9163 ], [ 9.35037, 42.91563 ], [ 9.34882, 42.91333 ], [ 9.34749, 42.91242 ], [ 9.34442, 42.91247 ], [ 9.34393, 42.91074 ], [ 9.34129, 42.91031 ], [ 9.34038, 42.90924 ], [ 9.33856, 42.90885 ], [ 9.33277, 42.9054 ], [ 9.33044, 42.90446 ], [ 9.32726, 42.90239 ], [ 9.32639, 42.90118 ], [ 9.32509, 42.90049 ], [ 9.32204, 42.90014 ], [ 9.32217, 42.89809 ], [ 9.32137, 42.89688 ], [ 9.32099, 42.89356 ], [ 9.3239, 42.89153 ], [ 9.32797, 42.88988 ], [ 9.3277, 42.88765 ], [ 9.32882, 42.88559 ], [ 9.32637, 42.88276 ], [ 9.32792, 42.87855 ], [ 9.32712, 42.87753 ], [ 9.32851, 42.87608 ], [ 9.32905, 42.87379 ], [ 9.33191, 42.87027 ], [ 9.33788, 42.86829 ], [ 9.3403, 42.86567 ], [ 9.33616, 42.86483 ], [ 9.33323, 42.86352 ], [ 9.33308, 42.86213 ], [ 9.33432, 42.8606 ], [ 9.33328, 42.86008 ], [ 9.32924, 42.85526 ], [ 9.329, 42.85311 ], [ 9.32503, 42.85105 ], [ 9.32319, 42.84936 ], [ 9.32129, 42.84599 ], [ 9.31598, 42.84297 ], [ 9.31608, 42.84116 ], [ 9.31504, 42.83959 ], [ 9.31507, 42.83657 ], [ 9.31212, 42.83539 ], [ 9.30955, 42.83378 ], [ 9.31086, 42.83127 ], [ 9.31225, 42.83002 ], [ 9.31462, 42.8291 ], [ 9.31565, 42.82687 ], [ 9.31872, 42.82641 ], [ 9.32009, 42.82479 ], [ 9.32234, 42.8192 ], [ 9.32424, 42.817 ], [ 9.32513, 42.81333 ], [ 9.3263, 42.81227 ], [ 9.3311, 42.81131 ], [ 9.33236, 42.81051 ], [ 9.3335, 42.80763 ], [ 9.33523, 42.80663 ], [ 9.33794, 42.80393 ], [ 9.33957, 42.80203 ], [ 9.34018, 42.79997 ], [ 9.34158, 42.79757 ], [ 9.34256, 42.7948 ], [ 9.34278, 42.7891 ], [ 9.34214, 42.78562 ], [ 9.34031, 42.78509 ], [ 9.34003, 42.78155 ], [ 9.34133, 42.77885 ], [ 9.34102, 42.7767 ], [ 9.33966, 42.77601 ], [ 9.33902, 42.77406 ], [ 9.34052, 42.771 ], [ 9.34175, 42.77006 ], [ 9.33752, 42.76503 ], [ 9.33751, 42.76382 ], [ 9.33876, 42.76297 ], [ 9.33986, 42.76065 ], [ 9.33851, 42.75906 ], [ 9.33945, 42.75642 ], [ 9.34043, 42.75596 ], [ 9.34075, 42.75391 ], [ 9.34179, 42.75281 ], [ 9.34164, 42.75083 ], [ 9.34236, 42.74844 ], [ 9.34375, 42.74731 ], [ 9.34563, 42.74327 ], [ 9.34382, 42.73968 ], [ 9.34512, 42.73639 ], [ 9.34344, 42.73292 ], [ 9.34218, 42.73214 ], [ 9.34028, 42.72933 ], [ 9.3376, 42.72841 ], [ 9.33649, 42.72721 ], [ 9.33379, 42.72602 ], [ 9.33372, 42.7248 ], [ 9.33549, 42.7238 ], [ 9.33463, 42.72257 ], [ 9.32963, 42.71895 ], [ 9.329, 42.7188 ], [ 9.32651, 42.71901 ], [ 9.32635, 42.7181 ], [ 9.32279, 42.71702 ], [ 9.32191, 42.71396 ], [ 9.3213, 42.7134 ], [ 9.32126, 42.71092 ], [ 9.32242, 42.70593 ], [ 9.3214, 42.70392 ], [ 9.32251, 42.70177 ], [ 9.32283, 42.69701 ], [ 9.32114, 42.69602 ], [ 9.31923, 42.69384 ], [ 9.31702, 42.69262 ], [ 9.31655, 42.69115 ], [ 9.31418, 42.689 ], [ 9.31071, 42.68704 ], [ 9.30425, 42.68399 ], [ 9.30026, 42.68333 ], [ 9.29924, 42.68118 ], [ 9.3012, 42.68012 ], [ 9.30099, 42.67827 ], [ 9.29595, 42.67533 ], [ 9.29332, 42.67432 ], [ 9.29062, 42.67466 ], [ 9.28746, 42.67449 ], [ 9.28442, 42.67634 ], [ 9.28324, 42.67826 ], [ 9.28333, 42.68069 ], [ 9.28133, 42.68258 ], [ 9.27918, 42.68361 ], [ 9.27918, 42.68645 ], [ 9.28006, 42.6888 ], [ 9.27886, 42.68959 ], [ 9.27658, 42.689 ], [ 9.27735, 42.69148 ], [ 9.27493, 42.69398 ], [ 9.27176, 42.69416 ], [ 9.26932, 42.6963 ], [ 9.27027, 42.69827 ], [ 9.26925, 42.69907 ], [ 9.26997, 42.70056 ], [ 9.26898, 42.70156 ], [ 9.26609, 42.70042 ], [ 9.26379, 42.70066 ], [ 9.26248, 42.69992 ], [ 9.26032, 42.70018 ], [ 9.2584, 42.70175 ], [ 9.25892, 42.7037 ], [ 9.25593, 42.70591 ], [ 9.254, 42.70621 ], [ 9.25631, 42.70783 ], [ 9.25511, 42.71017 ], [ 9.25573, 42.71414 ], [ 9.25732, 42.71527 ], [ 9.25623, 42.71651 ], [ 9.25779, 42.7179 ], [ 9.2547, 42.71877 ], [ 9.25373, 42.71773 ], [ 9.249, 42.71875 ], [ 9.24898, 42.71956 ], [ 9.24594, 42.72092 ], [ 9.24582, 42.71934 ], [ 9.24249, 42.71904 ], [ 9.23977, 42.71934 ], [ 9.2388, 42.72003 ], [ 9.23594, 42.71957 ], [ 9.234, 42.71991 ], [ 9.2318, 42.72144 ], [ 9.23333, 42.72321 ], [ 9.23255, 42.72433 ], [ 9.23078, 42.72399 ], [ 9.23032, 42.72596 ], [ 9.22845, 42.72833 ], [ 9.22683, 42.72874 ], [ 9.22401, 42.73256 ], [ 9.22424, 42.73359 ], [ 9.2211, 42.73567 ], [ 9.2189, 42.73467 ], [ 9.21761, 42.73344 ], [ 9.21584, 42.73296 ], [ 9.21377, 42.73363 ], [ 9.21234, 42.73236 ], [ 9.21156, 42.73064 ], [ 9.20802, 42.72815 ], [ 9.20073, 42.72523 ], [ 9.19806, 42.72498 ], [ 9.19627, 42.72596 ], [ 9.19275, 42.72684 ], [ 9.19117, 42.72635 ], [ 9.18843, 42.72709 ], [ 9.18269, 42.73005 ], [ 9.17765, 42.72991 ], [ 9.17713, 42.73183 ], [ 9.1746, 42.73229 ], [ 9.16953, 42.73405 ], [ 9.16935, 42.73586 ], [ 9.1629, 42.73668 ], [ 9.16059, 42.73633 ], [ 9.16049, 42.73548 ], [ 9.15783, 42.73459 ], [ 9.15554, 42.73492 ], [ 9.15328, 42.73454 ], [ 9.15099, 42.73193 ], [ 9.14859, 42.73135 ], [ 9.14505, 42.73242 ], [ 9.14316, 42.73379 ], [ 9.14139, 42.73317 ], [ 9.14014, 42.73121 ], [ 9.13791, 42.72941 ], [ 9.13512, 42.72853 ], [ 9.13247, 42.72995 ], [ 9.1274, 42.73128 ], [ 9.12456, 42.73164 ], [ 9.11792, 42.72805 ], [ 9.11804, 42.72452 ], [ 9.11442, 42.7269 ], [ 9.11217, 42.72699 ], [ 9.11172, 42.72566 ], [ 9.10995, 42.72337 ], [ 9.10682, 42.72451 ], [ 9.10402, 42.72178 ], [ 9.10368, 42.72035 ], [ 9.10147, 42.71913 ], [ 9.10112, 42.71752 ], [ 9.09991, 42.71718 ], [ 9.10042, 42.71562 ], [ 9.09679, 42.71493 ], [ 9.09437, 42.71521 ], [ 9.09239, 42.71614 ], [ 9.09193, 42.71471 ], [ 9.08582, 42.71489 ], [ 9.08304, 42.71 ], [ 9.08178, 42.70904 ], [ 9.08427, 42.70555 ], [ 9.0823, 42.70432 ], [ 9.0822, 42.70282 ], [ 9.08074, 42.70115 ], [ 9.07593, 42.69966 ], [ 9.07689, 42.69835 ], [ 9.07577, 42.69593 ], [ 9.07334, 42.69548 ], [ 9.07024, 42.69223 ], [ 9.06816, 42.69181 ], [ 9.0658, 42.69317 ], [ 9.06221, 42.69392 ], [ 9.06118, 42.69402 ], [ 9.06022, 42.6958 ], [ 9.05894, 42.69655 ], [ 9.0571, 42.69548 ], [ 9.05899, 42.69406 ], [ 9.05726, 42.69348 ], [ 9.05732, 42.69109 ], [ 9.05824, 42.68946 ], [ 9.05743, 42.68697 ], [ 9.0581, 42.68531 ], [ 9.06006, 42.68286 ], [ 9.05556, 42.68216 ], [ 9.0536, 42.68098 ], [ 9.05547, 42.67833 ], [ 9.05403, 42.67629 ], [ 9.05535, 42.67383 ], [ 9.05783, 42.673 ], [ 9.0589, 42.67208 ], [ 9.05859, 42.67029 ], [ 9.05651, 42.67028 ], [ 9.05531, 42.66945 ], [ 9.05848, 42.66818 ], [ 9.05908, 42.66688 ], [ 9.06184, 42.66464 ], [ 9.05932, 42.66007 ], [ 9.05641, 42.65968 ], [ 9.05343, 42.65877 ], [ 9.05195, 42.65745 ], [ 9.04694, 42.65585 ], [ 9.04565, 42.65457 ], [ 9.04009, 42.6529 ], [ 9.037, 42.65494 ], [ 9.03504, 42.65496 ], [ 9.03408, 42.65393 ], [ 9.0285, 42.65271 ], [ 9.02605, 42.65037 ], [ 9.02069, 42.64427 ], [ 9.01758, 42.64256 ] ] ], [ [ [ 8.5376, 42.37276 ], [ 8.53514, 42.37075 ], [ 8.53654, 42.36925 ], [ 8.53769, 42.36931 ], [ 8.54166, 42.36619 ], [ 8.54234, 42.36699 ], [ 8.54194, 42.3704 ], [ 8.5376, 42.37276 ] ] ], [ [ [ 9.27282, 41.3653 ], [ 9.27428, 41.36936 ], [ 9.2676, 41.36801 ], [ 9.26586, 41.36862 ], [ 9.26639, 41.36967 ], [ 9.269, 41.37167 ], [ 9.2683, 41.37294 ], [ 9.26358, 41.37313 ], [ 9.26372, 41.37164 ], [ 9.2615, 41.37096 ], [ 9.26027, 41.37185 ], [ 9.26059, 41.37318 ], [ 9.25848, 41.37418 ], [ 9.25721, 41.37181 ], [ 9.25408, 41.3701 ], [ 9.25213, 41.36973 ], [ 9.25038, 41.36856 ], [ 9.25101, 41.36776 ], [ 9.25503, 41.36829 ], [ 9.25568, 41.36653 ], [ 9.2588, 41.36602 ], [ 9.25985, 41.36685 ], [ 9.26236, 41.36571 ], [ 9.26182, 41.36457 ], [ 9.26656, 41.36239 ], [ 9.26765, 41.3648 ], [ 9.26747, 41.36631 ], [ 9.26859, 41.36678 ], [ 9.27103, 41.36496 ], [ 9.27282, 41.3653 ] ] ], [ [ [ 9.26168, 41.33987 ], [ 9.25794, 41.3392 ], [ 9.25876, 41.34118 ], [ 9.25641, 41.34114 ], [ 9.25792, 41.34566 ], [ 9.2592, 41.34743 ], [ 9.25688, 41.34767 ], [ 9.25692, 41.34572 ], [ 9.2536, 41.34561 ], [ 9.25385, 41.3441 ], [ 9.24975, 41.34331 ], [ 9.24887, 41.34111 ], [ 9.24912, 41.34015 ], [ 9.2514, 41.34019 ], [ 9.25383, 41.3371 ], [ 9.25624, 41.33836 ], [ 9.25776, 41.3374 ], [ 9.25709, 41.3346 ], [ 9.25896, 41.33363 ], [ 9.26076, 41.33587 ], [ 9.26095, 41.3387 ], [ 9.26168, 41.33987 ] ] ], [ [ [ 9.23027, 41.37224 ], [ 9.22795, 41.3741 ], [ 9.22718, 41.37319 ], [ 9.22737, 41.37146 ], [ 9.22633, 41.37072 ], [ 9.23027, 41.37224 ] ] ] ] } },
{ "type": "Feature", "properties": { "region": "Nouvelle-Aquitaine" }, "geometry": { "type": "MultiPolygon", "coordinates": [ [ [ [ -1.24292, 44.59136 ], [ -1.24787, 44.58688 ], [ -1.24973, 44.58452 ], [ -1.25158, 44.57956 ], [ -1.25075, 44.57647 ], [ -1.24852, 44.57375 ], [ -1.24631, 44.57179 ], [ -1.2438, 44.57299 ], [ -1.24422, 44.5746 ], [ -1.24647, 44.57417 ], [ -1.24855, 44.57555 ], [ -1.24734, 44.5782 ], [ -1.24954, 44.58029 ], [ -1.24679, 44.58259 ], [ -1.24057, 44.58319 ], [ -1.23442, 44.58436 ], [ -1.23516, 44.58524 ], [ -1.23947, 44.58457 ], [ -1.24362, 44.58444 ], [ -1.24408, 44.58789 ], [ -1.24357, 44.58886 ], [ -1.24118, 44.58993 ], [ -1.23925, 44.59142 ], [ -1.23466, 44.59139 ], [ -1.23185, 44.59003 ], [ -1.23347, 44.59359 ], [ -1.23583, 44.59414 ], [ -1.23902, 44.59278 ], [ -1.24292, 44.59136 ] ] ], [ [ [ -1.17915, 44.69934 ], [ -1.17922, 44.70069 ], [ -1.17772, 44.70191 ], [ -1.17943, 44.70398 ], [ -1.18254, 44.7023 ], [ -1.18537, 44.70315 ], [ -1.18765, 44.70219 ], [ -1.188, 44.69962 ], [ -1.18516, 44.69722 ], [ -1.1826, 44.69901 ], [ -1.17789, 44.69736 ], [ -1.17915, 44.69934 ] ] ], [ [ [ -1.18183, 44.69683 ], [ -1.18473, 44.6966 ], [ -1.18471, 44.69512 ], [ -1.18142, 44.69305 ], [ -1.18001, 44.69279 ], [ -1.18183, 44.69683 ] ] ], [ [ [ -1.17391, 46.00896 ], [ -1.17448, 46.00984 ], [ -1.1698, 46.01332 ], [ -1.16988, 46.01472 ], [ -1.17156, 46.01552 ], [ -1.17143, 46.01858 ], [ -1.1675, 46.01987 ], [ -1.16569, 46.01984 ], [ -1.16334, 46.01843 ], [ -1.1546, 46.01821 ], [ -1.15428, 46.01929 ], [ -1.15771, 46.02243 ], [ -1.16025, 46.02275 ], [ -1.16216, 46.02418 ], [ -1.16331, 46.02419 ], [ -1.16826, 46.02562 ], [ -1.17119, 46.02399 ], [ -1.17456, 46.0242 ], [ -1.17624, 46.02114 ], [ -1.17596, 46.01975 ], [ -1.17746, 46.01583 ], [ -1.17728, 46.01416 ], [ -1.17892, 46.01263 ], [ -1.17711, 46.01057 ], [ -1.17842, 46.00972 ], [ -1.17703, 46.00832 ], [ -1.17559, 46.008 ], [ -1.17391, 46.00896 ] ] ], [ [ [ -1.02059, 44.64624 ], [ -1.02108, 44.64713 ], [ -1.02531, 44.65038 ], [ -1.02681, 44.6502 ], [ -1.02756, 44.64698 ], [ -1.02602, 44.64415 ], [ -1.02374, 44.64416 ], [ -1.02059, 44.64624 ] ] ], [ [ [ -1.54381, 46.21978 ], [ -1.54212, 46.21699 ], [ -1.54176, 46.21377 ], [ -1.53891, 46.21026 ], [ -1.53603, 46.20599 ], [ -1.53488, 46.20288 ], [ -1.53394, 46.20232 ], [ -1.53063, 46.20216 ], [ -1.52758, 46.20128 ], [ -1.52294, 46.20077 ], [ -1.51719, 46.1992 ], [ -1.51406, 46.19809 ], [ -1.50402, 46.19366 ], [ -1.50106, 46.19403 ], [ -1.49465, 46.19619 ], [ -1.49046, 46.1993 ], [ -1.48698, 46.20032 ], [ -1.47463, 46.20276 ], [ -1.46779, 46.20331 ], [ -1.4616, 46.20212 ], [ -1.44646, 46.1969 ], [ -1.44006, 46.1946 ], [ -1.43127, 46.1903 ], [ -1.42013, 46.1876 ], [ -1.41497, 46.18521 ], [ -1.41179, 46.18414 ], [ -1.40112, 46.1799 ], [ -1.39153, 46.17716 ], [ -1.38612, 46.17486 ], [ -1.38035, 46.17195 ], [ -1.37763, 46.17005 ], [ -1.3709, 46.16739 ], [ -1.36466, 46.16327 ], [ -1.36348, 46.16223 ], [ -1.3624, 46.16055 ], [ -1.35939, 46.15925 ], [ -1.35695, 46.15762 ], [ -1.35337, 46.15454 ], [ -1.34886, 46.15388 ], [ -1.34298, 46.15132 ], [ -1.3399, 46.1507 ], [ -1.33737, 46.15079 ], [ -1.32877, 46.14908 ], [ -1.32564, 46.1468 ], [ -1.32163, 46.14504 ], [ -1.31624, 46.14471 ], [ -1.31371, 46.14372 ], [ -1.30815, 46.14299 ], [ -1.30477, 46.14288 ], [ -1.30153, 46.14384 ], [ -1.29719, 46.14389 ], [ -1.29273, 46.14488 ], [ -1.28838, 46.1449 ], [ -1.2854, 46.14576 ], [ -1.28354, 46.14523 ], [ -1.27956, 46.14369 ], [ -1.27754, 46.14466 ], [ -1.27471, 46.14974 ], [ -1.27351, 46.15113 ], [ -1.26714, 46.1558 ], [ -1.26252, 46.15829 ], [ -1.25679, 46.16099 ], [ -1.25495, 46.16352 ], [ -1.25559, 46.1644 ], [ -1.25815, 46.16392 ], [ -1.25893, 46.16295 ], [ -1.26812, 46.15973 ], [ -1.27239, 46.15973 ], [ -1.27424, 46.16016 ], [ -1.28027, 46.16335 ], [ -1.2818, 46.16474 ], [ -1.2832, 46.16839 ], [ -1.28152, 46.17029 ], [ -1.28217, 46.17337 ], [ -1.28382, 46.17373 ], [ -1.28639, 46.17634 ], [ -1.28903, 46.1781 ], [ -1.28693, 46.18061 ], [ -1.28979, 46.18362 ], [ -1.29049, 46.1854 ], [ -1.29276, 46.18735 ], [ -1.29707, 46.18866 ], [ -1.30601, 46.19057 ], [ -1.30795, 46.19055 ], [ -1.31052, 46.18921 ], [ -1.31705, 46.18684 ], [ -1.32135, 46.18719 ], [ -1.32596, 46.18939 ], [ -1.3317, 46.19267 ], [ -1.33734, 46.19749 ], [ -1.34212, 46.20013 ], [ -1.34462, 46.20144 ], [ -1.35122, 46.20415 ], [ -1.35332, 46.20458 ], [ -1.35472, 46.20611 ], [ -1.35787, 46.20659 ], [ -1.36293, 46.20665 ], [ -1.36511, 46.20811 ], [ -1.36824, 46.20742 ], [ -1.36945, 46.20617 ], [ -1.37655, 46.20562 ], [ -1.38431, 46.20437 ], [ -1.39192, 46.20363 ], [ -1.40052, 46.20335 ], [ -1.40492, 46.20315 ], [ -1.40864, 46.20357 ], [ -1.41274, 46.20465 ], [ -1.41851, 46.20455 ], [ -1.42594, 46.20511 ], [ -1.42729, 46.20597 ], [ -1.42923, 46.20586 ], [ -1.4309, 46.20733 ], [ -1.43141, 46.21015 ], [ -1.4334, 46.21076 ], [ -1.43919, 46.21017 ], [ -1.4395, 46.21079 ], [ -1.43736, 46.21266 ], [ -1.43813, 46.2134 ], [ -1.44103, 46.21304 ], [ -1.4444, 46.21409 ], [ -1.43967, 46.21407 ], [ -1.43914, 46.21589 ], [ -1.4374, 46.21707 ], [ -1.43429, 46.21623 ], [ -1.42937, 46.21725 ], [ -1.42204, 46.21817 ], [ -1.41906, 46.21921 ], [ -1.41724, 46.2209 ], [ -1.41937, 46.22367 ], [ -1.41849, 46.22599 ], [ -1.41707, 46.22608 ], [ -1.41471, 46.22755 ], [ -1.41052, 46.22711 ], [ -1.41024, 46.2286 ], [ -1.41294, 46.23014 ], [ -1.42483, 46.23028 ], [ -1.43437, 46.22938 ], [ -1.44057, 46.22904 ], [ -1.44525, 46.22906 ], [ -1.44982, 46.22855 ], [ -1.4582, 46.22867 ], [ -1.45919, 46.22699 ], [ -1.4563, 46.22558 ], [ -1.45697, 46.22412 ], [ -1.46549, 46.22338 ], [ -1.46628, 46.22268 ], [ -1.46629, 46.21993 ], [ -1.4671, 46.21681 ], [ -1.46982, 46.21639 ], [ -1.47098, 46.21488 ], [ -1.47372, 46.21406 ], [ -1.47618, 46.21419 ], [ -1.47928, 46.215 ], [ -1.48118, 46.21269 ], [ -1.48297, 46.21221 ], [ -1.4809, 46.21003 ], [ -1.48275, 46.20982 ], [ -1.48523, 46.20798 ], [ -1.4857, 46.20642 ], [ -1.48519, 46.20443 ], [ -1.48367, 46.20415 ], [ -1.4836, 46.20224 ], [ -1.48612, 46.20222 ], [ -1.4878, 46.20372 ], [ -1.4877, 46.2069 ], [ -1.48864, 46.20762 ], [ -1.49147, 46.20777 ], [ -1.49355, 46.20716 ], [ -1.49231, 46.20518 ], [ -1.49446, 46.20536 ], [ -1.49413, 46.20706 ], [ -1.49608, 46.2081 ], [ -1.49387, 46.21077 ], [ -1.49493, 46.21214 ], [ -1.4935, 46.21288 ], [ -1.49635, 46.21464 ], [ -1.49674, 46.21562 ], [ -1.49954, 46.21665 ], [ -1.50222, 46.21547 ], [ -1.50671, 46.21457 ], [ -1.50591, 46.21585 ], [ -1.50649, 46.21837 ], [ -1.50926, 46.21873 ], [ -1.51319, 46.22258 ], [ -1.51371, 46.22535 ], [ -1.5148, 46.22699 ], [ -1.51401, 46.22773 ], [ -1.51506, 46.23075 ], [ -1.51497, 46.23491 ], [ -1.51399, 46.2321 ], [ -1.51268, 46.23197 ], [ -1.50986, 46.22779 ], [ -1.50862, 46.2267 ], [ -1.50628, 46.22654 ], [ -1.50416, 46.2278 ], [ -1.50439, 46.22903 ], [ -1.50033, 46.2316 ], [ -1.50169, 46.23406 ], [ -1.49858, 46.23496 ], [ -1.49496, 46.23464 ], [ -1.49522, 46.23288 ], [ -1.49366, 46.23194 ], [ -1.49295, 46.23007 ], [ -1.49152, 46.22913 ], [ -1.48479, 46.22832 ], [ -1.48202, 46.22863 ], [ -1.48016, 46.23005 ], [ -1.47682, 46.23151 ], [ -1.47455, 46.23326 ], [ -1.47578, 46.23592 ], [ -1.4809, 46.23962 ], [ -1.48219, 46.24236 ], [ -1.48168, 46.24508 ], [ -1.48202, 46.24719 ], [ -1.48404, 46.24842 ], [ -1.48832, 46.25018 ], [ -1.48903, 46.25281 ], [ -1.49199, 46.25433 ], [ -1.49465, 46.25618 ], [ -1.50058, 46.25818 ], [ -1.50583, 46.25729 ], [ -1.50991, 46.25804 ], [ -1.51437, 46.25771 ], [ -1.5187, 46.25545 ], [ -1.52113, 46.25307 ], [ -1.52356, 46.25131 ], [ -1.52778, 46.24897 ], [ -1.53446, 46.24604 ], [ -1.54109, 46.24361 ], [ -1.54423, 46.24305 ], [ -1.55009, 46.24311 ], [ -1.56147, 46.24543 ], [ -1.56293, 46.24384 ], [ -1.56141, 46.23718 ], [ -1.56096, 46.2363 ], [ -1.55633, 46.23065 ], [ -1.55439, 46.23072 ], [ -1.54834, 46.22512 ], [ -1.54704, 46.22322 ], [ -1.54381, 46.21978 ] ] ], [ [ [ -1.30116, 45.89993 ], [ -1.29525, 45.9005 ], [ -1.29335, 45.89993 ], [ -1.29117, 45.89816 ], [ -1.28987, 45.89626 ], [ -1.28608, 45.89355 ], [ -1.28245, 45.89016 ], [ -1.28062, 45.88792 ], [ -1.27806, 45.88642 ], [ -1.27521, 45.88412 ], [ -1.27005, 45.88181 ], [ -1.26615, 45.87817 ], [ -1.26409, 45.87544 ], [ -1.25922, 45.8683 ], [ -1.25366, 45.85688 ], [ -1.25131, 45.85019 ], [ -1.25027, 45.84597 ], [ -1.24898, 45.83969 ], [ -1.24566, 45.82136 ], [ -1.2429, 45.8143 ], [ -1.23939, 45.80787 ], [ -1.23642, 45.80454 ], [ -1.23185, 45.80177 ], [ -1.22958, 45.80202 ], [ -1.22626, 45.80369 ], [ -1.22902, 45.80412 ], [ -1.22902, 45.80637 ], [ -1.22703, 45.8075 ], [ -1.22521, 45.81 ], [ -1.22365, 45.81134 ], [ -1.21862, 45.81238 ], [ -1.21621, 45.81376 ], [ -1.21501, 45.81575 ], [ -1.21197, 45.81869 ], [ -1.20983, 45.82029 ], [ -1.20521, 45.82457 ], [ -1.20207, 45.82683 ], [ -1.19634, 45.82848 ], [ -1.19545, 45.82939 ], [ -1.19713, 45.83191 ], [ -1.19978, 45.83507 ], [ -1.20199, 45.83832 ], [ -1.20199, 45.84066 ], [ -1.2032, 45.84238 ], [ -1.2033, 45.84589 ], [ -1.20621, 45.84616 ], [ -1.20771, 45.85034 ], [ -1.20532, 45.85226 ], [ -1.20457, 45.85359 ], [ -1.20305, 45.85409 ], [ -1.20281, 45.85531 ], [ -1.20362, 45.85889 ], [ -1.20044, 45.86255 ], [ -1.19651, 45.86258 ], [ -1.19608, 45.86395 ], [ -1.19705, 45.8649 ], [ -1.19907, 45.86521 ], [ -1.19997, 45.86617 ], [ -1.19883, 45.86868 ], [ -1.19678, 45.87077 ], [ -1.19428, 45.87202 ], [ -1.19323, 45.87363 ], [ -1.19302, 45.87548 ], [ -1.19385, 45.8773 ], [ -1.19365, 45.88032 ], [ -1.19154, 45.88246 ], [ -1.18839, 45.8826 ], [ -1.18884, 45.88669 ], [ -1.19178, 45.88935 ], [ -1.19658, 45.89162 ], [ -1.20109, 45.89562 ], [ -1.20224, 45.89739 ], [ -1.20181, 45.90073 ], [ -1.20525, 45.90107 ], [ -1.2109, 45.90356 ], [ -1.21149, 45.90471 ], [ -1.2155, 45.90668 ], [ -1.22009, 45.91006 ], [ -1.22358, 45.91311 ], [ -1.22556, 45.91593 ], [ -1.22921, 45.92036 ], [ -1.22889, 45.92244 ], [ -1.23121, 45.9234 ], [ -1.23377, 45.92706 ], [ -1.23356, 45.92968 ], [ -1.23281, 45.93105 ], [ -1.22907, 45.9332 ], [ -1.2296, 45.93818 ], [ -1.22833, 45.94051 ], [ -1.22631, 45.9413 ], [ -1.22979, 45.94426 ], [ -1.23505, 45.94773 ], [ -1.23897, 45.95125 ], [ -1.24072, 45.95336 ], [ -1.24208, 45.95746 ], [ -1.24033, 45.9622 ], [ -1.23881, 45.96387 ], [ -1.23665, 45.96511 ], [ -1.23625, 45.96809 ], [ -1.23546, 45.9688 ], [ -1.2328, 45.97055 ], [ -1.23297, 45.97131 ], [ -1.23683, 45.97299 ], [ -1.23761, 45.97498 ], [ -1.23591, 45.97954 ], [ -1.23603, 45.98152 ], [ -1.23755, 45.98391 ], [ -1.24022, 45.98634 ], [ -1.24462, 45.9893 ], [ -1.24675, 45.99023 ], [ -1.25685, 45.99059 ], [ -1.26818, 45.99004 ], [ -1.28119, 45.98841 ], [ -1.28577, 45.98826 ], [ -1.29349, 45.98878 ], [ -1.30086, 45.9899 ], [ -1.30662, 45.9911 ], [ -1.31515, 45.99389 ], [ -1.31923, 45.99591 ], [ -1.32174, 45.99769 ], [ -1.32227, 45.99902 ], [ -1.32181, 46.00074 ], [ -1.32307, 46.00228 ], [ -1.32379, 46.00342 ], [ -1.32721, 46.00502 ], [ -1.32855, 46.00782 ], [ -1.33107, 46.00873 ], [ -1.33463, 46.01068 ], [ -1.3358, 46.01173 ], [ -1.33611, 46.01352 ], [ -1.34083, 46.01449 ], [ -1.34471, 46.01558 ], [ -1.35293, 46.01954 ], [ -1.35451, 46.0208 ], [ -1.35533, 46.02248 ], [ -1.35683, 46.02365 ], [ -1.35787, 46.02474 ], [ -1.36254, 46.02598 ], [ -1.36593, 46.02727 ], [ -1.36951, 46.02954 ], [ -1.37208, 46.03215 ], [ -1.37203, 46.03328 ], [ -1.37064, 46.03585 ], [ -1.37098, 46.03796 ], [ -1.37023, 46.03924 ], [ -1.38149, 46.04112 ], [ -1.38295, 46.04171 ], [ -1.38765, 46.0416 ], [ -1.39034, 46.04204 ], [ -1.39507, 46.04405 ], [ -1.3992, 46.04491 ], [ -1.40267, 46.0466 ], [ -1.40706, 46.04811 ], [ -1.40955, 46.04772 ], [ -1.4124, 46.04789 ], [ -1.4134, 46.0465 ], [ -1.4118, 46.04552 ], [ -1.4113, 46.04131 ], [ -1.40998, 46.03982 ], [ -1.40849, 46.03591 ], [ -1.40812, 46.03349 ], [ -1.40664, 46.02984 ], [ -1.40478, 46.02716 ], [ -1.40334, 46.02405 ], [ -1.40053, 46.01613 ], [ -1.39805, 46.01468 ], [ -1.39355, 46.00947 ], [ -1.39097, 46.00482 ], [ -1.38907, 46.00268 ], [ -1.38787, 46.00002 ], [ -1.38709, 45.99716 ], [ -1.38726, 45.99387 ], [ -1.38875, 45.98927 ], [ -1.39197, 45.9834 ], [ -1.39387, 45.98185 ], [ -1.39556, 45.97828 ], [ -1.39578, 45.97683 ], [ -1.39221, 45.9747 ], [ -1.39063, 45.97223 ], [ -1.39017, 45.96919 ], [ -1.38733, 45.96554 ], [ -1.38626, 45.96314 ], [ -1.3862, 45.96135 ], [ -1.38704, 45.95938 ], [ -1.38886, 45.9577 ], [ -1.38757, 45.95477 ], [ -1.38598, 45.95239 ], [ -1.38002, 45.95015 ], [ -1.37603, 45.94564 ], [ -1.37517, 45.94423 ], [ -1.37262, 45.94193 ], [ -1.36824, 45.9392 ], [ -1.36128, 45.93357 ], [ -1.35831, 45.93186 ], [ -1.35654, 45.92941 ], [ -1.35095, 45.92504 ], [ -1.34712, 45.92372 ], [ -1.34394, 45.92153 ], [ -1.34138, 45.91887 ], [ -1.33947, 45.91847 ], [ -1.33563, 45.91689 ], [ -1.3328, 45.91509 ], [ -1.32671, 45.91277 ], [ -1.32489, 45.91359 ], [ -1.32152, 45.9115 ], [ -1.31844, 45.91065 ], [ -1.31418, 45.90678 ], [ -1.31191, 45.90559 ], [ -1.3047, 45.90087 ], [ -1.30116, 45.89993 ] ] ], [ [ [ -1.11105, 45.95285 ], [ -1.11048, 45.95409 ], [ -1.10869, 45.95428 ], [ -1.10613, 45.95368 ], [ -1.10533, 45.95439 ], [ -1.10789, 45.95687 ], [ -1.10853, 45.95892 ], [ -1.11107, 45.96123 ], [ -1.11362, 45.96188 ], [ -1.11781, 45.96188 ], [ -1.11947, 45.96143 ], [ -1.12028, 45.95996 ], [ -1.1192, 45.95707 ], [ -1.11705, 45.95479 ], [ -1.1163, 45.9522 ], [ -1.11427, 45.95173 ], [ -1.11105, 45.95285 ] ] ], [ [ [ -1.07819, 44.72218 ], [ -1.07696, 44.72173 ], [ -1.07494, 44.71959 ], [ -1.07217, 44.71782 ], [ -1.07082, 44.71611 ], [ -1.06779, 44.7138 ], [ -1.05997, 44.70972 ], [ -1.05804, 44.70913 ], [ -1.05616, 44.70955 ], [ -1.05573, 44.7074 ], [ -1.05378, 44.70751 ], [ -1.05128, 44.70578 ], [ -1.05361, 44.70359 ], [ -1.05112, 44.70196 ], [ -1.04726, 44.70072 ], [ -1.04569, 44.70081 ], [ -1.04392, 44.69644 ], [ -1.03979, 44.6959 ], [ -1.03691, 44.69408 ], [ -1.03742, 44.69232 ], [ -1.04365, 44.6929 ], [ -1.0462, 44.69224 ], [ -1.04907, 44.6926 ], [ -1.05053, 44.69522 ], [ -1.05339, 44.69541 ], [ -1.05553, 44.69403 ], [ -1.05792, 44.69411 ], [ -1.0636, 44.69736 ], [ -1.06928, 44.69624 ], [ -1.05814, 44.68905 ], [ -1.05899, 44.68758 ], [ -1.05002, 44.68204 ], [ -1.0479, 44.68345 ], [ -1.04325, 44.68377 ], [ -1.04171, 44.68553 ], [ -1.03831, 44.68576 ], [ -1.04042, 44.68412 ], [ -1.04048, 44.68272 ], [ -1.04385, 44.6811 ], [ -1.03935, 44.67979 ], [ -1.03809, 44.67883 ], [ -1.03566, 44.67823 ], [ -1.03128, 44.6798 ], [ -1.03117, 44.67903 ], [ -1.0282, 44.67673 ], [ -1.02575, 44.67689 ], [ -1.01939, 44.67821 ], [ -1.02442, 44.67567 ], [ -1.01872, 44.66976 ], [ -1.01786, 44.66799 ], [ -1.01912, 44.66601 ], [ -1.01892, 44.66444 ], [ -1.01413, 44.66031 ], [ -1.01334, 44.65865 ], [ -1.01061, 44.65927 ], [ -1.01107, 44.65638 ], [ -1.0082, 44.65601 ], [ -1.00748, 44.65436 ], [ -1.00519, 44.65417 ], [ -1.00547, 44.65217 ], [ -1.00423, 44.65037 ], [ -1.00468, 44.64818 ], [ -1.00586, 44.64784 ], [ -1.0089, 44.6491 ], [ -1.01169, 44.64943 ], [ -1.01245, 44.64837 ], [ -1.01456, 44.64997 ], [ -1.01983, 44.64852 ], [ -1.02079, 44.6475 ], [ -1.01965, 44.64528 ], [ -1.01969, 44.64271 ], [ -1.02218, 44.6421 ], [ -1.02232, 44.64423 ], [ -1.02581, 44.64351 ], [ -1.02776, 44.64512 ], [ -1.02879, 44.64787 ], [ -1.03591, 44.64874 ], [ -1.03708, 44.64987 ], [ -1.03737, 44.65217 ], [ -1.03926, 44.65378 ], [ -1.04183, 44.65246 ], [ -1.04255, 44.6506 ], [ -1.0439, 44.64976 ], [ -1.04406, 44.64788 ], [ -1.05151, 44.64862 ], [ -1.05076, 44.64428 ], [ -1.05512, 44.64441 ], [ -1.05744, 44.64412 ], [ -1.05941, 44.64452 ], [ -1.05949, 44.64582 ], [ -1.06208, 44.64579 ], [ -1.06307, 44.64666 ], [ -1.06556, 44.64718 ], [ -1.06582, 44.64618 ], [ -1.06916, 44.6453 ], [ -1.07055, 44.644 ], [ -1.07269, 44.64521 ], [ -1.07493, 44.64554 ], [ -1.07358, 44.6419 ], [ -1.07652, 44.64149 ], [ -1.07628, 44.64383 ], [ -1.078, 44.64415 ], [ -1.07886, 44.64142 ], [ -1.08112, 44.64019 ], [ -1.08673, 44.64137 ], [ -1.09001, 44.64131 ], [ -1.09642, 44.64211 ], [ -1.09728, 44.64286 ], [ -1.09643, 44.64437 ], [ -1.1028, 44.64625 ], [ -1.10439, 44.64354 ], [ -1.11376, 44.64506 ], [ -1.11582, 44.64469 ], [ -1.11742, 44.64302 ], [ -1.11877, 44.64023 ], [ -1.11805, 44.64394 ], [ -1.11878, 44.64465 ], [ -1.11796, 44.6467 ], [ -1.1219, 44.64721 ], [ -1.12778, 44.64753 ], [ -1.12968, 44.64639 ], [ -1.13148, 44.647 ], [ -1.13971, 44.64744 ], [ -1.1435, 44.6466 ], [ -1.14563, 44.64524 ], [ -1.14387, 44.64004 ], [ -1.14916, 44.64002 ], [ -1.15361, 44.6426 ], [ -1.15485, 44.64437 ], [ -1.154, 44.64705 ], [ -1.15189, 44.64874 ], [ -1.14948, 44.64741 ], [ -1.14713, 44.6482 ], [ -1.14791, 44.64962 ], [ -1.1469, 44.65056 ], [ -1.14278, 44.65144 ], [ -1.13921, 44.65367 ], [ -1.14402, 44.6565 ], [ -1.14229, 44.65925 ], [ -1.14446, 44.65968 ], [ -1.14517, 44.65763 ], [ -1.14939, 44.65876 ], [ -1.15171, 44.66049 ], [ -1.15343, 44.66085 ], [ -1.15751, 44.66267 ], [ -1.16189, 44.66306 ], [ -1.16353, 44.66401 ], [ -1.16798, 44.66338 ], [ -1.17298, 44.66373 ], [ -1.18035, 44.66367 ], [ -1.18944, 44.66155 ], [ -1.19154, 44.66073 ], [ -1.19524, 44.65719 ], [ -1.19628, 44.65251 ], [ -1.19826, 44.64763 ], [ -1.20131, 44.64485 ], [ -1.20365, 44.64167 ], [ -1.20435, 44.6387 ], [ -1.2048, 44.63559 ], [ -1.20451, 44.63074 ], [ -1.20396, 44.6281 ], [ -1.20351, 44.62271 ], [ -1.20475, 44.61708 ], [ -1.20489, 44.61438 ], [ -1.20741, 44.60889 ], [ -1.21167, 44.60106 ], [ -1.21214, 44.59951 ], [ -1.21836, 44.58973 ], [ -1.22252, 44.58248 ], [ -1.2274, 44.57575 ], [ -1.23108, 44.57222 ], [ -1.23168, 44.56937 ], [ -1.23251, 44.56849 ], [ -1.23565, 44.5673 ], [ -1.23769, 44.56566 ], [ -1.24099, 44.56106 ], [ -1.24616, 44.55585 ], [ -1.25265, 44.55043 ], [ -1.25608, 44.54919 ], [ -1.25861, 44.54713 ], [ -1.26019, 44.54317 ], [ -1.25977, 44.54137 ], [ -1.26028, 44.53951 ], [ -1.25895, 44.53618 ], [ -1.25664, 44.53246 ], [ -1.25606, 44.52892 ], [ -1.25411, 44.52399 ], [ -1.25381, 44.5212 ], [ -1.25266, 44.51787 ], [ -1.25258, 44.51538 ], [ -1.25173, 44.51486 ], [ -1.25148, 44.51209 ], [ -1.25192, 44.50879 ], [ -1.25068, 44.50598 ], [ -1.25149, 44.50267 ], [ -1.25089, 44.49922 ], [ -1.2514, 44.48889 ], [ -1.25227, 44.48454 ], [ -1.25299, 44.47889 ], [ -1.25359, 44.47631 ], [ -1.25354, 44.47027 ], [ -1.25389, 44.4676 ], [ -1.25417, 44.46498 ], [ -1.25491, 44.46293 ], [ -1.25483, 44.45729 ], [ -1.25538, 44.45602 ], [ -1.25674, 44.44432 ], [ -1.25804, 44.43787 ], [ -1.25846, 44.43016 ], [ -1.25915, 44.42816 ], [ -1.26035, 44.42127 ], [ -1.26061, 44.41712 ], [ -1.26169, 44.41416 ], [ -1.26188, 44.41113 ], [ -1.26286, 44.40646 ], [ -1.26281, 44.40479 ], [ -1.26484, 44.39465 ], [ -1.26464, 44.39348 ], [ -1.26541, 44.39071 ], [ -1.2662, 44.38523 ], [ -1.26628, 44.38235 ], [ -1.26688, 44.38088 ], [ -1.26767, 44.37533 ], [ -1.26927, 44.36865 ], [ -1.27047, 44.36159 ], [ -1.27081, 44.35793 ], [ -1.27149, 44.3557 ], [ -1.27155, 44.35349 ], [ -1.27236, 44.35148 ], [ -1.2721, 44.35014 ], [ -1.27381, 44.3422 ], [ -1.27475, 44.33589 ], [ -1.27604, 44.33028 ], [ -1.27605, 44.32767 ], [ -1.27736, 44.32213 ], [ -1.27738, 44.31965 ], [ -1.27896, 44.31461 ], [ -1.28006, 44.3077 ], [ -1.28116, 44.30223 ], [ -1.28114, 44.30088 ], [ -1.28255, 44.29535 ], [ -1.28281, 44.29241 ], [ -1.28356, 44.29045 ], [ -1.28572, 44.2775 ], [ -1.28636, 44.27564 ], [ -1.28624, 44.27357 ], [ -1.28709, 44.27072 ], [ -1.28969, 44.25949 ], [ -1.2909, 44.25341 ], [ -1.29132, 44.25002 ], [ -1.29271, 44.24417 ], [ -1.29307, 44.24087 ], [ -1.29405, 44.23846 ], [ -1.29405, 44.23651 ], [ -1.29489, 44.23378 ], [ -1.29532, 44.23044 ], [ -1.29798, 44.21773 ], [ -1.29797, 44.21256 ], [ -1.29946, 44.21017 ], [ -1.30006, 44.20483 ], [ -1.30143, 44.1997 ], [ -1.30321, 44.18973 ], [ -1.30393, 44.18727 ], [ -1.30407, 44.18363 ], [ -1.3046, 44.18275 ], [ -1.30517, 44.17796 ], [ -1.30674, 44.172 ], [ -1.30648, 44.17062 ], [ -1.30791, 44.16652 ], [ -1.3104, 44.15725 ], [ -1.31102, 44.15399 ], [ -1.31076, 44.15296 ], [ -1.31317, 44.14131 ], [ -1.31523, 44.13489 ], [ -1.31638, 44.12884 ], [ -1.31858, 44.1214 ], [ -1.31956, 44.11912 ], [ -1.31987, 44.11599 ], [ -1.32073, 44.11263 ], [ -1.32331, 44.10472 ], [ -1.32431, 44.09995 ], [ -1.32515, 44.09821 ], [ -1.32534, 44.09605 ], [ -1.32707, 44.09194 ], [ -1.32592, 44.08952 ], [ -1.32717, 44.08838 ], [ -1.32719, 44.08675 ], [ -1.32919, 44.08155 ], [ -1.32968, 44.07856 ], [ -1.33286, 44.07021 ], [ -1.33262, 44.06837 ], [ -1.33357, 44.06654 ], [ -1.33388, 44.06451 ], [ -1.33505, 44.06222 ], [ -1.33618, 44.05736 ], [ -1.33705, 44.0563 ], [ -1.33786, 44.05217 ], [ -1.3392, 44.04964 ], [ -1.33922, 44.04686 ], [ -1.34074, 44.04406 ], [ -1.34077, 44.04172 ], [ -1.34217, 44.03911 ], [ -1.34265, 44.03566 ], [ -1.34403, 44.03089 ], [ -1.34459, 44.02776 ], [ -1.34604, 44.02388 ], [ -1.3469, 44.01863 ], [ -1.34785, 44.01675 ], [ -1.34766, 44.01488 ], [ -1.34867, 44.01295 ], [ -1.34866, 44.01078 ], [ -1.34934, 44.00864 ], [ -1.34901, 44.00735 ], [ -1.35145, 44.00136 ], [ -1.35264, 43.99835 ], [ -1.35433, 43.99154 ], [ -1.35505, 43.99003 ], [ -1.35527, 43.98755 ], [ -1.35631, 43.98522 ], [ -1.35773, 43.97886 ], [ -1.35773, 43.97706 ], [ -1.36005, 43.97213 ], [ -1.36079, 43.96804 ], [ -1.36227, 43.96273 ], [ -1.36293, 43.95843 ], [ -1.36639, 43.94777 ], [ -1.36712, 43.94446 ], [ -1.37004, 43.93337 ], [ -1.37099, 43.93149 ], [ -1.37134, 43.92701 ], [ -1.37335, 43.92137 ], [ -1.37449, 43.91691 ], [ -1.37535, 43.91229 ], [ -1.37791, 43.90463 ], [ -1.38174, 43.89113 ], [ -1.38172, 43.88982 ], [ -1.38287, 43.88735 ], [ -1.38367, 43.88437 ], [ -1.38458, 43.8818 ], [ -1.38688, 43.87276 ], [ -1.38983, 43.86631 ], [ -1.38971, 43.86533 ], [ -1.3914, 43.86027 ], [ -1.39138, 43.85897 ], [ -1.38891, 43.85837 ], [ -1.38967, 43.85659 ], [ -1.39205, 43.85381 ], [ -1.39465, 43.85165 ], [ -1.39654, 43.84501 ], [ -1.39742, 43.84322 ], [ -1.39869, 43.83768 ], [ -1.39986, 43.83633 ], [ -1.40117, 43.83251 ], [ -1.402, 43.82785 ], [ -1.40378, 43.8245 ], [ -1.40355, 43.82185 ], [ -1.40497, 43.81959 ], [ -1.40564, 43.81656 ], [ -1.40683, 43.81458 ], [ -1.40658, 43.81355 ], [ -1.40839, 43.80885 ], [ -1.40929, 43.80526 ], [ -1.41023, 43.80325 ], [ -1.41179, 43.79788 ], [ -1.41493, 43.78615 ], [ -1.41457, 43.78518 ], [ -1.41564, 43.78464 ], [ -1.41627, 43.78174 ], [ -1.4188, 43.77448 ], [ -1.41998, 43.77265 ], [ -1.4198, 43.77067 ], [ -1.42212, 43.76312 ], [ -1.42424, 43.7544 ], [ -1.42526, 43.75183 ], [ -1.42627, 43.74798 ], [ -1.42664, 43.74508 ], [ -1.42756, 43.74302 ], [ -1.42761, 43.74136 ], [ -1.42862, 43.73709 ], [ -1.4296, 43.73489 ], [ -1.43181, 43.72662 ], [ -1.43287, 43.7219 ], [ -1.43424, 43.71789 ], [ -1.4354, 43.71348 ], [ -1.4365, 43.71057 ], [ -1.43737, 43.70665 ], [ -1.4382, 43.70109 ], [ -1.43941, 43.69744 ], [ -1.43993, 43.69216 ], [ -1.44043, 43.69002 ], [ -1.44053, 43.6835 ], [ -1.44069, 43.67753 ], [ -1.44171, 43.66917 ], [ -1.44183, 43.66614 ], [ -1.44559, 43.65801 ], [ -1.44648, 43.6562 ], [ -1.44561, 43.65524 ], [ -1.44544, 43.6534 ], [ -1.4468, 43.64561 ], [ -1.4482, 43.64228 ], [ -1.46002, 43.6203 ], [ -1.46691, 43.61021 ], [ -1.46915, 43.60696 ], [ -1.47054, 43.60431 ], [ -1.4825, 43.58642 ], [ -1.49331, 43.57054 ], [ -1.49639, 43.56658 ], [ -1.50291, 43.55995 ], [ -1.50703, 43.55497 ], [ -1.50983, 43.55005 ], [ -1.51396, 43.54485 ], [ -1.51605, 43.54096 ], [ -1.51835, 43.53817 ], [ -1.5204, 43.53445 ], [ -1.52311, 43.53124 ], [ -1.52487, 43.5297 ], [ -1.52538, 43.52721 ], [ -1.52675, 43.52536 ], [ -1.52763, 43.52267 ], [ -1.5288, 43.52164 ], [ -1.52994, 43.51913 ], [ -1.53247, 43.51697 ], [ -1.53447, 43.51366 ], [ -1.54212, 43.50456 ], [ -1.54413, 43.50128 ], [ -1.54576, 43.49948 ], [ -1.54807, 43.49597 ], [ -1.54982, 43.49433 ], [ -1.55132, 43.4937 ], [ -1.55331, 43.49475 ], [ -1.55576, 43.49449 ], [ -1.55548, 43.49279 ], [ -1.55351, 43.49218 ], [ -1.55436, 43.49012 ], [ -1.55757, 43.48789 ], [ -1.55903, 43.48748 ], [ -1.56104, 43.48521 ], [ -1.5648, 43.48486 ], [ -1.56592, 43.48414 ], [ -1.56921, 43.48416 ], [ -1.56956, 43.48095 ], [ -1.56791, 43.47943 ], [ -1.56977, 43.47675 ], [ -1.57007, 43.47471 ], [ -1.57274, 43.47205 ], [ -1.57422, 43.46898 ], [ -1.57723, 43.46865 ], [ -1.57827, 43.46668 ], [ -1.57691, 43.46578 ], [ -1.57802, 43.46381 ], [ -1.57902, 43.46395 ], [ -1.58075, 43.462 ], [ -1.58214, 43.46163 ], [ -1.58347, 43.46001 ], [ -1.58241, 43.45897 ], [ -1.58447, 43.45542 ], [ -1.58762, 43.45161 ], [ -1.58953, 43.44975 ], [ -1.59187, 43.44958 ], [ -1.59489, 43.44835 ], [ -1.59547, 43.44401 ], [ -1.59659, 43.44221 ], [ -1.59545, 43.44008 ], [ -1.59806, 43.43909 ], [ -1.597, 43.43805 ], [ -1.60082, 43.43512 ], [ -1.60145, 43.43329 ], [ -1.60453, 43.43039 ], [ -1.60751, 43.4307 ], [ -1.60894, 43.4297 ], [ -1.60947, 43.42753 ], [ -1.61354, 43.42643 ], [ -1.61773, 43.42723 ], [ -1.619, 43.42669 ], [ -1.62059, 43.42469 ], [ -1.62116, 43.42301 ], [ -1.62584, 43.42262 ], [ -1.62497, 43.42157 ], [ -1.62473, 43.41892 ], [ -1.62625, 43.41751 ], [ -1.62816, 43.41835 ], [ -1.62969, 43.41821 ], [ -1.63107, 43.41658 ], [ -1.62831, 43.41519 ], [ -1.62882, 43.41351 ], [ -1.63205, 43.41275 ], [ -1.63498, 43.41405 ], [ -1.63885, 43.41283 ], [ -1.63998, 43.41009 ], [ -1.63792, 43.40998 ], [ -1.63911, 43.40836 ], [ -1.64273, 43.40697 ], [ -1.64583, 43.4052 ], [ -1.64879, 43.40513 ], [ -1.65054, 43.40719 ], [ -1.65489, 43.40592 ], [ -1.65802, 43.40544 ], [ -1.65903, 43.40383 ], [ -1.66173, 43.40383 ], [ -1.66184, 43.4026 ], [ -1.66312, 43.4012 ], [ -1.66636, 43.39988 ], [ -1.66423, 43.39662 ], [ -1.66135, 43.39694 ], [ -1.66074, 43.39341 ], [ -1.66262, 43.39118 ], [ -1.66553, 43.38932 ], [ -1.66941, 43.38814 ], [ -1.67458, 43.3899 ], [ -1.67925, 43.38942 ], [ -1.68146, 43.39004 ], [ -1.68314, 43.39207 ], [ -1.68216, 43.39404 ], [ -1.68259, 43.39497 ], [ -1.6814, 43.39672 ], [ -1.68209, 43.39755 ], [ -1.68979, 43.39535 ], [ -1.69017, 43.39561 ], [ -1.69565, 43.39433 ], [ -1.69583, 43.3935 ], [ -1.70194, 43.39234 ], [ -1.70629, 43.39083 ], [ -1.70769, 43.39073 ], [ -1.71132, 43.38854 ], [ -1.71464, 43.38819 ], [ -1.71931, 43.38677 ], [ -1.72344, 43.3859 ], [ -1.72991, 43.38282 ], [ -1.73078, 43.38307 ], [ -1.73381, 43.38205 ], [ -1.73678, 43.38208 ], [ -1.73984, 43.38089 ], [ -1.74412, 43.38379 ], [ -1.74628, 43.38287 ], [ -1.74871, 43.38323 ], [ -1.74734, 43.38579 ], [ -1.74744, 43.38719 ], [ -1.74896, 43.38777 ], [ -1.75225, 43.3871 ], [ -1.75351, 43.3848 ], [ -1.75686, 43.3841 ], [ -1.7563, 43.38309 ], [ -1.75815, 43.38113 ], [ -1.75829, 43.38003 ], [ -1.75548, 43.37915 ], [ -1.75789, 43.37834 ], [ -1.75982, 43.37683 ], [ -1.76222, 43.3757 ], [ -1.77464, 43.37299 ], [ -1.77848, 43.37295 ], [ -1.78402, 43.37336 ], [ -1.78897, 43.37406 ], [ -1.78683, 43.37805 ], [ -1.78875, 43.37838 ], [ -1.79202, 43.37282 ], [ -1.79235, 43.3706 ], [ -1.79098, 43.36747 ], [ -1.7884, 43.36436 ], [ -1.78619, 43.36336 ], [ -1.78374, 43.36302 ], [ -1.78291, 43.36204 ], [ -1.78858, 43.35679 ], [ -1.78923, 43.35462 ], [ -1.78713, 43.35137 ], [ -1.7838, 43.349 ], [ -1.78054, 43.34814 ], [ -1.77794, 43.34823 ], [ -1.77698, 43.34768 ], [ -1.77667, 43.3449 ], [ -1.77549, 43.34395 ], [ -1.77151, 43.34261 ], [ -1.76895, 43.34225 ], [ -1.76595, 43.34259 ], [ -1.76195, 43.34402 ], [ -1.76093, 43.34416 ], [ -1.75771, 43.34401 ], [ -1.75387, 43.34203 ], [ -1.75268, 43.34086 ], [ -1.75149, 43.33608 ], [ -1.75272, 43.33501 ], [ -1.7523, 43.33353 ], [ -1.7492, 43.33139 ], [ -1.74726, 43.33106 ], [ -1.74218, 43.33173 ], [ -1.74045, 43.33162 ], [ -1.73771, 43.3304 ], [ -1.73818, 43.32543 ], [ -1.73691, 43.32399 ], [ -1.73824, 43.32007 ], [ -1.74003, 43.31905 ], [ -1.74135, 43.31675 ], [ -1.73757, 43.31365 ], [ -1.74011, 43.31211 ], [ -1.73955, 43.3111 ], [ -1.73639, 43.31094 ], [ -1.73554, 43.31035 ], [ -1.73384, 43.30621 ], [ -1.73333, 43.30226 ], [ -1.73178, 43.30011 ], [ -1.73112, 43.2978 ], [ -1.72975, 43.29568 ], [ -1.7251, 43.29833 ], [ -1.72338, 43.30001 ], [ -1.71942, 43.30079 ], [ -1.71352, 43.30032 ], [ -1.7097, 43.30311 ], [ -1.70875, 43.30554 ], [ -1.70313, 43.3092 ], [ -1.69982, 43.30955 ], [ -1.69471, 43.31221 ], [ -1.69348, 43.31132 ], [ -1.6909, 43.31086 ], [ -1.68802, 43.30926 ], [ -1.68573, 43.30907 ], [ -1.68305, 43.31052 ], [ -1.67988, 43.31022 ], [ -1.67774, 43.31124 ], [ -1.67419, 43.31178 ], [ -1.66853, 43.31486 ], [ -1.66437, 43.3137 ], [ -1.65889, 43.31367 ], [ -1.65486, 43.31264 ], [ -1.65255, 43.31012 ], [ -1.64529, 43.30677 ], [ -1.64367, 43.30669 ], [ -1.63543, 43.30905 ], [ -1.63069, 43.30714 ], [ -1.62407, 43.30607 ], [ -1.62254, 43.30329 ], [ -1.6226, 43.30062 ], [ -1.62742, 43.29415 ], [ -1.628, 43.29097 ], [ -1.62973, 43.28893 ], [ -1.63037, 43.28445 ], [ -1.62876, 43.2818 ], [ -1.62691, 43.27709 ], [ -1.62563, 43.27078 ], [ -1.62379, 43.27085 ], [ -1.62241, 43.26395 ], [ -1.61744, 43.25963 ], [ -1.61778, 43.25825 ], [ -1.61422, 43.25559 ], [ -1.61045, 43.25459 ], [ -1.60867, 43.25191 ], [ -1.60544, 43.25238 ], [ -1.601, 43.25417 ], [ -1.59788, 43.25463 ], [ -1.59236, 43.25419 ], [ -1.58991, 43.25342 ], [ -1.58706, 43.25308 ], [ -1.58551, 43.25227 ], [ -1.5825, 43.25328 ], [ -1.58083, 43.25324 ], [ -1.57661, 43.24988 ], [ -1.57206, 43.25287 ], [ -1.56916, 43.25559 ], [ -1.56509, 43.26519 ], [ -1.56459, 43.26701 ], [ -1.56045, 43.27265 ], [ -1.56026, 43.27531 ], [ -1.55815, 43.27693 ], [ -1.5574, 43.27979 ], [ -1.55981, 43.2838 ], [ -1.56294, 43.28437 ], [ -1.56399, 43.28514 ], [ -1.56472, 43.28791 ], [ -1.56001, 43.28961 ], [ -1.55182, 43.29169 ], [ -1.54671, 43.29169 ], [ -1.54359, 43.29212 ], [ -1.53964, 43.29126 ], [ -1.53532, 43.29464 ], [ -1.53279, 43.29365 ], [ -1.52929, 43.29341 ], [ -1.52033, 43.29304 ], [ -1.51533, 43.2939 ], [ -1.50912, 43.29334 ], [ -1.50586, 43.29328 ], [ -1.50392, 43.29199 ], [ -1.5029, 43.28976 ], [ -1.50117, 43.28757 ], [ -1.49867, 43.28716 ], [ -1.49859, 43.2859 ], [ -1.49686, 43.28479 ], [ -1.49542, 43.28273 ], [ -1.49295, 43.28154 ], [ -1.49189, 43.28042 ], [ -1.48775, 43.28127 ], [ -1.48598, 43.2825 ], [ -1.48261, 43.28284 ], [ -1.48207, 43.28115 ], [ -1.47813, 43.27741 ], [ -1.47591, 43.27627 ], [ -1.47309, 43.27568 ], [ -1.46984, 43.2739 ], [ -1.4659, 43.27228 ], [ -1.46184, 43.27128 ], [ -1.45852, 43.27145 ], [ -1.4535, 43.27112 ], [ -1.45058, 43.26982 ], [ -1.44611, 43.26892 ], [ -1.43995, 43.2673 ], [ -1.43885, 43.26652 ], [ -1.42753, 43.26699 ], [ -1.42059, 43.26917 ], [ -1.41647, 43.27253 ], [ -1.41321, 43.27342 ], [ -1.40976, 43.27159 ], [ -1.40512, 43.27044 ], [ -1.40286, 43.26871 ], [ -1.40074, 43.2663 ], [ -1.39848, 43.26558 ], [ -1.39606, 43.26344 ], [ -1.39461, 43.26282 ], [ -1.39122, 43.25991 ], [ -1.38854, 43.25856 ], [ -1.38866, 43.25765 ], [ -1.38702, 43.25591 ], [ -1.38266, 43.25303 ], [ -1.38181, 43.24432 ], [ -1.37859, 43.23515 ], [ -1.37826, 43.23087 ], [ -1.37779, 43.23013 ], [ -1.37887, 43.2277 ], [ -1.38029, 43.2258 ], [ -1.38182, 43.22561 ], [ -1.3837, 43.22317 ], [ -1.38433, 43.22121 ], [ -1.38406, 43.21902 ], [ -1.38253, 43.2161 ], [ -1.38045, 43.2144 ], [ -1.38408, 43.2113 ], [ -1.38487, 43.20921 ], [ -1.38514, 43.20663 ], [ -1.38324, 43.20364 ], [ -1.38365, 43.20146 ], [ -1.38306, 43.19988 ], [ -1.38527, 43.19762 ], [ -1.38655, 43.19565 ], [ -1.38652, 43.19402 ], [ -1.38488, 43.19151 ], [ -1.38174, 43.18963 ], [ -1.38347, 43.18755 ], [ -1.39054, 43.1865 ], [ -1.39861, 43.18159 ], [ -1.40202, 43.17787 ], [ -1.40216, 43.17512 ], [ -1.40363, 43.17209 ], [ -1.403, 43.17077 ], [ -1.40298, 43.16657 ], [ -1.40338, 43.16418 ], [ -1.40433, 43.16361 ], [ -1.404, 43.16037 ], [ -1.40218, 43.15763 ], [ -1.40224, 43.15566 ], [ -1.40751, 43.15534 ], [ -1.41044, 43.15403 ], [ -1.41312, 43.15151 ], [ -1.41336, 43.15051 ], [ -1.41567, 43.14998 ], [ -1.41614, 43.14874 ], [ -1.41414, 43.14615 ], [ -1.40962, 43.14275 ], [ -1.41094, 43.14131 ], [ -1.41194, 43.13852 ], [ -1.41501, 43.13554 ], [ -1.4143, 43.13287 ], [ -1.41488, 43.13049 ], [ -1.41398, 43.12967 ], [ -1.41478, 43.12789 ], [ -1.4164, 43.12716 ], [ -1.4192, 43.12675 ], [ -1.4212, 43.12511 ], [ -1.42413, 43.12497 ], [ -1.4267, 43.12168 ], [ -1.42676, 43.11874 ], [ -1.42726, 43.11688 ], [ -1.43385, 43.11505 ], [ -1.43577, 43.11417 ], [ -1.43815, 43.11224 ], [ -1.44315, 43.11153 ], [ -1.44071, 43.10769 ], [ -1.44336, 43.10701 ], [ -1.451, 43.10419 ], [ -1.45202, 43.10186 ], [ -1.45362, 43.10073 ], [ -1.45615, 43.10001 ], [ -1.45853, 43.09876 ], [ -1.4617, 43.09838 ], [ -1.46423, 43.09753 ], [ -1.47087, 43.09171 ], [ -1.47173, 43.08876 ], [ -1.47321, 43.08676 ], [ -1.47233, 43.08468 ], [ -1.47174, 43.08109 ], [ -1.46893, 43.07745 ], [ -1.45707, 43.06394 ], [ -1.45604, 43.06325 ], [ -1.4476, 43.05398 ], [ -1.44122, 43.04631 ], [ -1.38852, 43.03541 ], [ -1.36589, 43.0308 ], [ -1.3537, 43.02824 ], [ -1.35165, 43.03195 ], [ -1.34979, 43.03786 ], [ -1.34877, 43.03929 ], [ -1.34832, 43.04269 ], [ -1.34577, 43.04918 ], [ -1.34289, 43.05449 ], [ -1.34536, 43.05666 ], [ -1.34365, 43.0628 ], [ -1.34366, 43.06704 ], [ -1.34413, 43.07279 ], [ -1.34173, 43.07592 ], [ -1.34195, 43.07835 ], [ -1.34026, 43.08085 ], [ -1.34363, 43.08465 ], [ -1.34607, 43.09057 ], [ -1.34511, 43.09402 ], [ -1.33964, 43.09802 ], [ -1.33847, 43.10086 ], [ -1.33437, 43.10221 ], [ -1.33369, 43.10331 ], [ -1.33347, 43.10571 ], [ -1.33225, 43.10778 ], [ -1.3283, 43.10871 ], [ -1.32061, 43.11275 ], [ -1.3166, 43.11323 ], [ -1.31071, 43.11357 ], [ -1.30704, 43.11495 ], [ -1.3014, 43.11513 ], [ -1.29534, 43.11564 ], [ -1.29359, 43.11606 ], [ -1.2922, 43.11538 ], [ -1.28932, 43.11575 ], [ -1.28501, 43.11764 ], [ -1.28298, 43.11762 ], [ -1.28038, 43.11847 ], [ -1.27426, 43.1189 ], [ -1.27019, 43.11857 ], [ -1.27057, 43.11689 ], [ -1.2731, 43.11586 ], [ -1.27449, 43.11357 ], [ -1.27702, 43.11272 ], [ -1.2825, 43.10862 ], [ -1.28267, 43.10749 ], [ -1.28536, 43.10614 ], [ -1.28659, 43.10412 ], [ -1.28904, 43.104 ], [ -1.29018, 43.10126 ], [ -1.29267, 43.10014 ], [ -1.29275, 43.09915 ], [ -1.29467, 43.09742 ], [ -1.29536, 43.09559 ], [ -1.29712, 43.09531 ], [ -1.29922, 43.09246 ], [ -1.29927, 43.09119 ], [ -1.30096, 43.08951 ], [ -1.30211, 43.08717 ], [ -1.30187, 43.08547 ], [ -1.30331, 43.08471 ], [ -1.30585, 43.08003 ], [ -1.30502, 43.07861 ], [ -1.3057, 43.07652 ], [ -1.30732, 43.07386 ], [ -1.30859, 43.0726 ], [ -1.30928, 43.06865 ], [ -1.30718, 43.06854 ], [ -1.30559, 43.06756 ], [ -1.30275, 43.06842 ], [ -1.30042, 43.06741 ], [ -1.2968, 43.06649 ], [ -1.29542, 43.0642 ], [ -1.29171, 43.06345 ], [ -1.2879, 43.06367 ], [ -1.28546, 43.06163 ], [ -1.2827, 43.06091 ], [ -1.2803, 43.05892 ], [ -1.27754, 43.0577 ], [ -1.27496, 43.05571 ], [ -1.27054, 43.05472 ], [ -1.26824, 43.05007 ], [ -1.26632, 43.04882 ], [ -1.26484, 43.04681 ], [ -1.26429, 43.04457 ], [ -1.26298, 43.04339 ], [ -1.26084, 43.04363 ], [ -1.25671, 43.04323 ], [ -1.2532, 43.04213 ], [ -1.24889, 43.04195 ], [ -1.24751, 43.04236 ], [ -1.24188, 43.04581 ], [ -1.23928, 43.0477 ], [ -1.23016, 43.05538 ], [ -1.22562, 43.05458 ], [ -1.21241, 43.05139 ], [ -1.2115, 43.04958 ], [ -1.20862, 43.04764 ], [ -1.20465, 43.04565 ], [ -1.18072, 43.03253 ], [ -1.17463, 43.03457 ], [ -1.17354, 43.03763 ], [ -1.17139, 43.03651 ], [ -1.1641, 43.03486 ], [ -1.1611, 43.03283 ], [ -1.16053, 43.03154 ], [ -1.15698, 43.03062 ], [ -1.15524, 43.02909 ], [ -1.15288, 43.02893 ], [ -1.15181, 43.02717 ], [ -1.15064, 43.02721 ], [ -1.14546, 43.02471 ], [ -1.1444, 43.02353 ], [ -1.14486, 43.02071 ], [ -1.14435, 43.01727 ], [ -1.14457, 43.01317 ], [ -1.14257, 43.01021 ], [ -1.14221, 43.00798 ], [ -1.14095, 43.00763 ], [ -1.13973, 43.00984 ], [ -1.13605, 43.00935 ], [ -1.13415, 43.00856 ], [ -1.13345, 43.01037 ], [ -1.12894, 43.01392 ], [ -1.12636, 43.01517 ], [ -1.12466, 43.01483 ], [ -1.12278, 43.0157 ], [ -1.12047, 43.01892 ], [ -1.11637, 43.02165 ], [ -1.11471, 43.02386 ], [ -1.11251, 43.02172 ], [ -1.10737, 43.01802 ], [ -1.10296, 43.01539 ], [ -1.09745, 43.01315 ], [ -1.09187, 43.01128 ], [ -1.08929, 43.01094 ], [ -1.08509, 43.01131 ], [ -1.08357, 43.01088 ], [ -1.08563, 43.00663 ], [ -1.0845, 43.00535 ], [ -1.08523, 43.00341 ], [ -1.08306, 43.00168 ], [ -1.07972, 43.00119 ], [ -1.07825, 43.00012 ], [ -1.0752, 42.99953 ], [ -1.07418, 42.99861 ], [ -1.07076, 42.99768 ], [ -1.06392, 42.99735 ], [ -1.06254, 42.99663 ], [ -1.059, 42.99597 ], [ -1.05548, 42.99675 ], [ -1.05069, 42.99672 ], [ -1.04826, 42.99597 ], [ -1.04376, 42.99553 ], [ -1.04131, 42.99574 ], [ -1.03742, 42.99522 ], [ -1.03603, 42.99451 ], [ -1.0334, 42.99476 ], [ -1.02955, 42.99276 ], [ -1.02588, 42.99196 ], [ -1.02224, 42.99266 ], [ -1.01659, 42.99468 ], [ -1.01613, 42.99303 ], [ -1.0146, 42.99308 ], [ -1.01047, 42.99189 ], [ -1.00644, 42.98899 ], [ -1.00523, 42.98556 ], [ -1.00217, 42.98259 ], [ -1.00051, 42.97795 ], [ -0.9975, 42.97569 ], [ -0.9944, 42.97412 ], [ -0.99269, 42.97413 ], [ -0.98997, 42.97278 ], [ -0.98688, 42.97228 ], [ -0.98133, 42.97073 ], [ -0.9794, 42.96885 ], [ -0.97783, 42.96827 ], [ -0.97626, 42.96629 ], [ -0.97519, 42.96379 ], [ -0.97227, 42.96203 ], [ -0.96728, 42.96061 ], [ -0.96115, 42.96078 ], [ -0.9568, 42.95943 ], [ -0.95154, 42.95738 ], [ -0.94757, 42.95533 ], [ -0.94582, 42.95357 ], [ -0.94383, 42.95319 ], [ -0.94012, 42.95374 ], [ -0.93472, 42.95264 ], [ -0.92896, 42.95376 ], [ -0.92559, 42.9539 ], [ -0.92118, 42.95525 ], [ -0.9199, 42.95619 ], [ -0.92001, 42.9582 ], [ -0.91418, 42.96378 ], [ -0.9098, 42.9636 ], [ -0.90757, 42.96428 ], [ -0.90224, 42.963 ], [ -0.89877, 42.96125 ], [ -0.89751, 42.95967 ], [ -0.8975, 42.95584 ], [ -0.89384, 42.95522 ], [ -0.88994, 42.95565 ], [ -0.88394, 42.95592 ], [ -0.87822, 42.95446 ], [ -0.87536, 42.95489 ], [ -0.87378, 42.95404 ], [ -0.86503, 42.95078 ], [ -0.86098, 42.95067 ], [ -0.85161, 42.95198 ], [ -0.84599, 42.95137 ], [ -0.84518, 42.95234 ], [ -0.83999, 42.95262 ], [ -0.83745, 42.95426 ], [ -0.83177, 42.95254 ], [ -0.8276, 42.95256 ], [ -0.82231, 42.9511 ], [ -0.81477, 42.95104 ], [ -0.81002, 42.95143 ], [ -0.80721, 42.95413 ], [ -0.80569, 42.95462 ], [ -0.80325, 42.95695 ], [ -0.80005, 42.95896 ], [ -0.79645, 42.9606 ], [ -0.7942, 42.96107 ], [ -0.79018, 42.96384 ], [ -0.78384, 42.96456 ], [ -0.77989, 42.9644 ], [ -0.77156, 42.96558 ], [ -0.77112, 42.96636 ], [ -0.76799, 42.96878 ], [ -0.76546, 42.96863 ], [ -0.76254, 42.96772 ], [ -0.75969, 42.9673 ], [ -0.75638, 42.96843 ], [ -0.75296, 42.96771 ], [ -0.75164, 42.96694 ], [ -0.74948, 42.96308 ], [ -0.74841, 42.96251 ], [ -0.74742, 42.96007 ], [ -0.74524, 42.95707 ], [ -0.74438, 42.95687 ], [ -0.74356, 42.9518 ], [ -0.74047, 42.94886 ], [ -0.73925, 42.94764 ], [ -0.73057, 42.94549 ], [ -0.73376, 42.94104 ], [ -0.73425, 42.93985 ], [ -0.73089, 42.93869 ], [ -0.73239, 42.93684 ], [ -0.73395, 42.93383 ], [ -0.73247, 42.9313 ], [ -0.73251, 42.92841 ], [ -0.73019, 42.92623 ], [ -0.72871, 42.926 ], [ -0.72636, 42.92449 ], [ -0.72405, 42.92234 ], [ -0.72512, 42.92146 ], [ -0.72443, 42.91882 ], [ -0.72773, 42.91747 ], [ -0.72997, 42.91719 ], [ -0.73253, 42.91563 ], [ -0.73333, 42.91448 ], [ -0.73644, 42.913 ], [ -0.73499, 42.91218 ], [ -0.7335, 42.90934 ], [ -0.73461, 42.90696 ], [ -0.73355, 42.90538 ], [ -0.73169, 42.90389 ], [ -0.73254, 42.90225 ], [ -0.73231, 42.90045 ], [ -0.73046, 42.90001 ], [ -0.73311, 42.898 ], [ -0.73185, 42.89605 ], [ -0.73015, 42.89655 ], [ -0.72776, 42.89626 ], [ -0.7273, 42.89325 ], [ -0.72559, 42.89204 ], [ -0.72363, 42.88967 ], [ -0.71861, 42.88737 ], [ -0.71814, 42.88638 ], [ -0.7152, 42.88656 ], [ -0.71192, 42.88579 ], [ -0.70964, 42.88432 ], [ -0.7053, 42.88453 ], [ -0.70257, 42.88266 ], [ -0.70025, 42.88157 ], [ -0.69888, 42.87876 ], [ -0.69497, 42.87905 ], [ -0.69256, 42.88078 ], [ -0.6892, 42.88096 ], [ -0.68665, 42.88278 ], [ -0.68302, 42.88337 ], [ -0.68181, 42.88269 ], [ -0.67986, 42.88301 ], [ -0.67841, 42.8844 ], [ -0.6763, 42.8826 ], [ -0.67562, 42.88006 ], [ -0.67309, 42.87959 ], [ -0.66963, 42.87671 ], [ -0.6671, 42.87623 ], [ -0.6662, 42.8755 ], [ -0.66574, 42.87344 ], [ -0.66267, 42.87073 ], [ -0.66176, 42.86855 ], [ -0.66214, 42.8661 ], [ -0.66146, 42.86378 ], [ -0.65506, 42.8581 ], [ -0.64886, 42.8552 ], [ -0.64454, 42.8545 ], [ -0.64228, 42.85336 ], [ -0.64083, 42.85367 ], [ -0.63853, 42.85309 ], [ -0.63616, 42.85324 ], [ -0.63294, 42.85135 ], [ -0.63021, 42.84696 ], [ -0.62731, 42.84515 ], [ -0.6261, 42.8431 ], [ -0.62422, 42.84211 ], [ -0.62374, 42.84109 ], [ -0.61956, 42.83801 ], [ -0.61509, 42.83565 ], [ -0.60925, 42.83496 ], [ -0.60698, 42.83352 ], [ -0.60363, 42.83262 ], [ -0.60097, 42.8294 ], [ -0.60422, 42.8281 ], [ -0.60416, 42.82581 ], [ -0.60277, 42.8249 ], [ -0.60266, 42.82274 ], [ -0.60169, 42.8216 ], [ -0.60205, 42.82023 ], [ -0.5987, 42.81658 ], [ -0.59838, 42.81398 ], [ -0.59963, 42.81309 ], [ -0.59975, 42.80925 ], [ -0.60076, 42.80631 ], [ -0.59854, 42.80478 ], [ -0.59654, 42.80502 ], [ -0.59055, 42.80266 ], [ -0.58712, 42.80492 ], [ -0.58422, 42.80445 ], [ -0.5787, 42.80653 ], [ -0.57682, 42.80815 ], [ -0.57039, 42.80683 ], [ -0.56886, 42.80682 ], [ -0.56602, 42.80379 ], [ -0.56486, 42.80117 ], [ -0.56472, 42.79802 ], [ -0.56784, 42.79307 ], [ -0.57059, 42.79048 ], [ -0.56982, 42.78474 ], [ -0.5706, 42.78291 ], [ -0.56775, 42.78087 ], [ -0.56693, 42.78053 ], [ -0.56235, 42.78052 ], [ -0.56019, 42.78021 ], [ -0.55812, 42.77914 ], [ -0.55466, 42.77941 ], [ -0.55356, 42.77827 ], [ -0.5512, 42.77752 ], [ -0.54381, 42.79316 ], [ -0.54053, 42.7935 ], [ -0.53575, 42.79219 ], [ -0.53345, 42.79243 ], [ -0.52973, 42.79153 ], [ -0.52566, 42.79565 ], [ -0.52522, 42.79683 ], [ -0.52288, 42.79905 ], [ -0.52365, 42.80268 ], [ -0.52495, 42.80539 ], [ -0.52577, 42.80862 ], [ -0.52573, 42.81033 ], [ -0.52429, 42.81216 ], [ -0.52203, 42.81348 ], [ -0.5222, 42.81443 ], [ -0.51891, 42.81603 ], [ -0.51885, 42.81748 ], [ -0.51703, 42.81767 ], [ -0.51384, 42.81891 ], [ -0.51327, 42.82217 ], [ -0.51035, 42.82526 ], [ -0.50894, 42.82552 ], [ -0.50542, 42.82728 ], [ -0.5013, 42.82788 ], [ -0.49951, 42.82648 ], [ -0.49851, 42.8208 ], [ -0.49354, 42.8179 ], [ -0.49227, 42.81681 ], [ -0.48899, 42.81703 ], [ -0.48553, 42.81653 ], [ -0.48216, 42.81508 ], [ -0.47942, 42.81262 ], [ -0.47823, 42.8095 ], [ -0.47291, 42.80816 ], [ -0.46922, 42.8078 ], [ -0.46593, 42.80657 ], [ -0.46492, 42.80575 ], [ -0.46117, 42.80421 ], [ -0.45803, 42.80375 ], [ -0.45346, 42.80409 ], [ -0.45178, 42.80359 ], [ -0.4488, 42.80106 ], [ -0.4478, 42.79933 ], [ -0.44542, 42.79804 ], [ -0.44348, 42.79592 ], [ -0.44064, 42.79545 ], [ -0.43956, 42.79692 ], [ -0.4372, 42.79783 ], [ -0.4334, 42.79857 ], [ -0.42538, 42.80227 ], [ -0.41892, 42.80567 ], [ -0.4118, 42.80671 ], [ -0.40924, 42.80775 ], [ -0.40761, 42.80689 ], [ -0.40723, 42.80551 ], [ -0.40369, 42.80402 ], [ -0.40084, 42.80211 ], [ -0.3995, 42.80218 ], [ -0.39676, 42.80113 ], [ -0.39494, 42.79892 ], [ -0.38794, 42.80076 ], [ -0.38337, 42.801 ], [ -0.38348, 42.80496 ], [ -0.38297, 42.80718 ], [ -0.37881, 42.80998 ], [ -0.37527, 42.81165 ], [ -0.37164, 42.81227 ], [ -0.36969, 42.81376 ], [ -0.36798, 42.81384 ], [ -0.36473, 42.8164 ], [ -0.36387, 42.81783 ], [ -0.36433, 42.81993 ], [ -0.36353, 42.82087 ], [ -0.36039, 42.82205 ], [ -0.35911, 42.82497 ], [ -0.35545, 42.82789 ], [ -0.35625, 42.82944 ], [ -0.35505, 42.83104 ], [ -0.35296, 42.83231 ], [ -0.35132, 42.83398 ], [ -0.3486, 42.83476 ], [ -0.34754, 42.83591 ], [ -0.34714, 42.83773 ], [ -0.34401, 42.83775 ], [ -0.34329, 42.83651 ], [ -0.34175, 42.83627 ], [ -0.33725, 42.83714 ], [ -0.33535, 42.838 ], [ -0.33351, 42.83804 ], [ -0.33154, 42.83507 ], [ -0.32956, 42.83436 ], [ -0.32402, 42.83498 ], [ -0.32165, 42.83689 ], [ -0.32157, 42.83937 ], [ -0.31995, 42.84247 ], [ -0.31719, 42.84401 ], [ -0.31474, 42.84687 ], [ -0.31344, 42.84938 ], [ -0.31261, 42.85133 ], [ -0.31086, 42.85314 ], [ -0.30997, 42.85513 ], [ -0.31104, 42.85993 ], [ -0.31112, 42.86181 ], [ -0.31002, 42.86341 ], [ -0.30993, 42.8654 ], [ -0.30913, 42.86704 ], [ -0.30705, 42.86818 ], [ -0.30707, 42.86997 ], [ -0.30904, 42.87451 ], [ -0.31301, 42.87852 ], [ -0.31313, 42.87996 ], [ -0.31587, 42.88223 ], [ -0.31507, 42.88347 ], [ -0.31717, 42.88676 ], [ -0.31544, 42.889 ], [ -0.31592, 42.89061 ], [ -0.31534, 42.89264 ], [ -0.3162, 42.89393 ], [ -0.31625, 42.89659 ], [ -0.32064, 42.89883 ], [ -0.32032, 42.90004 ], [ -0.32253, 42.90149 ], [ -0.32276, 42.90251 ], [ -0.32529, 42.90439 ], [ -0.32406, 42.90698 ], [ -0.3252, 42.91192 ], [ -0.32673, 42.91479 ], [ -0.32688, 42.91687 ], [ -0.32303, 42.9171 ], [ -0.32075, 42.91805 ], [ -0.31508, 42.91756 ], [ -0.31075, 42.919 ], [ -0.31093, 42.92045 ], [ -0.30904, 42.92373 ], [ -0.308, 42.92646 ], [ -0.30525, 42.92652 ], [ -0.30344, 42.92729 ], [ -0.29778, 42.93097 ], [ -0.29284, 42.92996 ], [ -0.29003, 42.92909 ], [ -0.28656, 42.92939 ], [ -0.28459, 42.93043 ], [ -0.28159, 42.93356 ], [ -0.2803, 42.93773 ], [ -0.27914, 42.93921 ], [ -0.27927, 42.94235 ], [ -0.28072, 42.94322 ], [ -0.28205, 42.94823 ], [ -0.28191, 42.95094 ], [ -0.28374, 42.95621 ], [ -0.28603, 42.95678 ], [ -0.28767, 42.95787 ], [ -0.28873, 42.95964 ], [ -0.29073, 42.9605 ], [ -0.2902, 42.96226 ], [ -0.28869, 42.96275 ], [ -0.28841, 42.96605 ], [ -0.28727, 42.96703 ], [ -0.28762, 42.9693 ], [ -0.28931, 42.9726 ], [ -0.28954, 42.97422 ], [ -0.29124, 42.97652 ], [ -0.28984, 42.97921 ], [ -0.29086, 42.98305 ], [ -0.29048, 42.98424 ], [ -0.29157, 42.98534 ], [ -0.29241, 42.98748 ], [ -0.29131, 42.9894 ], [ -0.29324, 42.99273 ], [ -0.28949, 42.99672 ], [ -0.28767, 43.00556 ], [ -0.2848, 43.00603 ], [ -0.28239, 43.00572 ], [ -0.28057, 43.00621 ], [ -0.27596, 43.00588 ], [ -0.27078, 43.00811 ], [ -0.26662, 43.00856 ], [ -0.26472, 43.01001 ], [ -0.25967, 43.01368 ], [ -0.25898, 43.01495 ], [ -0.25912, 43.0195 ], [ -0.25774, 43.02029 ], [ -0.25607, 43.02273 ], [ -0.25643, 43.02425 ], [ -0.25536, 43.02625 ], [ -0.25653, 43.0278 ], [ -0.25617, 43.0293 ], [ -0.25743, 43.03008 ], [ -0.25855, 43.03203 ], [ -0.2611, 43.03278 ], [ -0.26007, 43.03466 ], [ -0.26062, 43.03595 ], [ -0.25926, 43.03679 ], [ -0.26051, 43.03827 ], [ -0.25818, 43.03816 ], [ -0.25266, 43.03938 ], [ -0.23942, 43.03968 ], [ -0.23572, 43.03918 ], [ -0.23011, 43.03736 ], [ -0.22395, 43.03369 ], [ -0.22086, 43.03488 ], [ -0.21424, 43.03638 ], [ -0.21219, 43.03894 ], [ -0.21109, 43.03897 ], [ -0.21075, 43.04101 ], [ -0.20949, 43.04167 ], [ -0.20586, 43.0416 ], [ -0.20228, 43.04255 ], [ -0.20011, 43.0427 ], [ -0.19699, 43.04569 ], [ -0.19619, 43.04751 ], [ -0.18965, 43.05202 ], [ -0.18156, 43.05254 ], [ -0.18556, 43.05661 ], [ -0.19096, 43.05649 ], [ -0.19232, 43.05687 ], [ -0.194, 43.05895 ], [ -0.1962, 43.05969 ], [ -0.19915, 43.06441 ], [ -0.19922, 43.06779 ], [ -0.19614, 43.07444 ], [ -0.19387, 43.07494 ], [ -0.19264, 43.076 ], [ -0.1891, 43.08239 ], [ -0.18644, 43.08427 ], [ -0.18807, 43.08776 ], [ -0.18672, 43.09187 ], [ -0.19508, 43.09481 ], [ -0.19649, 43.09608 ], [ -0.19768, 43.09817 ], [ -0.19795, 43.10187 ], [ -0.19511, 43.1044 ], [ -0.19193, 43.1047 ], [ -0.19098, 43.1112 ], [ -0.19153, 43.11254 ], [ -0.19384, 43.11502 ], [ -0.19257, 43.11551 ], [ -0.1847, 43.11401 ], [ -0.18341, 43.1122 ], [ -0.17751, 43.11105 ], [ -0.17501, 43.11012 ], [ -0.17394, 43.11235 ], [ -0.17196, 43.11356 ], [ -0.1691, 43.11425 ], [ -0.17094, 43.117 ], [ -0.17038, 43.1186 ], [ -0.16635, 43.12188 ], [ -0.16428, 43.12256 ], [ -0.1574, 43.12253 ], [ -0.15577, 43.12325 ], [ -0.15511, 43.12515 ], [ -0.15361, 43.12599 ], [ -0.15008, 43.12702 ], [ -0.148, 43.12887 ], [ -0.14631, 43.12819 ], [ -0.14486, 43.12993 ], [ -0.14104, 43.13587 ], [ -0.14184, 43.13886 ], [ -0.14282, 43.14015 ], [ -0.14288, 43.1432 ], [ -0.14155, 43.14373 ], [ -0.13828, 43.14371 ], [ -0.13931, 43.14616 ], [ -0.1386, 43.14911 ], [ -0.13481, 43.15172 ], [ -0.13206, 43.15362 ], [ -0.12929, 43.15724 ], [ -0.12625, 43.15766 ], [ -0.12685, 43.16022 ], [ -0.12688, 43.1654 ], [ -0.12526, 43.16643 ], [ -0.12531, 43.16741 ], [ -0.12416, 43.16834 ], [ -0.12244, 43.17112 ], [ -0.12206, 43.17276 ], [ -0.12041, 43.17578 ], [ -0.1186, 43.17674 ], [ -0.1177, 43.18033 ], [ -0.11278, 43.18015 ], [ -0.11133, 43.17934 ], [ -0.10989, 43.1772 ], [ -0.10919, 43.17502 ], [ -0.1064, 43.17174 ], [ -0.10666, 43.16737 ], [ -0.10595, 43.16653 ], [ -0.1022, 43.16683 ], [ -0.09753, 43.16662 ], [ -0.09753, 43.1682 ], [ -0.09549, 43.17719 ], [ -0.09125, 43.17733 ], [ -0.08844, 43.17623 ], [ -0.08644, 43.17676 ], [ -0.08181, 43.17646 ], [ -0.0804, 43.17681 ], [ -0.0748, 43.17675 ], [ -0.06787, 43.17712 ], [ -0.06783, 43.17951 ], [ -0.06846, 43.18277 ], [ -0.07083, 43.18831 ], [ -0.07077, 43.1898 ], [ -0.0716, 43.19222 ], [ -0.0707, 43.19435 ], [ -0.06949, 43.19487 ], [ -0.06867, 43.19713 ], [ -0.06972, 43.1987 ], [ -0.06976, 43.20143 ], [ -0.07031, 43.20449 ], [ -0.0712, 43.20686 ], [ -0.07287, 43.20821 ], [ -0.07233, 43.21025 ], [ -0.07251, 43.21493 ], [ -0.07176, 43.21602 ], [ -0.0716, 43.21982 ], [ -0.07228, 43.22151 ], [ -0.07397, 43.22238 ], [ -0.07253, 43.22439 ], [ -0.07086, 43.22429 ], [ -0.0623, 43.22248 ], [ -0.06176, 43.22151 ], [ -0.05438, 43.21869 ], [ -0.04946, 43.21718 ], [ -0.04675, 43.22373 ], [ -0.04645, 43.22512 ], [ -0.04468, 43.22737 ], [ -0.04463, 43.22903 ], [ -0.04585, 43.23018 ], [ -0.04582, 43.23261 ], [ -0.04431, 43.23503 ], [ -0.04114, 43.23758 ], [ -0.04114, 43.23888 ], [ -0.03893, 43.24037 ], [ -0.03688, 43.24342 ], [ -0.03505, 43.24387 ], [ -0.03542, 43.24526 ], [ -0.03418, 43.24664 ], [ -0.03156, 43.24759 ], [ -0.02873, 43.25044 ], [ -0.02603, 43.25221 ], [ -0.02356, 43.25541 ], [ -0.02514, 43.25786 ], [ -0.02563, 43.26099 ], [ -0.02442, 43.2631 ], [ -0.01864, 43.26821 ], [ -0.01701, 43.27045 ], [ -0.0177, 43.27458 ], [ -0.02137, 43.27491 ], [ -0.02321, 43.27456 ], [ -0.02708, 43.27591 ], [ -0.02397, 43.28021 ], [ -0.03476, 43.28165 ], [ -0.04025, 43.28324 ], [ -0.04439, 43.28528 ], [ -0.04327, 43.2866 ], [ -0.04401, 43.28973 ], [ -0.04411, 43.29208 ], [ -0.0455, 43.29583 ], [ -0.04546, 43.29804 ], [ -0.04612, 43.30086 ], [ -0.04475, 43.30197 ], [ -0.04392, 43.30446 ], [ -0.04077, 43.30426 ], [ -0.03775, 43.30585 ], [ -0.03626, 43.30869 ], [ -0.03426, 43.30958 ], [ -0.03266, 43.3111 ], [ -0.0292, 43.31585 ], [ -0.02882, 43.32023 ], [ -0.02771, 43.32358 ], [ -0.02537, 43.32962 ], [ -0.0215, 43.32872 ], [ -0.0181, 43.33153 ], [ -0.01398, 43.33156 ], [ -0.00325, 43.33211 ], [ 0.00135, 43.33077 ], [ 0.007, 43.32683 ], [ 0.00686, 43.32574 ], [ 0.01032, 43.32532 ], [ 0.01277, 43.32753 ], [ 0.01724, 43.33334 ], [ 0.02093, 43.3367 ], [ 0.02418, 43.33862 ], [ 0.02554, 43.34023 ], [ 0.0282, 43.34352 ], [ 0.0295, 43.34615 ], [ 0.02602, 43.34865 ], [ 0.02123, 43.34968 ], [ 0.01772, 43.35263 ], [ 0.01476, 43.35576 ], [ 0.0142, 43.35745 ], [ 0.01215, 43.36008 ], [ 0.00838, 43.3613 ], [ 0.00535, 43.36303 ], [ 0.0084, 43.36702 ], [ 0.00724, 43.36978 ], [ 0.00476, 43.37181 ], [ 0.00455, 43.37072 ], [ 0.00154, 43.36894 ], [ -0.0039, 43.37248 ], [ -0.00578, 43.37302 ], [ -0.00497, 43.37449 ], [ -0.00483, 43.37706 ], [ -0.00408, 43.37878 ], [ -0.00152, 43.38068 ], [ 0.00102, 43.3837 ], [ 0.0007, 43.38564 ], [ -0.0019, 43.38729 ], [ 0.00155, 43.39101 ], [ 0.00495, 43.39378 ], [ 0.00123, 43.39577 ], [ -0.00429, 43.39337 ], [ -0.00358, 43.39505 ], [ -0.00039, 43.39624 ], [ -0.00381, 43.39805 ], [ -0.00187, 43.39922 ], [ -0.0023, 43.40079 ], [ -0.00128, 43.40162 ], [ -0.00119, 43.40571 ], [ 0.00221, 43.40868 ], [ 0.00414, 43.41169 ], [ 0.00666, 43.41345 ], [ 0.00657, 43.41709 ], [ 0.00772, 43.41982 ], [ 0.00966, 43.4222 ], [ 0.00767, 43.42374 ], [ -0.0035, 43.43068 ], [ -0.00479, 43.43162 ], [ -0.00421, 43.43389 ], [ -0.00288, 43.43486 ], [ -0.00178, 43.43826 ], [ -0.00084, 43.43972 ], [ -0.00075, 43.44194 ], [ -0.00248, 43.44508 ], [ -0.0053, 43.44458 ], [ -0.00632, 43.44384 ], [ -0.00996, 43.44376 ], [ -0.01285, 43.44311 ], [ -0.01653, 43.44395 ], [ -0.01727, 43.44109 ], [ -0.0207, 43.43697 ], [ -0.02204, 43.43649 ], [ -0.02223, 43.43334 ], [ -0.02481, 43.43003 ], [ -0.02751, 43.43102 ], [ -0.02881, 43.43257 ], [ -0.03218, 43.43371 ], [ -0.0337, 43.43269 ], [ -0.03465, 43.43038 ], [ -0.03459, 43.42906 ], [ -0.03307, 43.42815 ], [ -0.03593, 43.42369 ], [ -0.03586, 43.42202 ], [ -0.0388, 43.41979 ], [ -0.03814, 43.41886 ], [ -0.03933, 43.41758 ], [ -0.03849, 43.41652 ], [ -0.03936, 43.41527 ], [ -0.04165, 43.41533 ], [ -0.04288, 43.41368 ], [ -0.04298, 43.4102 ], [ -0.04649, 43.40977 ], [ -0.05288, 43.41202 ], [ -0.05708, 43.41189 ], [ -0.06056, 43.41091 ], [ -0.0647, 43.40934 ], [ -0.06727, 43.41042 ], [ -0.06461, 43.41321 ], [ -0.06231, 43.4178 ], [ -0.06017, 43.41831 ], [ -0.05229, 43.41901 ], [ -0.05078, 43.41959 ], [ -0.05358, 43.42304 ], [ -0.05658, 43.42419 ], [ -0.0567, 43.4254 ], [ -0.05815, 43.42794 ], [ -0.06327, 43.43053 ], [ -0.066, 43.43102 ], [ -0.0696, 43.43297 ], [ -0.07074, 43.43528 ], [ -0.07005, 43.43651 ], [ -0.06795, 43.43814 ], [ -0.06618, 43.44042 ], [ -0.06682, 43.44383 ], [ -0.06604, 43.44587 ], [ -0.06408, 43.44781 ], [ -0.06167, 43.45245 ], [ -0.06148, 43.45408 ], [ -0.06249, 43.45576 ], [ -0.0646, 43.45762 ], [ -0.06469, 43.45864 ], [ -0.06638, 43.46068 ], [ -0.06575, 43.46348 ], [ -0.06303, 43.46346 ], [ -0.06131, 43.46214 ], [ -0.05839, 43.46467 ], [ -0.05443, 43.46463 ], [ -0.05192, 43.46522 ], [ -0.04532, 43.4655 ], [ -0.04243, 43.46443 ], [ -0.03854, 43.46478 ], [ -0.03551, 43.46584 ], [ -0.03211, 43.46604 ], [ -0.0304, 43.46674 ], [ -0.02633, 43.46684 ], [ -0.02603, 43.46599 ], [ -0.02112, 43.46488 ], [ -0.01909, 43.46505 ], [ -0.01933, 43.46653 ], [ -0.01891, 43.47005 ], [ -0.01782, 43.47215 ], [ -0.02634, 43.47341 ], [ -0.02639, 43.47485 ], [ -0.029, 43.4733 ], [ -0.03472, 43.47494 ], [ -0.03352, 43.47993 ], [ -0.03489, 43.48499 ], [ -0.03491, 43.48854 ], [ -0.04002, 43.48969 ], [ -0.04399, 43.48961 ], [ -0.04557, 43.49056 ], [ -0.04957, 43.49192 ], [ -0.04895, 43.49464 ], [ -0.04675, 43.49829 ], [ -0.0455, 43.50142 ], [ -0.04409, 43.50658 ], [ -0.04013, 43.51261 ], [ -0.04122, 43.51327 ], [ -0.0421, 43.51518 ], [ -0.04385, 43.51577 ], [ -0.04457, 43.51864 ], [ -0.04347, 43.52033 ], [ -0.0437, 43.52299 ], [ -0.04465, 43.5253 ], [ -0.04796, 43.5259 ], [ -0.04923, 43.52975 ], [ -0.05232, 43.52973 ], [ -0.0543, 43.53297 ], [ -0.05618, 43.53303 ], [ -0.05853, 43.53649 ], [ -0.06044, 43.54054 ], [ -0.06068, 43.54212 ], [ -0.06572, 43.54134 ], [ -0.06393, 43.54295 ], [ -0.06437, 43.54627 ], [ -0.06599, 43.54813 ], [ -0.06844, 43.54708 ], [ -0.08062, 43.54688 ], [ -0.08182, 43.54464 ], [ -0.085, 43.54363 ], [ -0.08712, 43.54238 ], [ -0.09195, 43.54253 ], [ -0.09411, 43.54393 ], [ -0.09497, 43.54814 ], [ -0.09389, 43.55082 ], [ -0.0927, 43.55166 ], [ -0.09029, 43.55562 ], [ -0.08894, 43.5572 ], [ -0.08977, 43.55998 ], [ -0.09003, 43.56072 ], [ -0.09356, 43.56371 ], [ -0.09214, 43.56701 ], [ -0.09119, 43.56811 ], [ -0.09136, 43.57041 ], [ -0.09415, 43.57211 ], [ -0.09418, 43.57302 ], [ -0.09601, 43.57522 ], [ -0.09472, 43.57695 ], [ -0.09605, 43.57792 ], [ -0.09678, 43.58241 ], [ -0.09919, 43.58178 ], [ -0.10194, 43.58247 ], [ -0.10549, 43.58141 ], [ -0.10835, 43.58176 ], [ -0.11065, 43.58346 ], [ -0.1164, 43.58483 ], [ -0.12052, 43.58671 ], [ -0.12163, 43.58678 ], [ -0.12146, 43.58422 ], [ -0.12309, 43.58481 ], [ -0.12595, 43.58349 ], [ -0.12822, 43.58313 ], [ -0.12891, 43.58122 ], [ -0.13233, 43.58192 ], [ -0.13405, 43.58161 ], [ -0.13819, 43.57989 ], [ -0.13924, 43.58121 ], [ -0.13935, 43.5828 ], [ -0.14137, 43.5832 ], [ -0.1481, 43.58579 ], [ -0.15229, 43.58562 ], [ -0.15622, 43.58449 ], [ -0.15782, 43.58145 ], [ -0.16045, 43.58057 ], [ -0.16211, 43.58166 ], [ -0.16456, 43.58274 ], [ -0.16626, 43.58459 ], [ -0.16645, 43.5862 ], [ -0.16872, 43.58728 ], [ -0.1699, 43.58887 ], [ -0.17005, 43.59081 ], [ -0.17491, 43.59424 ], [ -0.17656, 43.59683 ], [ -0.17877, 43.59637 ], [ -0.18074, 43.59467 ], [ -0.18202, 43.59279 ], [ -0.18687, 43.59015 ], [ -0.18995, 43.58983 ], [ -0.19056, 43.58783 ], [ -0.19861, 43.58652 ], [ -0.20426, 43.58379 ], [ -0.20501, 43.58399 ], [ -0.2058, 43.5851 ], [ -0.20627, 43.58761 ], [ -0.20771, 43.58924 ], [ -0.20842, 43.59135 ], [ -0.21061, 43.59324 ], [ -0.21374, 43.59258 ], [ -0.21837, 43.59089 ], [ -0.22738, 43.58997 ], [ -0.22937, 43.59007 ], [ -0.23307, 43.58863 ], [ -0.23327, 43.58448 ], [ -0.23503, 43.58335 ], [ -0.23821, 43.58266 ], [ -0.24233, 43.58342 ], [ -0.24284, 43.58498 ], [ -0.24286, 43.58692 ], [ -0.24369, 43.58883 ], [ -0.2458, 43.58888 ], [ -0.24752, 43.59019 ], [ -0.24734, 43.59312 ], [ -0.24837, 43.59437 ], [ -0.24817, 43.59666 ], [ -0.25271, 43.59705 ], [ -0.25401, 43.59671 ], [ -0.25475, 43.59929 ], [ -0.25362, 43.59994 ], [ -0.25226, 43.60199 ], [ -0.24994, 43.60364 ], [ -0.24759, 43.60693 ], [ -0.24798, 43.60932 ], [ -0.24869, 43.61006 ], [ -0.24758, 43.61171 ], [ -0.2472, 43.61595 ], [ -0.25048, 43.61556 ], [ -0.25531, 43.61546 ], [ -0.25917, 43.61576 ], [ -0.26138, 43.61671 ], [ -0.26668, 43.61631 ], [ -0.26987, 43.61674 ], [ -0.27213, 43.61619 ], [ -0.27764, 43.61589 ], [ -0.2796, 43.61818 ], [ -0.28151, 43.62374 ], [ -0.28102, 43.62687 ], [ -0.27933, 43.62886 ], [ -0.28104, 43.63046 ], [ -0.28141, 43.63426 ], [ -0.28065, 43.63643 ], [ -0.28166, 43.63867 ], [ -0.28072, 43.63977 ], [ -0.2819, 43.6411 ], [ -0.28211, 43.64307 ], [ -0.2786, 43.64198 ], [ -0.27382, 43.63917 ], [ -0.26376, 43.63592 ], [ -0.26324, 43.63828 ], [ -0.26402, 43.64178 ], [ -0.26322, 43.64652 ], [ -0.2618, 43.64795 ], [ -0.26103, 43.64901 ], [ -0.26184, 43.65034 ], [ -0.26426, 43.65163 ], [ -0.26338, 43.65278 ], [ -0.26075, 43.65366 ], [ -0.25831, 43.6533 ], [ -0.25635, 43.65231 ], [ -0.25254, 43.65302 ], [ -0.25023, 43.65452 ], [ -0.24787, 43.65547 ], [ -0.24316, 43.65451 ], [ -0.24214, 43.65506 ], [ -0.243, 43.65783 ], [ -0.24423, 43.6574 ], [ -0.24552, 43.65868 ], [ -0.24346, 43.65953 ], [ -0.24428, 43.66151 ], [ -0.24328, 43.66396 ], [ -0.24446, 43.66554 ], [ -0.2421, 43.6684 ], [ -0.23981, 43.66998 ], [ -0.23973, 43.67124 ], [ -0.24576, 43.67119 ], [ -0.25274, 43.67225 ], [ -0.25802, 43.67375 ], [ -0.25599, 43.6755 ], [ -0.25573, 43.67947 ], [ -0.25685, 43.68098 ], [ -0.25682, 43.68319 ], [ -0.25201, 43.68379 ], [ -0.24824, 43.68568 ], [ -0.24819, 43.68869 ], [ -0.24685, 43.68931 ], [ -0.24461, 43.68775 ], [ -0.24277, 43.69116 ], [ -0.23942, 43.69282 ], [ -0.2391, 43.69395 ], [ -0.24027, 43.69496 ], [ -0.24124, 43.69719 ], [ -0.24504, 43.69926 ], [ -0.24351, 43.70142 ], [ -0.2454, 43.70326 ], [ -0.24504, 43.70502 ], [ -0.24838, 43.70611 ], [ -0.25063, 43.70779 ], [ -0.24665, 43.71067 ], [ -0.2446, 43.71052 ], [ -0.24325, 43.71222 ], [ -0.24036, 43.7117 ], [ -0.2381, 43.71235 ], [ -0.23451, 43.71409 ], [ -0.23319, 43.71389 ], [ -0.22945, 43.7147 ], [ -0.22722, 43.7166 ], [ -0.22437, 43.71824 ], [ -0.22224, 43.71887 ], [ -0.21712, 43.72137 ], [ -0.21411, 43.72369 ], [ -0.21085, 43.72426 ], [ -0.2096, 43.72546 ], [ -0.20227, 43.72972 ], [ -0.20278, 43.73128 ], [ -0.20241, 43.73291 ], [ -0.20091, 43.7343 ], [ -0.19799, 43.73567 ], [ -0.19414, 43.73702 ], [ -0.19447, 43.73894 ], [ -0.19595, 43.74022 ], [ -0.19546, 43.74185 ], [ -0.19556, 43.74576 ], [ -0.19732, 43.74766 ], [ -0.20041, 43.74868 ], [ -0.20353, 43.74892 ], [ -0.20549, 43.74995 ], [ -0.20873, 43.75015 ], [ -0.21299, 43.74963 ], [ -0.21414, 43.75005 ], [ -0.21675, 43.74965 ], [ -0.21886, 43.75033 ], [ -0.21927, 43.75248 ], [ -0.2181, 43.75417 ], [ -0.21621, 43.75525 ], [ -0.21393, 43.75566 ], [ -0.21216, 43.75625 ], [ -0.2075, 43.75608 ], [ -0.2067, 43.75921 ], [ -0.20707, 43.76046 ], [ -0.21053, 43.76164 ], [ -0.21143, 43.764 ], [ -0.2124, 43.7688 ], [ -0.2166, 43.77002 ], [ -0.2173, 43.77149 ], [ -0.21471, 43.77519 ], [ -0.21322, 43.7763 ], [ -0.21281, 43.77879 ], [ -0.21476, 43.7805 ], [ -0.21486, 43.78307 ], [ -0.21839, 43.78555 ], [ -0.22213, 43.78709 ], [ -0.22228, 43.78933 ], [ -0.22057, 43.79271 ], [ -0.21975, 43.79534 ], [ -0.2178, 43.79817 ], [ -0.22287, 43.80004 ], [ -0.22434, 43.80118 ], [ -0.22474, 43.80324 ], [ -0.22685, 43.80472 ], [ -0.22714, 43.80827 ], [ -0.22635, 43.80905 ], [ -0.21751, 43.80993 ], [ -0.216, 43.81254 ], [ -0.2138, 43.81181 ], [ -0.21263, 43.80928 ], [ -0.2082, 43.80915 ], [ -0.20246, 43.80864 ], [ -0.20082, 43.80671 ], [ -0.19449, 43.80846 ], [ -0.19458, 43.81018 ], [ -0.19177, 43.8101 ], [ -0.19285, 43.81216 ], [ -0.19365, 43.81623 ], [ -0.19202, 43.8177 ], [ -0.19488, 43.81891 ], [ -0.19639, 43.82076 ], [ -0.19705, 43.82305 ], [ -0.19701, 43.82673 ], [ -0.19812, 43.82937 ], [ -0.19726, 43.83079 ], [ -0.19095, 43.8303 ], [ -0.18948, 43.83065 ], [ -0.18813, 43.83256 ], [ -0.18858, 43.83341 ], [ -0.19102, 43.83484 ], [ -0.19074, 43.83562 ], [ -0.19342, 43.84001 ], [ -0.19446, 43.84102 ], [ -0.1944, 43.84282 ], [ -0.19597, 43.84595 ], [ -0.19778, 43.84613 ], [ -0.19965, 43.8478 ], [ -0.19993, 43.84982 ], [ -0.20178, 43.85211 ], [ -0.20391, 43.8527 ], [ -0.2073, 43.85469 ], [ -0.20891, 43.85767 ], [ -0.20422, 43.86039 ], [ -0.19856, 43.86242 ], [ -0.19705, 43.86455 ], [ -0.19572, 43.86531 ], [ -0.19601, 43.86653 ], [ -0.19847, 43.8676 ], [ -0.19799, 43.86966 ], [ -0.19641, 43.87162 ], [ -0.19508, 43.87055 ], [ -0.19216, 43.87049 ], [ -0.1908, 43.86771 ], [ -0.18941, 43.8627 ], [ -0.18726, 43.86185 ], [ -0.18556, 43.86301 ], [ -0.18666, 43.86407 ], [ -0.18676, 43.86623 ], [ -0.18572, 43.86689 ], [ -0.18629, 43.86885 ], [ -0.18852, 43.86992 ], [ -0.18845, 43.87255 ], [ -0.18932, 43.87396 ], [ -0.19151, 43.87548 ], [ -0.19197, 43.87669 ], [ -0.19049, 43.88075 ], [ -0.19519, 43.88115 ], [ -0.19554, 43.88274 ], [ -0.1973, 43.88286 ], [ -0.19796, 43.88396 ], [ -0.20128, 43.88421 ], [ -0.20123, 43.88547 ], [ -0.20333, 43.88576 ], [ -0.20641, 43.88493 ], [ -0.20917, 43.8854 ], [ -0.21128, 43.88527 ], [ -0.21131, 43.88724 ], [ -0.21412, 43.88777 ], [ -0.21562, 43.88927 ], [ -0.21717, 43.8905 ], [ -0.21891, 43.89055 ], [ -0.21886, 43.89195 ], [ -0.22231, 43.89417 ], [ -0.22246, 43.89266 ], [ -0.2239, 43.89215 ], [ -0.22556, 43.89021 ], [ -0.22668, 43.89015 ], [ -0.23394, 43.89107 ], [ -0.2353, 43.8922 ], [ -0.23848, 43.8938 ], [ -0.23856, 43.89479 ], [ -0.23465, 43.89553 ], [ -0.23669, 43.89705 ], [ -0.23906, 43.89723 ], [ -0.24026, 43.89795 ], [ -0.23561, 43.89919 ], [ -0.23337, 43.89914 ], [ -0.23337, 43.90265 ], [ -0.23115, 43.90288 ], [ -0.2311, 43.9076 ], [ -0.2298, 43.90773 ], [ -0.22858, 43.90964 ], [ -0.22834, 43.91145 ], [ -0.22539, 43.91214 ], [ -0.22458, 43.91384 ], [ -0.22148, 43.91255 ], [ -0.22129, 43.90964 ], [ -0.22026, 43.90726 ], [ -0.21774, 43.90679 ], [ -0.21627, 43.90736 ], [ -0.21442, 43.90933 ], [ -0.21306, 43.90959 ], [ -0.20967, 43.91173 ], [ -0.20557, 43.91201 ], [ -0.20212, 43.91447 ], [ -0.20058, 43.91464 ], [ -0.19796, 43.91907 ], [ -0.19781, 43.91996 ], [ -0.19505, 43.92228 ], [ -0.19205, 43.92347 ], [ -0.19147, 43.9248 ], [ -0.19203, 43.92618 ], [ -0.18979, 43.92766 ], [ -0.18313, 43.92917 ], [ -0.18107, 43.93042 ], [ -0.1804, 43.93409 ], [ -0.1809, 43.93477 ], [ -0.17911, 43.93792 ], [ -0.17597, 43.93647 ], [ -0.17225, 43.93299 ], [ -0.17209, 43.93167 ], [ -0.17061, 43.93052 ], [ -0.16788, 43.92964 ], [ -0.16562, 43.92761 ], [ -0.16397, 43.92729 ], [ -0.1598, 43.92771 ], [ -0.15946, 43.92856 ], [ -0.16066, 43.93119 ], [ -0.15392, 43.93233 ], [ -0.15416, 43.93355 ], [ -0.1531, 43.93667 ], [ -0.15347, 43.93981 ], [ -0.1464, 43.93946 ], [ -0.14252, 43.93819 ], [ -0.14028, 43.93813 ], [ -0.13582, 43.93607 ], [ -0.13513, 43.9363 ], [ -0.13468, 43.93774 ], [ -0.13092, 43.93964 ], [ -0.12661, 43.94085 ], [ -0.12736, 43.94232 ], [ -0.12468, 43.94435 ], [ -0.12335, 43.94277 ], [ -0.12031, 43.94152 ], [ -0.11927, 43.93999 ], [ -0.11624, 43.93785 ], [ -0.11547, 43.93637 ], [ -0.11318, 43.93556 ], [ -0.1098, 43.9329 ], [ -0.1077, 43.93261 ], [ -0.10859, 43.93129 ], [ -0.10818, 43.92914 ], [ -0.10434, 43.92814 ], [ -0.10256, 43.92728 ], [ -0.10091, 43.92834 ], [ -0.09524, 43.92946 ], [ -0.09551, 43.93008 ], [ -0.09379, 43.93209 ], [ -0.09389, 43.933 ], [ -0.09937, 43.93485 ], [ -0.09925, 43.93622 ], [ -0.09725, 43.94162 ], [ -0.09857, 43.94256 ], [ -0.09537, 43.94402 ], [ -0.09442, 43.94528 ], [ -0.09429, 43.9473 ], [ -0.09336, 43.9485 ], [ -0.08899, 43.94899 ], [ -0.08667, 43.94734 ], [ -0.08548, 43.9453 ], [ -0.08114, 43.94258 ], [ -0.07882, 43.94325 ], [ -0.07735, 43.94461 ], [ -0.0727, 43.9453 ], [ -0.07031, 43.94606 ], [ -0.06908, 43.95104 ], [ -0.06326, 43.9554 ], [ -0.06222, 43.9584 ], [ -0.05851, 43.96125 ], [ -0.05155, 43.96156 ], [ -0.04692, 43.96082 ], [ -0.04401, 43.96283 ], [ -0.0436, 43.96571 ], [ -0.04204, 43.96714 ], [ -0.04057, 43.96947 ], [ -0.03763, 43.97853 ], [ -0.03617, 43.98374 ], [ -0.01868, 43.97069 ], [ -0.01582, 43.9693 ], [ -0.00521, 43.96267 ], [ -0.00096, 43.96061 ], [ 0.00145, 43.95989 ], [ 0.00549, 43.95664 ], [ 0.00673, 43.95374 ], [ 0.00656, 43.9473 ], [ 0.00551, 43.9435 ], [ 0.00186, 43.94292 ], [ -0.00314, 43.94016 ], [ -0.00773, 43.93958 ], [ -0.00968, 43.93842 ], [ -0.01123, 43.93508 ], [ -0.01536, 43.93415 ], [ -0.01719, 43.93303 ], [ -0.02026, 43.93002 ], [ -0.02339, 43.93051 ], [ -0.0239, 43.92984 ], [ -0.01863, 43.92854 ], [ -0.01718, 43.92641 ], [ -0.01472, 43.92416 ], [ -0.01151, 43.92338 ], [ -0.00606, 43.92389 ], [ -0.00243, 43.9219 ], [ -0.00038, 43.91997 ], [ 0.002, 43.91875 ], [ 0.00401, 43.91676 ], [ 0.00689, 43.91619 ], [ 0.01052, 43.91424 ], [ 0.01473, 43.91311 ], [ 0.01766, 43.91169 ], [ 0.01722, 43.91032 ], [ 0.01927, 43.90982 ], [ 0.0204, 43.90882 ], [ 0.0225, 43.90868 ], [ 0.0245, 43.90715 ], [ 0.02486, 43.90599 ], [ 0.03079, 43.90056 ], [ 0.03318, 43.89998 ], [ 0.03449, 43.89996 ], [ 0.03749, 43.90304 ], [ 0.04063, 43.90378 ], [ 0.04333, 43.90338 ], [ 0.04792, 43.90072 ], [ 0.0524, 43.8992 ], [ 0.05569, 43.89764 ], [ 0.05902, 43.89681 ], [ 0.05955, 43.89943 ], [ 0.06183, 43.90164 ], [ 0.06506, 43.90342 ], [ 0.06755, 43.90342 ], [ 0.06926, 43.90436 ], [ 0.07016, 43.90833 ], [ 0.0698, 43.90985 ], [ 0.07221, 43.91013 ], [ 0.07286, 43.91288 ], [ 0.07248, 43.91436 ], [ 0.07508, 43.91468 ], [ 0.07657, 43.91521 ], [ 0.07665, 43.91647 ], [ 0.07448, 43.91769 ], [ 0.07255, 43.92089 ], [ 0.07246, 43.92674 ], [ 0.07277, 43.92819 ], [ 0.0716, 43.92943 ], [ 0.07058, 43.93517 ], [ 0.06847, 43.93792 ], [ 0.06855, 43.93891 ], [ 0.06442, 43.93987 ], [ 0.06236, 43.94127 ], [ 0.06335, 43.94357 ], [ 0.0627, 43.94555 ], [ 0.06039, 43.94744 ], [ 0.06064, 43.94893 ], [ 0.05853, 43.95006 ], [ 0.05683, 43.94926 ], [ 0.05567, 43.95333 ], [ 0.05644, 43.95466 ], [ 0.05497, 43.95696 ], [ 0.05472, 43.96006 ], [ 0.05555, 43.96144 ], [ 0.05773, 43.96184 ], [ 0.05941, 43.96137 ], [ 0.06114, 43.96257 ], [ 0.06102, 43.96523 ], [ 0.06238, 43.96549 ], [ 0.06633, 43.96472 ], [ 0.06762, 43.96708 ], [ 0.06595, 43.96971 ], [ 0.06656, 43.97192 ], [ 0.06607, 43.97318 ], [ 0.06754, 43.97423 ], [ 0.06949, 43.97648 ], [ 0.0726, 43.97862 ], [ 0.07493, 43.97961 ], [ 0.0725, 43.98095 ], [ 0.07381, 43.98242 ], [ 0.07605, 43.98314 ], [ 0.07628, 43.98202 ], [ 0.07812, 43.98112 ], [ 0.07974, 43.98118 ], [ 0.08371, 43.98302 ], [ 0.08546, 43.98458 ], [ 0.08709, 43.98448 ], [ 0.08873, 43.9856 ], [ 0.09166, 43.98534 ], [ 0.09457, 43.98598 ], [ 0.0979, 43.9856 ], [ 0.10217, 43.98451 ], [ 0.10511, 43.98457 ], [ 0.1062, 43.98549 ], [ 0.10837, 43.98576 ], [ 0.11432, 43.98813 ], [ 0.11682, 43.98804 ], [ 0.11875, 43.99009 ], [ 0.11758, 43.99134 ], [ 0.11877, 43.99272 ], [ 0.12004, 43.9954 ], [ 0.12535, 43.99681 ], [ 0.12642, 43.9965 ], [ 0.12808, 43.99893 ], [ 0.1264, 44.00034 ], [ 0.12685, 44.00192 ], [ 0.12844, 44.00109 ], [ 0.13181, 44.00079 ], [ 0.13861, 43.99755 ], [ 0.14006, 43.9952 ], [ 0.14166, 43.99424 ], [ 0.14122, 43.98959 ], [ 0.13794, 43.97688 ], [ 0.13864, 43.97477 ], [ 0.14312, 43.97531 ], [ 0.14521, 43.97436 ], [ 0.15046, 43.97365 ], [ 0.15348, 43.9729 ], [ 0.15754, 43.97284 ], [ 0.16103, 43.97435 ], [ 0.16098, 43.9757 ], [ 0.16348, 43.97593 ], [ 0.16591, 43.98088 ], [ 0.1664, 43.98423 ], [ 0.16558, 43.99326 ], [ 0.16471, 43.99499 ], [ 0.16676, 43.99683 ], [ 0.17375, 43.99935 ], [ 0.17515, 44.00114 ], [ 0.17662, 44.00175 ], [ 0.18035, 44.00055 ], [ 0.18226, 44.0046 ], [ 0.1835, 44.00836 ], [ 0.18546, 44.00956 ], [ 0.18775, 44.01285 ], [ 0.18981, 44.01501 ], [ 0.19347, 44.01369 ], [ 0.1946, 44.01353 ], [ 0.19788, 44.01606 ], [ 0.20281, 44.01265 ], [ 0.20373, 44.01298 ], [ 0.20489, 44.01539 ], [ 0.2038, 44.01594 ], [ 0.2041, 44.01829 ], [ 0.20587, 44.02102 ], [ 0.21135, 44.0196 ], [ 0.21281, 44.02071 ], [ 0.21404, 44.02299 ], [ 0.21654, 44.02253 ], [ 0.21872, 44.02113 ], [ 0.22126, 44.01974 ], [ 0.22471, 44.01917 ], [ 0.22877, 44.02087 ], [ 0.23046, 44.02247 ], [ 0.23278, 44.02238 ], [ 0.23506, 44.01784 ], [ 0.23437, 44.01624 ], [ 0.23145, 44.01363 ], [ 0.23168, 44.01251 ], [ 0.22968, 44.01112 ], [ 0.23027, 44.01028 ], [ 0.23338, 44.00889 ], [ 0.23619, 44.00863 ], [ 0.23908, 44.00786 ], [ 0.23962, 44.00711 ], [ 0.2427, 44.00613 ], [ 0.24499, 44.00641 ], [ 0.24749, 44.00473 ], [ 0.25242, 44.00329 ], [ 0.25462, 44.00442 ], [ 0.25492, 44.00631 ], [ 0.25606, 44.008 ], [ 0.25724, 44.00784 ], [ 0.25881, 44.00611 ], [ 0.26311, 44.00426 ], [ 0.26808, 44.00286 ], [ 0.27004, 44.00357 ], [ 0.27088, 44.00133 ], [ 0.27355, 43.99805 ], [ 0.27502, 43.99862 ], [ 0.28053, 43.99853 ], [ 0.2855, 43.99678 ], [ 0.28616, 43.99607 ], [ 0.29158, 43.99437 ], [ 0.29596, 43.99373 ], [ 0.3005, 43.99246 ], [ 0.30285, 43.99098 ], [ 0.30409, 43.99306 ], [ 0.30549, 43.99398 ], [ 0.30906, 43.99549 ], [ 0.31224, 43.9937 ], [ 0.31353, 43.99422 ], [ 0.31342, 43.99575 ], [ 0.3177, 43.99461 ], [ 0.3195, 43.9986 ], [ 0.31815, 44.00115 ], [ 0.31584, 44.00313 ], [ 0.31613, 44.00408 ], [ 0.31421, 44.00531 ], [ 0.31463, 44.00783 ], [ 0.31372, 44.00867 ], [ 0.31548, 44.00996 ], [ 0.31653, 44.01012 ], [ 0.32079, 44.00821 ], [ 0.32706, 44.00734 ], [ 0.33579, 44.01077 ], [ 0.34433, 44.01282 ], [ 0.34571, 44.01275 ], [ 0.35092, 44.01356 ], [ 0.35432, 44.01263 ], [ 0.35335, 44.01536 ], [ 0.35647, 44.01578 ], [ 0.3581, 44.01701 ], [ 0.35989, 44.01583 ], [ 0.36244, 44.01588 ], [ 0.36491, 44.01515 ], [ 0.36608, 44.01369 ], [ 0.36794, 44.01003 ], [ 0.37137, 44.00816 ], [ 0.38152, 44.00638 ], [ 0.38439, 44.0086 ], [ 0.39117, 44.01686 ], [ 0.39108, 44.01982 ], [ 0.39335, 44.0192 ], [ 0.39446, 44.01998 ], [ 0.39725, 44.0199 ], [ 0.39687, 44.02231 ], [ 0.40231, 44.0228 ], [ 0.40649, 44.02177 ], [ 0.40802, 44.02177 ], [ 0.41119, 44.02068 ], [ 0.4127, 44.02254 ], [ 0.41454, 44.02752 ], [ 0.41722, 44.0295 ], [ 0.41834, 44.02953 ], [ 0.42165, 44.02755 ], [ 0.425, 44.02613 ], [ 0.43079, 44.02821 ], [ 0.43313, 44.02928 ], [ 0.43925, 44.02916 ], [ 0.44245, 44.02876 ], [ 0.44365, 44.03074 ], [ 0.44236, 44.0336 ], [ 0.44387, 44.0349 ], [ 0.44397, 44.03739 ], [ 0.44504, 44.03943 ], [ 0.45015, 44.04361 ], [ 0.45031, 44.04437 ], [ 0.45068, 44.04572 ], [ 0.45125, 44.04682 ], [ 0.45344, 44.04787 ], [ 0.45696, 44.0526 ], [ 0.45822, 44.05229 ], [ 0.45976, 44.05538 ], [ 0.46641, 44.05468 ], [ 0.4705, 44.05523 ], [ 0.4758, 44.05515 ], [ 0.48053, 44.054 ], [ 0.48406, 44.05272 ], [ 0.4856, 44.05364 ], [ 0.48522, 44.05791 ], [ 0.4857, 44.05869 ], [ 0.48781, 44.0566 ], [ 0.48975, 44.05646 ], [ 0.49565, 44.05776 ], [ 0.50097, 44.0569 ], [ 0.50233, 44.05751 ], [ 0.50325, 44.05401 ], [ 0.50409, 44.05335 ], [ 0.50369, 44.05159 ], [ 0.50472, 44.05066 ], [ 0.50594, 44.05185 ], [ 0.50605, 44.05613 ], [ 0.51037, 44.06183 ], [ 0.51214, 44.0633 ], [ 0.5153, 44.06181 ], [ 0.51736, 44.05982 ], [ 0.52108, 44.05718 ], [ 0.52676, 44.05673 ], [ 0.53055, 44.0576 ], [ 0.5323, 44.05717 ], [ 0.53564, 44.05457 ], [ 0.53843, 44.05295 ], [ 0.5403, 44.05509 ], [ 0.54231, 44.05621 ], [ 0.54637, 44.05632 ], [ 0.5515, 44.05596 ], [ 0.55547, 44.05475 ], [ 0.55769, 44.05762 ], [ 0.55874, 44.05822 ], [ 0.56508, 44.05922 ], [ 0.56692, 44.06033 ], [ 0.56903, 44.06284 ], [ 0.5693, 44.06406 ], [ 0.57288, 44.0674 ], [ 0.57315, 44.06915 ], [ 0.57456, 44.0699 ], [ 0.57501, 44.07139 ], [ 0.57839, 44.07319 ], [ 0.57588, 44.07591 ], [ 0.57972, 44.07656 ], [ 0.58511, 44.07669 ], [ 0.58591, 44.07702 ], [ 0.5907, 44.07686 ], [ 0.59376, 44.07929 ], [ 0.5971, 44.07839 ], [ 0.60122, 44.07801 ], [ 0.59921, 44.07487 ], [ 0.60512, 44.07294 ], [ 0.60743, 44.07095 ], [ 0.60735, 44.06955 ], [ 0.61191, 44.06921 ], [ 0.61506, 44.06823 ], [ 0.61496, 44.0676 ], [ 0.62031, 44.06596 ], [ 0.62273, 44.06388 ], [ 0.62394, 44.06345 ], [ 0.62789, 44.06063 ], [ 0.62915, 44.05803 ], [ 0.63134, 44.05569 ], [ 0.63062, 44.05461 ], [ 0.63069, 44.05158 ], [ 0.63165, 44.0495 ], [ 0.63621, 44.04992 ], [ 0.6436, 44.04389 ], [ 0.64927, 44.04457 ], [ 0.65408, 44.04243 ], [ 0.65491, 44.04167 ], [ 0.65401, 44.04031 ], [ 0.6534, 44.03724 ], [ 0.65559, 44.03691 ], [ 0.654, 44.03365 ], [ 0.65234, 44.03312 ], [ 0.65718, 44.02965 ], [ 0.65771, 44.02852 ], [ 0.6604, 44.02542 ], [ 0.66264, 44.02411 ], [ 0.66659, 44.02515 ], [ 0.67074, 44.02678 ], [ 0.67709, 44.02697 ], [ 0.67959, 44.02935 ], [ 0.67994, 44.03209 ], [ 0.67916, 44.03329 ], [ 0.67936, 44.03695 ], [ 0.68166, 44.03959 ], [ 0.68253, 44.0423 ], [ 0.68437, 44.04368 ], [ 0.68567, 44.04617 ], [ 0.68766, 44.04589 ], [ 0.69328, 44.04624 ], [ 0.69526, 44.04437 ], [ 0.69673, 44.04534 ], [ 0.70039, 44.05287 ], [ 0.70339, 44.05525 ], [ 0.70752, 44.05702 ], [ 0.70792, 44.05829 ], [ 0.71455, 44.05802 ], [ 0.71638, 44.05737 ], [ 0.72065, 44.05838 ], [ 0.72505, 44.05993 ], [ 0.72818, 44.06155 ], [ 0.73154, 44.06223 ], [ 0.73391, 44.06226 ], [ 0.73868, 44.06102 ], [ 0.73992, 44.06405 ], [ 0.74188, 44.0652 ], [ 0.73971, 44.06662 ], [ 0.7388, 44.0693 ], [ 0.73789, 44.06982 ], [ 0.73904, 44.07333 ], [ 0.73836, 44.07542 ], [ 0.73979, 44.07814 ], [ 0.74168, 44.08023 ], [ 0.74412, 44.08185 ], [ 0.74377, 44.08306 ], [ 0.74533, 44.08538 ], [ 0.7483, 44.08677 ], [ 0.74763, 44.08851 ], [ 0.74742, 44.0913 ], [ 0.748, 44.09328 ], [ 0.7482, 44.09496 ], [ 0.74743, 44.09616 ], [ 0.74887, 44.0978 ], [ 0.75215, 44.09864 ], [ 0.75371, 44.09945 ], [ 0.75283, 44.10182 ], [ 0.75337, 44.1047 ], [ 0.75683, 44.1074 ], [ 0.75928, 44.10823 ], [ 0.76246, 44.10812 ], [ 0.76385, 44.10869 ], [ 0.76603, 44.11112 ], [ 0.76764, 44.1108 ], [ 0.76987, 44.11258 ], [ 0.77206, 44.11292 ], [ 0.77504, 44.11689 ], [ 0.77569, 44.11582 ], [ 0.77864, 44.11315 ], [ 0.78044, 44.1134 ], [ 0.78309, 44.11231 ], [ 0.78623, 44.11191 ], [ 0.78873, 44.11416 ], [ 0.79126, 44.11315 ], [ 0.79535, 44.11234 ], [ 0.79859, 44.1101 ], [ 0.79882, 44.11316 ], [ 0.79698, 44.11412 ], [ 0.79549, 44.11614 ], [ 0.79327, 44.11781 ], [ 0.79299, 44.11871 ], [ 0.7954, 44.12184 ], [ 0.79594, 44.12546 ], [ 0.79505, 44.12859 ], [ 0.79757, 44.13038 ], [ 0.79518, 44.13333 ], [ 0.79235, 44.13837 ], [ 0.78997, 44.14108 ], [ 0.78773, 44.14276 ], [ 0.78857, 44.14439 ], [ 0.7961, 44.14562 ], [ 0.8011, 44.14303 ], [ 0.80494, 44.14498 ], [ 0.80731, 44.14483 ], [ 0.80946, 44.14405 ], [ 0.8189, 44.14385 ], [ 0.82189, 44.14215 ], [ 0.82821, 44.13953 ], [ 0.83201, 44.13719 ], [ 0.83463, 44.13686 ], [ 0.83855, 44.13557 ], [ 0.84046, 44.13428 ], [ 0.84183, 44.13426 ], [ 0.84787, 44.13263 ], [ 0.84902, 44.13174 ], [ 0.85692, 44.13048 ], [ 0.85762, 44.13004 ], [ 0.85781, 44.12757 ], [ 0.85999, 44.12814 ], [ 0.86302, 44.12697 ], [ 0.86697, 44.12635 ], [ 0.86909, 44.12652 ], [ 0.86905, 44.1279 ], [ 0.87041, 44.12846 ], [ 0.87274, 44.12823 ], [ 0.87545, 44.1297 ], [ 0.87678, 44.12881 ], [ 0.87973, 44.13051 ], [ 0.88011, 44.13211 ], [ 0.88262, 44.13251 ], [ 0.88298, 44.13329 ], [ 0.87798, 44.13657 ], [ 0.87982, 44.13814 ], [ 0.88269, 44.14207 ], [ 0.88362, 44.14047 ], [ 0.88698, 44.13858 ], [ 0.88948, 44.13829 ], [ 0.89207, 44.13733 ], [ 0.894, 44.13789 ], [ 0.89455, 44.14084 ], [ 0.89422, 44.14389 ], [ 0.88852, 44.14684 ], [ 0.88835, 44.14881 ], [ 0.88836, 44.15088 ], [ 0.89004, 44.15342 ], [ 0.8874, 44.15712 ], [ 0.8851, 44.15916 ], [ 0.88482, 44.16082 ], [ 0.88584, 44.1622 ], [ 0.88829, 44.16389 ], [ 0.88979, 44.16688 ], [ 0.89034, 44.16968 ], [ 0.88918, 44.17199 ], [ 0.88663, 44.17203 ], [ 0.88302, 44.17547 ], [ 0.87643, 44.17107 ], [ 0.87471, 44.16938 ], [ 0.87099, 44.1679 ], [ 0.86605, 44.17068 ], [ 0.86493, 44.17065 ], [ 0.86504, 44.17354 ], [ 0.86391, 44.17357 ], [ 0.86123, 44.17362 ], [ 0.85363, 44.17478 ], [ 0.85228, 44.17648 ], [ 0.85332, 44.17969 ], [ 0.85302, 44.18391 ], [ 0.85447, 44.18631 ], [ 0.8557, 44.18727 ], [ 0.85633, 44.18922 ], [ 0.859, 44.19079 ], [ 0.86043, 44.19103 ], [ 0.85969, 44.19274 ], [ 0.86099, 44.19298 ], [ 0.86174, 44.19339 ], [ 0.86711, 44.19328 ], [ 0.87378, 44.19242 ], [ 0.87632, 44.193 ], [ 0.88199, 44.1914 ], [ 0.88482, 44.1913 ], [ 0.88734, 44.19026 ], [ 0.89126, 44.19106 ], [ 0.9014, 44.1907 ], [ 0.90311, 44.19005 ], [ 0.90597, 44.19012 ], [ 0.907, 44.19189 ], [ 0.90743, 44.19501 ], [ 0.9054, 44.19624 ], [ 0.90518, 44.19732 ], [ 0.90713, 44.19941 ], [ 0.90861, 44.20015 ], [ 0.90949, 44.20318 ], [ 0.91409, 44.20671 ], [ 0.91456, 44.20851 ], [ 0.91588, 44.21041 ], [ 0.91803, 44.21471 ], [ 0.92056, 44.21618 ], [ 0.92404, 44.22528 ], [ 0.92514, 44.22633 ], [ 0.92676, 44.22927 ], [ 0.92924, 44.23025 ], [ 0.9267, 44.23418 ], [ 0.92431, 44.23482 ], [ 0.92333, 44.2363 ], [ 0.91909, 44.23827 ], [ 0.91938, 44.23958 ], [ 0.92443, 44.24576 ], [ 0.92483, 44.24698 ], [ 0.92668, 44.24813 ], [ 0.92994, 44.24849 ], [ 0.93263, 44.24834 ], [ 0.93288, 44.25059 ], [ 0.93178, 44.25229 ], [ 0.93204, 44.25437 ], [ 0.93362, 44.25686 ], [ 0.92965, 44.26058 ], [ 0.9293, 44.2618 ], [ 0.92736, 44.2621 ], [ 0.92803, 44.26521 ], [ 0.92778, 44.26741 ], [ 0.93119, 44.26637 ], [ 0.93617, 44.26566 ], [ 0.94029, 44.26333 ], [ 0.9427, 44.26485 ], [ 0.94298, 44.26571 ], [ 0.9456, 44.2665 ], [ 0.94713, 44.26805 ], [ 0.94679, 44.26962 ], [ 0.9491, 44.27185 ], [ 0.95079, 44.27506 ], [ 0.94988, 44.27614 ], [ 0.94249, 44.27471 ], [ 0.94213, 44.27582 ], [ 0.94508, 44.27757 ], [ 0.94257, 44.27802 ], [ 0.94218, 44.2799 ], [ 0.94038, 44.28213 ], [ 0.93726, 44.28222 ], [ 0.93544, 44.28284 ], [ 0.93392, 44.28543 ], [ 0.92892, 44.28648 ], [ 0.92582, 44.28647 ], [ 0.92611, 44.28809 ], [ 0.92441, 44.28843 ], [ 0.92343, 44.28977 ], [ 0.92351, 44.29157 ], [ 0.91982, 44.29666 ], [ 0.91943, 44.29962 ], [ 0.91643, 44.3022 ], [ 0.91431, 44.30145 ], [ 0.90528, 44.29922 ], [ 0.90291, 44.29901 ], [ 0.90069, 44.29992 ], [ 0.89689, 44.29917 ], [ 0.89507, 44.2967 ], [ 0.89412, 44.29693 ], [ 0.88961, 44.29956 ], [ 0.88879, 44.30185 ], [ 0.88738, 44.3035 ], [ 0.88619, 44.30623 ], [ 0.883, 44.30817 ], [ 0.87697, 44.3085 ], [ 0.87478, 44.30833 ], [ 0.87257, 44.3092 ], [ 0.87204, 44.31064 ], [ 0.86945, 44.30925 ], [ 0.86957, 44.31115 ], [ 0.87167, 44.31235 ], [ 0.87124, 44.31455 ], [ 0.87337, 44.31538 ], [ 0.87439, 44.31692 ], [ 0.87531, 44.31995 ], [ 0.87327, 44.32357 ], [ 0.87744, 44.32547 ], [ 0.87908, 44.32721 ], [ 0.88333, 44.32838 ], [ 0.88135, 44.32971 ], [ 0.88265, 44.33049 ], [ 0.88248, 44.33184 ], [ 0.88397, 44.33231 ], [ 0.88924, 44.33223 ], [ 0.88758, 44.33357 ], [ 0.88734, 44.33631 ], [ 0.88846, 44.33866 ], [ 0.89153, 44.33888 ], [ 0.89427, 44.34207 ], [ 0.89526, 44.3451 ], [ 0.89611, 44.34623 ], [ 0.89286, 44.34835 ], [ 0.89201, 44.34991 ], [ 0.89097, 44.35354 ], [ 0.89369, 44.35348 ], [ 0.8933, 44.35645 ], [ 0.89357, 44.35804 ], [ 0.89258, 44.35987 ], [ 0.88916, 44.36153 ], [ 0.8872, 44.36462 ], [ 0.88733, 44.36637 ], [ 0.88999, 44.36843 ], [ 0.89144, 44.37075 ], [ 0.89396, 44.37312 ], [ 0.89499, 44.3743 ], [ 0.89512, 44.37903 ], [ 0.89638, 44.38184 ], [ 0.8979, 44.38127 ], [ 0.90463, 44.38064 ], [ 0.90448, 44.38171 ], [ 0.91085, 44.38296 ], [ 0.91502, 44.38409 ], [ 0.91985, 44.38442 ], [ 0.92121, 44.38254 ], [ 0.92313, 44.37853 ], [ 0.92686, 44.37506 ], [ 0.93095, 44.37394 ], [ 0.93324, 44.37279 ], [ 0.93649, 44.37041 ], [ 0.93759, 44.36682 ], [ 0.93761, 44.36362 ], [ 0.93915, 44.35924 ], [ 0.93916, 44.35594 ], [ 0.93986, 44.35051 ], [ 0.94142, 44.34535 ], [ 0.94125, 44.3444 ], [ 0.94238, 44.34442 ], [ 0.94576, 44.34783 ], [ 0.94519, 44.3503 ], [ 0.9418, 44.35319 ], [ 0.94603, 44.35455 ], [ 0.94862, 44.35647 ], [ 0.94892, 44.35768 ], [ 0.95141, 44.35781 ], [ 0.95, 44.35932 ], [ 0.95151, 44.36158 ], [ 0.9547, 44.35942 ], [ 0.95669, 44.36075 ], [ 0.95924, 44.35875 ], [ 0.96852, 44.36197 ], [ 0.97042, 44.36082 ], [ 0.97517, 44.36152 ], [ 0.97571, 44.35891 ], [ 0.97515, 44.35798 ], [ 0.9773, 44.35618 ], [ 0.97969, 44.35841 ], [ 0.98182, 44.35844 ], [ 0.98597, 44.36124 ], [ 0.99069, 44.36322 ], [ 0.99303, 44.36523 ], [ 0.99356, 44.36677 ], [ 0.99671, 44.36914 ], [ 0.99986, 44.36837 ], [ 1.00456, 44.36559 ], [ 1.01066, 44.3649 ], [ 1.0138, 44.36507 ], [ 1.01539, 44.364 ], [ 1.01929, 44.36333 ], [ 1.0221, 44.3639 ], [ 1.02711, 44.3636 ], [ 1.02821, 44.36424 ], [ 1.03987, 44.36379 ], [ 1.0422, 44.36278 ], [ 1.0493, 44.36236 ], [ 1.05246, 44.36456 ], [ 1.06065, 44.3656 ], [ 1.05904, 44.36683 ], [ 1.05932, 44.37096 ], [ 1.06067, 44.37145 ], [ 1.05972, 44.37653 ], [ 1.06353, 44.37742 ], [ 1.06408, 44.37851 ], [ 1.06448, 44.38054 ], [ 1.06306, 44.3821 ], [ 1.06309, 44.38367 ], [ 1.06133, 44.38635 ], [ 1.06035, 44.39106 ], [ 1.05724, 44.39 ], [ 1.05117, 44.39227 ], [ 1.05189, 44.39318 ], [ 1.0545, 44.39438 ], [ 1.0556, 44.3961 ], [ 1.05587, 44.3983 ], [ 1.0583, 44.39901 ], [ 1.05896, 44.40028 ], [ 1.06169, 44.40193 ], [ 1.05993, 44.40452 ], [ 1.06128, 44.40899 ], [ 1.06016, 44.41127 ], [ 1.06026, 44.41285 ], [ 1.06187, 44.4139 ], [ 1.06051, 44.41532 ], [ 1.06067, 44.41992 ], [ 1.05862, 44.42169 ], [ 1.05762, 44.42466 ], [ 1.05749, 44.42767 ], [ 1.05524, 44.42742 ], [ 1.05394, 44.4319 ], [ 1.05144, 44.43093 ], [ 1.04923, 44.42933 ], [ 1.04718, 44.43103 ], [ 1.04528, 44.43433 ], [ 1.04226, 44.43497 ], [ 1.04065, 44.43374 ], [ 1.03421, 44.43226 ], [ 1.0282, 44.434 ], [ 1.02955, 44.43564 ], [ 1.03238, 44.44133 ], [ 1.02924, 44.44149 ], [ 1.02695, 44.44241 ], [ 1.02425, 44.44259 ], [ 1.02301, 44.44411 ], [ 1.02104, 44.44535 ], [ 1.02177, 44.44937 ], [ 1.02373, 44.45146 ], [ 1.02305, 44.4537 ], [ 1.02099, 44.45624 ], [ 1.02203, 44.45783 ], [ 1.02462, 44.45971 ], [ 1.0234, 44.46055 ], [ 1.02267, 44.46252 ], [ 1.02436, 44.46555 ], [ 1.02591, 44.46701 ], [ 1.02336, 44.4682 ], [ 1.02181, 44.47056 ], [ 1.02401, 44.47307 ], [ 1.02167, 44.47335 ], [ 1.02301, 44.47544 ], [ 1.01277, 44.47829 ], [ 1.00903, 44.48004 ], [ 1.01061, 44.48186 ], [ 1.0142, 44.4874 ], [ 1.01168, 44.48862 ], [ 1.01251, 44.48962 ], [ 1.01699, 44.48905 ], [ 1.01768, 44.4918 ], [ 1.01613, 44.49327 ], [ 1.01162, 44.49565 ], [ 1.01273, 44.49674 ], [ 1.01651, 44.49899 ], [ 1.01681, 44.50237 ], [ 1.01623, 44.50587 ], [ 1.01436, 44.50787 ], [ 1.01206, 44.50939 ], [ 1.00834, 44.51267 ], [ 1.00695, 44.51296 ], [ 1.0058, 44.51701 ], [ 1.00618, 44.51922 ], [ 1.00339, 44.52031 ], [ 1.00099, 44.52383 ], [ 0.99978, 44.52688 ], [ 0.99664, 44.52675 ], [ 0.9927, 44.52806 ], [ 0.99076, 44.53065 ], [ 0.98787, 44.53304 ], [ 0.98855, 44.53359 ], [ 0.98932, 44.5386 ], [ 0.98828, 44.54034 ], [ 0.9856, 44.54193 ], [ 0.98231, 44.54265 ], [ 0.98152, 44.54444 ], [ 0.98243, 44.54548 ], [ 0.98654, 44.54738 ], [ 0.99148, 44.54915 ], [ 0.99504, 44.54973 ], [ 0.99811, 44.54825 ], [ 1.00013, 44.54776 ], [ 1.00578, 44.54788 ], [ 1.00888, 44.54711 ], [ 1.01023, 44.54582 ], [ 1.01032, 44.54176 ], [ 1.01098, 44.54109 ], [ 1.01317, 44.53613 ], [ 1.01539, 44.5376 ], [ 1.01568, 44.53863 ], [ 1.02196, 44.54541 ], [ 1.02389, 44.54593 ], [ 1.02475, 44.54702 ], [ 1.02725, 44.54817 ], [ 1.03094, 44.5488 ], [ 1.03125, 44.54948 ], [ 1.02974, 44.55198 ], [ 1.03389, 44.55488 ], [ 1.03829, 44.55669 ], [ 1.04054, 44.55666 ], [ 1.04148, 44.55754 ], [ 1.04231, 44.55793 ], [ 1.04312, 44.55853 ], [ 1.04439, 44.56159 ], [ 1.04524, 44.56237 ], [ 1.04758, 44.56186 ], [ 1.05151, 44.56329 ], [ 1.05653, 44.5647 ], [ 1.05893, 44.5641 ], [ 1.06376, 44.56455 ], [ 1.0697, 44.56611 ], [ 1.0717, 44.56785 ], [ 1.07258, 44.57055 ], [ 1.07381, 44.57178 ], [ 1.07368, 44.57479 ], [ 1.07514, 44.57732 ], [ 1.07556, 44.57576 ], [ 1.07709, 44.5736 ], [ 1.07841, 44.5748 ], [ 1.08204, 44.57272 ], [ 1.08387, 44.57265 ], [ 1.08769, 44.57076 ], [ 1.08882, 44.57068 ], [ 1.0949, 44.57174 ], [ 1.10101, 44.57203 ], [ 1.10321, 44.57173 ], [ 1.10348, 44.57435 ], [ 1.10166, 44.57672 ], [ 1.10026, 44.57756 ], [ 1.09894, 44.57993 ], [ 1.10347, 44.58097 ], [ 1.10214, 44.5841 ], [ 1.10253, 44.58644 ], [ 1.09958, 44.58854 ], [ 1.09771, 44.59054 ], [ 1.09382, 44.59058 ], [ 1.09459, 44.59234 ], [ 1.09906, 44.59595 ], [ 1.10208, 44.59909 ], [ 1.1074, 44.60395 ], [ 1.11116, 44.60724 ], [ 1.11566, 44.60854 ], [ 1.11986, 44.61021 ], [ 1.1214, 44.61198 ], [ 1.12218, 44.61397 ], [ 1.12522, 44.61607 ], [ 1.12729, 44.61677 ], [ 1.13116, 44.61825 ], [ 1.13272, 44.61926 ], [ 1.1353, 44.6223 ], [ 1.13851, 44.62521 ], [ 1.14255, 44.628 ], [ 1.14813, 44.63247 ], [ 1.15089, 44.63286 ], [ 1.15333, 44.63774 ], [ 1.15379, 44.63941 ], [ 1.15272, 44.64251 ], [ 1.15152, 44.64308 ], [ 1.15191, 44.6452 ], [ 1.14887, 44.64903 ], [ 1.14652, 44.65284 ], [ 1.14867, 44.6534 ], [ 1.14995, 44.65517 ], [ 1.14929, 44.65674 ], [ 1.14976, 44.65819 ], [ 1.14903, 44.65953 ], [ 1.14938, 44.66092 ], [ 1.14763, 44.66297 ], [ 1.14702, 44.66553 ], [ 1.14673, 44.6708 ], [ 1.14882, 44.67028 ], [ 1.15932, 44.67222 ], [ 1.16069, 44.67264 ], [ 1.16399, 44.6748 ], [ 1.16501, 44.67728 ], [ 1.16881, 44.68002 ], [ 1.17215, 44.68005 ], [ 1.17847, 44.68264 ], [ 1.18149, 44.68312 ], [ 1.18402, 44.68265 ], [ 1.18857, 44.6826 ], [ 1.18983, 44.68203 ], [ 1.19412, 44.68225 ], [ 1.19523, 44.68343 ], [ 1.19736, 44.68382 ], [ 1.19709, 44.6821 ], [ 1.19799, 44.68063 ], [ 1.20219, 44.68292 ], [ 1.20696, 44.6836 ], [ 1.21145, 44.68288 ], [ 1.2148, 44.683 ], [ 1.21726, 44.68262 ], [ 1.22455, 44.68427 ], [ 1.22471, 44.68571 ], [ 1.22546, 44.68612 ], [ 1.22604, 44.68864 ], [ 1.22841, 44.68988 ], [ 1.23008, 44.69142 ], [ 1.2332, 44.69074 ], [ 1.23544, 44.69202 ], [ 1.23872, 44.69209 ], [ 1.23947, 44.69282 ], [ 1.24193, 44.69288 ], [ 1.24101, 44.69424 ], [ 1.24389, 44.69565 ], [ 1.24449, 44.69778 ], [ 1.24336, 44.70375 ], [ 1.2454, 44.70579 ], [ 1.24871, 44.70807 ], [ 1.25055, 44.708 ], [ 1.25248, 44.70883 ], [ 1.25576, 44.70945 ], [ 1.25936, 44.70854 ], [ 1.26028, 44.71021 ], [ 1.26342, 44.71055 ], [ 1.26484, 44.71305 ], [ 1.26615, 44.71382 ], [ 1.26819, 44.71618 ], [ 1.268, 44.71897 ], [ 1.26968, 44.7207 ], [ 1.27004, 44.72209 ], [ 1.27204, 44.7227 ], [ 1.2751, 44.72155 ], [ 1.27476, 44.71862 ], [ 1.27943, 44.71583 ], [ 1.2833, 44.71465 ], [ 1.28702, 44.71446 ], [ 1.28869, 44.717 ], [ 1.2886, 44.71834 ], [ 1.28971, 44.71957 ], [ 1.28937, 44.72065 ], [ 1.29187, 44.72229 ], [ 1.29375, 44.7228 ], [ 1.29612, 44.72472 ], [ 1.29856, 44.72591 ], [ 1.29898, 44.73054 ], [ 1.30032, 44.7337 ], [ 1.29554, 44.73596 ], [ 1.29697, 44.73742 ], [ 1.29803, 44.74138 ], [ 1.30053, 44.74306 ], [ 1.30019, 44.74428 ], [ 1.3038, 44.74395 ], [ 1.31605, 44.74037 ], [ 1.31727, 44.74596 ], [ 1.31702, 44.74947 ], [ 1.31879, 44.75321 ], [ 1.32021, 44.75517 ], [ 1.32027, 44.75855 ], [ 1.3212, 44.75954 ], [ 1.32282, 44.76504 ], [ 1.31605, 44.76476 ], [ 1.31433, 44.76609 ], [ 1.31054, 44.76979 ], [ 1.30813, 44.7709 ], [ 1.30564, 44.77195 ], [ 1.29846, 44.77424 ], [ 1.29624, 44.77781 ], [ 1.29816, 44.78075 ], [ 1.29977, 44.78239 ], [ 1.30216, 44.78295 ], [ 1.30473, 44.78454 ], [ 1.30354, 44.7871 ], [ 1.30465, 44.78909 ], [ 1.2975, 44.78885 ], [ 1.29331, 44.78984 ], [ 1.29847, 44.79529 ], [ 1.29827, 44.79619 ], [ 1.30151, 44.79793 ], [ 1.30793, 44.80001 ], [ 1.31333, 44.80218 ], [ 1.31937, 44.80308 ], [ 1.32551, 44.80601 ], [ 1.3305, 44.80705 ], [ 1.33626, 44.80629 ], [ 1.33887, 44.80555 ], [ 1.34282, 44.80689 ], [ 1.34768, 44.80791 ], [ 1.35077, 44.80816 ], [ 1.35417, 44.80896 ], [ 1.35655, 44.81025 ], [ 1.35962, 44.81112 ], [ 1.3641, 44.81157 ], [ 1.36338, 44.81435 ], [ 1.36595, 44.81518 ], [ 1.36587, 44.81617 ], [ 1.36417, 44.81917 ], [ 1.36224, 44.82122 ], [ 1.36118, 44.82432 ], [ 1.36015, 44.82517 ], [ 1.36064, 44.82674 ], [ 1.36099, 44.83188 ], [ 1.35995, 44.83425 ], [ 1.36096, 44.8375 ], [ 1.36086, 44.83958 ], [ 1.36308, 44.84284 ], [ 1.36546, 44.84497 ], [ 1.36866, 44.84581 ], [ 1.37105, 44.8474 ], [ 1.37283, 44.84669 ], [ 1.37293, 44.84444 ], [ 1.37383, 44.84351 ], [ 1.37714, 44.84183 ], [ 1.3861, 44.84743 ], [ 1.38488, 44.84887 ], [ 1.38731, 44.85104 ], [ 1.3929, 44.84915 ], [ 1.39436, 44.84948 ], [ 1.39828, 44.84893 ], [ 1.40142, 44.84985 ], [ 1.40251, 44.84905 ], [ 1.40286, 44.85081 ], [ 1.40333, 44.85405 ], [ 1.40512, 44.85645 ], [ 1.40436, 44.85733 ], [ 1.40579, 44.86186 ], [ 1.40538, 44.86329 ], [ 1.40929, 44.86473 ], [ 1.41161, 44.86591 ], [ 1.41264, 44.86911 ], [ 1.41187, 44.86978 ], [ 1.41145, 44.8727 ], [ 1.41678, 44.8709 ], [ 1.42039, 44.87085 ], [ 1.42189, 44.87189 ], [ 1.42436, 44.8725 ], [ 1.42715, 44.87233 ], [ 1.42938, 44.87136 ], [ 1.43109, 44.87129 ], [ 1.43454, 44.8723 ], [ 1.43812, 44.87382 ], [ 1.44099, 44.87626 ], [ 1.44218, 44.87834 ], [ 1.44253, 44.8797 ], [ 1.44216, 44.88302 ], [ 1.44009, 44.88652 ], [ 1.43986, 44.88895 ], [ 1.4373, 44.89018 ], [ 1.4358, 44.88945 ], [ 1.43052, 44.89134 ], [ 1.42682, 44.89357 ], [ 1.42597, 44.89487 ], [ 1.42312, 44.89539 ], [ 1.42184, 44.89641 ], [ 1.42028, 44.89864 ], [ 1.41797, 44.90061 ], [ 1.41952, 44.90232 ], [ 1.41968, 44.90404 ], [ 1.42142, 44.90626 ], [ 1.41798, 44.90723 ], [ 1.41675, 44.90901 ], [ 1.41265, 44.90853 ], [ 1.41053, 44.90878 ], [ 1.41225, 44.90979 ], [ 1.41355, 44.91182 ], [ 1.41372, 44.91331 ], [ 1.41699, 44.91446 ], [ 1.41881, 44.91578 ], [ 1.42121, 44.91549 ], [ 1.42253, 44.91626 ], [ 1.42306, 44.9186 ], [ 1.42532, 44.91997 ], [ 1.42863, 44.91905 ], [ 1.43225, 44.91907 ], [ 1.43531, 44.91748 ], [ 1.44173, 44.916 ], [ 1.44235, 44.91655 ], [ 1.44196, 44.9209 ], [ 1.43842, 44.92516 ], [ 1.43893, 44.92871 ], [ 1.4364, 44.92856 ], [ 1.43534, 44.93143 ], [ 1.43728, 44.93266 ], [ 1.43699, 44.93536 ], [ 1.4331, 44.93721 ], [ 1.43359, 44.9383 ], [ 1.43561, 44.93858 ], [ 1.4364, 44.94062 ], [ 1.43543, 44.94196 ], [ 1.4347, 44.94452 ], [ 1.43346, 44.94604 ], [ 1.43075, 44.94553 ], [ 1.42794, 44.94658 ], [ 1.42587, 44.9494 ], [ 1.42565, 44.95137 ], [ 1.42413, 44.9519 ], [ 1.42181, 44.95401 ], [ 1.42178, 44.95562 ], [ 1.41912, 44.95596 ], [ 1.41952, 44.95947 ], [ 1.41867, 44.96068 ], [ 1.41663, 44.96062 ], [ 1.41694, 44.9622 ], [ 1.41851, 44.96275 ], [ 1.42102, 44.96462 ], [ 1.42098, 44.96699 ], [ 1.42164, 44.96858 ], [ 1.416, 44.96956 ], [ 1.41438, 44.97149 ], [ 1.41259, 44.97238 ], [ 1.41232, 44.9735 ], [ 1.41407, 44.97442 ], [ 1.41458, 44.97779 ], [ 1.41747, 44.98052 ], [ 1.41762, 44.98295 ], [ 1.41582, 44.98464 ], [ 1.41179, 44.98663 ], [ 1.41215, 44.9879 ], [ 1.41143, 44.9896 ], [ 1.41324, 44.99119 ], [ 1.41435, 44.99327 ], [ 1.41444, 44.99489 ], [ 1.4133, 44.99939 ], [ 1.40913, 45.00672 ], [ 1.41185, 45.00671 ], [ 1.41968, 45.00847 ], [ 1.42242, 45.00813 ], [ 1.4247, 45.00888 ], [ 1.42818, 45.00922 ], [ 1.43191, 45.01019 ], [ 1.43586, 45.0122 ], [ 1.43713, 45.01221 ], [ 1.44438, 45.01409 ], [ 1.44131, 45.01533 ], [ 1.44537, 45.01798 ], [ 1.44826, 45.01931 ], [ 1.45273, 45.01741 ], [ 1.45556, 45.01528 ], [ 1.45977, 45.01368 ], [ 1.46199, 45.0137 ], [ 1.46406, 45.01439 ], [ 1.46607, 45.01644 ], [ 1.47251, 45.01801 ], [ 1.47689, 45.01854 ], [ 1.47847, 45.02265 ], [ 1.4766, 45.02506 ], [ 1.47713, 45.02691 ], [ 1.47993, 45.02675 ], [ 1.48138, 45.02725 ], [ 1.48254, 45.03019 ], [ 1.48501, 45.03098 ], [ 1.48791, 45.03248 ], [ 1.48982, 45.032 ], [ 1.49176, 45.0299 ], [ 1.49295, 45.03085 ], [ 1.49379, 45.03343 ], [ 1.49795, 45.03562 ], [ 1.50035, 45.03604 ], [ 1.50286, 45.03844 ], [ 1.50936, 45.04073 ], [ 1.51165, 45.04066 ], [ 1.51583, 45.04145 ], [ 1.52061, 45.03996 ], [ 1.5229, 45.04308 ], [ 1.52532, 45.04301 ], [ 1.52676, 45.04428 ], [ 1.52814, 45.04537 ], [ 1.53386, 45.04527 ], [ 1.53493, 45.04618 ], [ 1.54006, 45.04667 ], [ 1.54152, 45.04167 ], [ 1.54092, 45.03906 ], [ 1.54165, 45.03682 ], [ 1.54353, 45.0345 ], [ 1.54351, 45.03139 ], [ 1.54512, 45.02888 ], [ 1.55204, 45.02847 ], [ 1.55435, 45.02931 ], [ 1.5587, 45.03205 ], [ 1.56383, 45.03461 ], [ 1.56517, 45.03601 ], [ 1.57005, 45.03944 ], [ 1.57631, 45.0407 ], [ 1.57796, 45.0404 ], [ 1.58052, 45.03861 ], [ 1.58504, 45.03828 ], [ 1.58816, 45.03727 ], [ 1.59015, 45.0357 ], [ 1.59346, 45.03478 ], [ 1.59753, 45.0344 ], [ 1.59987, 45.03541 ], [ 1.60538, 45.03531 ], [ 1.60668, 45.03383 ], [ 1.60807, 45.03353 ], [ 1.60738, 45.03294 ], [ 1.60788, 45.02943 ], [ 1.60896, 45.02889 ], [ 1.60843, 45.03038 ], [ 1.61011, 45.03273 ], [ 1.61385, 45.03329 ], [ 1.6187, 45.03156 ], [ 1.6209, 45.03247 ], [ 1.62327, 45.03047 ], [ 1.62467, 45.03093 ], [ 1.62596, 45.03377 ], [ 1.62996, 45.03357 ], [ 1.63238, 45.03233 ], [ 1.63546, 45.02933 ], [ 1.63845, 45.02939 ], [ 1.64424, 45.02825 ], [ 1.64621, 45.02849 ], [ 1.6478, 45.02751 ], [ 1.64762, 45.02594 ], [ 1.64854, 45.02382 ], [ 1.65189, 45.02529 ], [ 1.65204, 45.02385 ], [ 1.65083, 45.02236 ], [ 1.65263, 45.02034 ], [ 1.65291, 45.01814 ], [ 1.65444, 45.01793 ], [ 1.6558, 45.01576 ], [ 1.65714, 45.01497 ], [ 1.65956, 45.01466 ], [ 1.65932, 45.01354 ], [ 1.66498, 45.01205 ], [ 1.66505, 45.01074 ], [ 1.66381, 45.00884 ], [ 1.66661, 45.00827 ], [ 1.67021, 45.00875 ], [ 1.67124, 45.00763 ], [ 1.67011, 45.00677 ], [ 1.67141, 45.0043 ], [ 1.67319, 45.00367 ], [ 1.67617, 45.00423 ], [ 1.68062, 45.00314 ], [ 1.68437, 45.00266 ], [ 1.68716, 44.99638 ], [ 1.68826, 44.99508 ], [ 1.69227, 44.99258 ], [ 1.69527, 44.99151 ], [ 1.69681, 44.99017 ], [ 1.70031, 44.9892 ], [ 1.70266, 44.98783 ], [ 1.70338, 44.98658 ], [ 1.70264, 44.98436 ], [ 1.70634, 44.98195 ], [ 1.70705, 44.98079 ], [ 1.70747, 44.97804 ], [ 1.70681, 44.97485 ], [ 1.70702, 44.97291 ], [ 1.7088, 44.97139 ], [ 1.70877, 44.96964 ], [ 1.71003, 44.96951 ], [ 1.71103, 44.96729 ], [ 1.71345, 44.96779 ], [ 1.71432, 44.96826 ], [ 1.71943, 44.96781 ], [ 1.72271, 44.96828 ], [ 1.72494, 44.9681 ], [ 1.7315, 44.96454 ], [ 1.73302, 44.96477 ], [ 1.73242, 44.96211 ], [ 1.7339, 44.95943 ], [ 1.73667, 44.96065 ], [ 1.74073, 44.96058 ], [ 1.74431, 44.95908 ], [ 1.74731, 44.95706 ], [ 1.74877, 44.95693 ], [ 1.7508, 44.95573 ], [ 1.7505, 44.9524 ], [ 1.75125, 44.94732 ], [ 1.75589, 44.94627 ], [ 1.75523, 44.94289 ], [ 1.75398, 44.94085 ], [ 1.74888, 44.93889 ], [ 1.74934, 44.93758 ], [ 1.75129, 44.9376 ], [ 1.75365, 44.93657 ], [ 1.75834, 44.93651 ], [ 1.76068, 44.93612 ], [ 1.76393, 44.9342 ], [ 1.76729, 44.93368 ], [ 1.76775, 44.93215 ], [ 1.76999, 44.92959 ], [ 1.7716, 44.92699 ], [ 1.77403, 44.92452 ], [ 1.77461, 44.92354 ], [ 1.78027, 44.92874 ], [ 1.78632, 44.93093 ], [ 1.78707, 44.93224 ], [ 1.78482, 44.93673 ], [ 1.7857, 44.93691 ], [ 1.78914, 44.93418 ], [ 1.79087, 44.93216 ], [ 1.79246, 44.93208 ], [ 1.79526, 44.93057 ], [ 1.7983, 44.93032 ], [ 1.79901, 44.9286 ], [ 1.8024, 44.92562 ], [ 1.80089, 44.92421 ], [ 1.80017, 44.92029 ], [ 1.8008, 44.92038 ], [ 1.80129, 44.92209 ], [ 1.80311, 44.92367 ], [ 1.80436, 44.92571 ], [ 1.80815, 44.92689 ], [ 1.80915, 44.92825 ], [ 1.81149, 44.92879 ], [ 1.81359, 44.92719 ], [ 1.82082, 44.92722 ], [ 1.82391, 44.92768 ], [ 1.82643, 44.92927 ], [ 1.82843, 44.93176 ], [ 1.82936, 44.93396 ], [ 1.82996, 44.93969 ], [ 1.83117, 44.94549 ], [ 1.83313, 44.94609 ], [ 1.83687, 44.94534 ], [ 1.83752, 44.9439 ], [ 1.83774, 44.94088 ], [ 1.83644, 44.93746 ], [ 1.84169, 44.93779 ], [ 1.84277, 44.93708 ], [ 1.84435, 44.93803 ], [ 1.8451, 44.93979 ], [ 1.84488, 44.94307 ], [ 1.84741, 44.94349 ], [ 1.85011, 44.94503 ], [ 1.85105, 44.94625 ], [ 1.85354, 44.94603 ], [ 1.85612, 44.94708 ], [ 1.86056, 44.94778 ], [ 1.86321, 44.94783 ], [ 1.8632, 44.95022 ], [ 1.86659, 44.95207 ], [ 1.86861, 44.95406 ], [ 1.8714, 44.95331 ], [ 1.8743, 44.95458 ], [ 1.87892, 44.95568 ], [ 1.88083, 44.95536 ], [ 1.88709, 44.95634 ], [ 1.88582, 44.95786 ], [ 1.88605, 44.96002 ], [ 1.88743, 44.96182 ], [ 1.88729, 44.96272 ], [ 1.8895, 44.96454 ], [ 1.89064, 44.96418 ], [ 1.89462, 44.96563 ], [ 1.89665, 44.96744 ], [ 1.89899, 44.96772 ], [ 1.89809, 44.96942 ], [ 1.8992, 44.97244 ], [ 1.90231, 44.97326 ], [ 1.9028, 44.9749 ], [ 1.90502, 44.97471 ], [ 1.90778, 44.97824 ], [ 1.90982, 44.97789 ], [ 1.91398, 44.97898 ], [ 1.91658, 44.97831 ], [ 1.91691, 44.97701 ], [ 1.91957, 44.97742 ], [ 1.92194, 44.97613 ], [ 1.92497, 44.97677 ], [ 1.92718, 44.9788 ], [ 1.92883, 44.97867 ], [ 1.93049, 44.97683 ], [ 1.93226, 44.97662 ], [ 1.93341, 44.97455 ], [ 1.93673, 44.97303 ], [ 1.93907, 44.97322 ], [ 1.94015, 44.97183 ], [ 1.94017, 44.96995 ], [ 1.94165, 44.96652 ], [ 1.94148, 44.964 ], [ 1.94215, 44.95923 ], [ 1.94216, 44.95596 ], [ 1.94035, 44.95478 ], [ 1.94028, 44.95289 ], [ 1.94725, 44.95355 ], [ 1.94916, 44.95252 ], [ 1.95099, 44.95315 ], [ 1.95282, 44.95518 ], [ 1.95521, 44.95658 ], [ 1.9564, 44.95974 ], [ 1.96095, 44.96119 ], [ 1.9662, 44.96193 ], [ 1.96892, 44.96437 ], [ 1.97183, 44.96527 ], [ 1.9741, 44.96664 ], [ 1.97692, 44.96979 ], [ 1.97933, 44.97079 ], [ 1.98166, 44.97287 ], [ 1.98558, 44.97459 ], [ 1.98855, 44.97486 ], [ 1.99148, 44.97591 ], [ 1.99358, 44.97466 ], [ 1.9961, 44.97579 ], [ 1.9992, 44.9758 ], [ 2.00199, 44.97707 ], [ 2.00579, 44.97806 ], [ 2.00827, 44.97623 ], [ 2.01029, 44.97754 ], [ 2.01396, 44.97737 ], [ 2.01706, 44.97761 ], [ 2.01916, 44.97963 ], [ 2.02367, 44.97852 ], [ 2.02549, 44.98037 ], [ 2.02885, 44.98025 ], [ 2.03131, 44.98201 ], [ 2.03365, 44.98223 ], [ 2.04031, 44.98172 ], [ 2.04512, 44.98367 ], [ 2.04677, 44.98137 ], [ 2.04932, 44.97895 ], [ 2.05205, 44.9776 ], [ 2.05256, 44.97648 ], [ 2.05512, 44.97581 ], [ 2.05829, 44.97568 ], [ 2.0588, 44.97461 ], [ 2.06291, 44.97651 ], [ 2.06766, 44.97724 ], [ 2.06981, 44.97832 ], [ 2.07431, 44.97766 ], [ 2.07835, 44.97969 ], [ 2.08203, 44.9806 ], [ 2.08418, 44.98159 ], [ 2.08526, 44.9838 ], [ 2.08912, 44.98444 ], [ 2.09304, 44.98589 ], [ 2.09387, 44.9844 ], [ 2.09621, 44.98468 ], [ 2.09977, 44.98415 ], [ 2.10219, 44.98023 ], [ 2.10731, 44.98137 ], [ 2.10985, 44.98322 ], [ 2.11421, 44.98553 ], [ 2.11746, 44.98405 ], [ 2.11936, 44.9845 ], [ 2.1198, 44.98585 ], [ 2.12398, 44.98595 ], [ 2.12678, 44.98546 ], [ 2.13026, 44.98421 ], [ 2.13329, 44.98574 ], [ 2.13348, 44.98871 ], [ 2.13645, 44.99016 ], [ 2.13707, 44.99502 ], [ 2.13897, 44.99511 ], [ 2.14011, 44.99723 ], [ 2.13934, 44.9983 ], [ 2.14218, 45.00033 ], [ 2.13933, 45.00257 ], [ 2.13932, 45.00374 ], [ 2.1409, 45.00541 ], [ 2.13962, 45.0077 ], [ 2.13733, 45.00874 ], [ 2.1336, 45.00878 ], [ 2.12794, 45.01196 ], [ 2.12482, 45.01497 ], [ 2.12501, 45.01573 ], [ 2.12316, 45.01969 ], [ 2.12156, 45.02027 ], [ 2.11827, 45.02044 ], [ 2.11598, 45.02224 ], [ 2.11342, 45.02759 ], [ 2.11341, 45.03006 ], [ 2.11182, 45.03074 ], [ 2.11176, 45.03245 ], [ 2.11035, 45.03388 ], [ 2.11173, 45.03641 ], [ 2.1118, 45.0378 ], [ 2.11001, 45.03829 ], [ 2.11083, 45.04054 ], [ 2.10842, 45.04188 ], [ 2.10758, 45.04328 ], [ 2.1046, 45.043 ], [ 2.10466, 45.04498 ], [ 2.10085, 45.04655 ], [ 2.09932, 45.04763 ], [ 2.09867, 45.05005 ], [ 2.09683, 45.05177 ], [ 2.09516, 45.05603 ], [ 2.09859, 45.0555 ], [ 2.10074, 45.056 ], [ 2.10093, 45.05727 ], [ 2.09743, 45.05847 ], [ 2.09793, 45.06067 ], [ 2.10021, 45.06202 ], [ 2.10211, 45.06216 ], [ 2.10388, 45.06393 ], [ 2.10406, 45.06675 ], [ 2.10691, 45.06788 ], [ 2.10978, 45.06838 ], [ 2.11427, 45.07177 ], [ 2.11567, 45.07141 ], [ 2.11809, 45.0689 ], [ 2.12069, 45.06989 ], [ 2.12029, 45.07286 ], [ 2.12468, 45.0744 ], [ 2.12632, 45.07679 ], [ 2.12992, 45.07769 ], [ 2.13087, 45.07895 ], [ 2.1315, 45.08179 ], [ 2.13417, 45.08198 ], [ 2.1381, 45.08144 ], [ 2.14018, 45.08652 ], [ 2.1426, 45.08662 ], [ 2.14394, 45.08518 ], [ 2.14692, 45.08573 ], [ 2.14832, 45.08492 ], [ 2.14821, 45.08294 ], [ 2.15295, 45.08506 ], [ 2.15499, 45.08521 ], [ 2.15721, 45.08633 ], [ 2.1593, 45.08476 ], [ 2.1628, 45.08522 ], [ 2.16451, 45.08495 ], [ 2.16572, 45.08383 ], [ 2.16547, 45.08194 ], [ 2.16725, 45.08086 ], [ 2.17056, 45.08154 ], [ 2.17278, 45.08127 ], [ 2.17455, 45.08226 ], [ 2.17353, 45.08542 ], [ 2.1739, 45.08775 ], [ 2.17605, 45.09027 ], [ 2.17853, 45.09199 ], [ 2.18023, 45.09487 ], [ 2.18042, 45.09905 ], [ 2.17665, 45.1022 ], [ 2.18016, 45.10319 ], [ 2.17901, 45.10423 ], [ 2.1811, 45.10495 ], [ 2.18167, 45.10671 ], [ 2.17932, 45.10751 ], [ 2.1797, 45.1095 ], [ 2.18166, 45.10994 ], [ 2.1816, 45.11174 ], [ 2.18058, 45.11255 ], [ 2.18711, 45.11445 ], [ 2.18781, 45.11274 ], [ 2.1901, 45.114 ], [ 2.19034, 45.11612 ], [ 2.1892, 45.1177 ], [ 2.18697, 45.11818 ], [ 2.18405, 45.11949 ], [ 2.18385, 45.12268 ], [ 2.1848, 45.12317 ], [ 2.18162, 45.12569 ], [ 2.18085, 45.12686 ], [ 2.18205, 45.13208 ], [ 2.18166, 45.13316 ], [ 2.17949, 45.13472 ], [ 2.17879, 45.1363 ], [ 2.1835, 45.13635 ], [ 2.18763, 45.13586 ], [ 2.18788, 45.13456 ], [ 2.19068, 45.13533 ], [ 2.19411, 45.13479 ], [ 2.19709, 45.13772 ], [ 2.19932, 45.13781 ], [ 2.20256, 45.13916 ], [ 2.20489, 45.14205 ], [ 2.20846, 45.14367 ], [ 2.21017, 45.14683 ], [ 2.21157, 45.14844 ], [ 2.21226, 45.15106 ], [ 2.21207, 45.15282 ], [ 2.20798, 45.15875 ], [ 2.20843, 45.16032 ], [ 2.21179, 45.16127 ], [ 2.21427, 45.15983 ], [ 2.217, 45.15952 ], [ 2.21905, 45.15992 ], [ 2.22222, 45.15984 ], [ 2.22413, 45.16079 ], [ 2.22534, 45.16038 ], [ 2.22788, 45.16088 ], [ 2.23042, 45.16192 ], [ 2.23283, 45.16534 ], [ 2.23301, 45.16731 ], [ 2.23187, 45.16745 ], [ 2.23174, 45.17006 ], [ 2.22741, 45.1697 ], [ 2.2222, 45.17023 ], [ 2.22105, 45.17217 ], [ 2.21837, 45.17247 ], [ 2.2192, 45.17419 ], [ 2.21526, 45.17395 ], [ 2.21411, 45.17616 ], [ 2.21175, 45.17701 ], [ 2.20666, 45.17988 ], [ 2.2052, 45.17938 ], [ 2.20133, 45.17979 ], [ 2.20119, 45.1815 ], [ 2.20233, 45.18236 ], [ 2.20213, 45.18394 ], [ 2.20054, 45.18492 ], [ 2.19964, 45.18987 ], [ 2.19842, 45.19234 ], [ 2.19854, 45.19441 ], [ 2.19969, 45.19527 ], [ 2.19823, 45.19666 ], [ 2.19988, 45.19797 ], [ 2.19803, 45.20008 ], [ 2.19344, 45.2011 ], [ 2.19173, 45.20093 ], [ 2.19051, 45.20213 ], [ 2.18987, 45.20406 ], [ 2.19025, 45.20605 ], [ 2.1912, 45.20663 ], [ 2.19285, 45.20961 ], [ 2.1943, 45.21433 ], [ 2.19665, 45.21612 ], [ 2.19588, 45.21811 ], [ 2.19461, 45.21901 ], [ 2.19097, 45.22044 ], [ 2.18932, 45.22211 ], [ 2.19116, 45.22306 ], [ 2.19193, 45.22202 ], [ 2.19536, 45.22085 ], [ 2.20172, 45.22244 ], [ 2.20306, 45.22316 ], [ 2.20234, 45.22698 ], [ 2.20336, 45.22783 ], [ 2.207, 45.22855 ], [ 2.20871, 45.22996 ], [ 2.21265, 45.23167 ], [ 2.22117, 45.23753 ], [ 2.22494, 45.24185 ], [ 2.22569, 45.24451 ], [ 2.2281, 45.246 ], [ 2.23141, 45.24712 ], [ 2.23377, 45.24654 ], [ 2.23708, 45.24677 ], [ 2.24027, 45.24759 ], [ 2.24134, 45.24943 ], [ 2.24026, 45.25203 ], [ 2.24006, 45.25537 ], [ 2.23929, 45.25734 ], [ 2.23765, 45.25872 ], [ 2.23795, 45.25964 ], [ 2.24176, 45.2631 ], [ 2.24284, 45.26535 ], [ 2.245, 45.2671 ], [ 2.24934, 45.26796 ], [ 2.2524, 45.26783 ], [ 2.25596, 45.26865 ], [ 2.25856, 45.27022 ], [ 2.26016, 45.2731 ], [ 2.2613, 45.27737 ], [ 2.26173, 45.28322 ], [ 2.26441, 45.28547 ], [ 2.26657, 45.28583 ], [ 2.26778, 45.28682 ], [ 2.2683, 45.28845 ], [ 2.2697, 45.28988 ], [ 2.27141, 45.29015 ], [ 2.2746, 45.28912 ], [ 2.27613, 45.28817 ], [ 2.28244, 45.28678 ], [ 2.28742, 45.28656 ], [ 2.29022, 45.28805 ], [ 2.29513, 45.29534 ], [ 2.30016, 45.2988 ], [ 2.30136, 45.30272 ], [ 2.30289, 45.30506 ], [ 2.30589, 45.3074 ], [ 2.30615, 45.31 ], [ 2.30787, 45.31329 ], [ 2.31137, 45.3159 ], [ 2.3143, 45.32026 ], [ 2.31575, 45.32183 ], [ 2.31774, 45.32296 ], [ 2.32724, 45.32459 ], [ 2.3296, 45.32535 ], [ 2.33643, 45.3264 ], [ 2.33987, 45.3258 ], [ 2.34273, 45.32613 ], [ 2.34611, 45.32783 ], [ 2.35166, 45.32783 ], [ 2.35498, 45.33156 ], [ 2.35594, 45.33345 ], [ 2.35976, 45.33651 ], [ 2.35856, 45.33899 ], [ 2.35568, 45.34137 ], [ 2.35217, 45.3433 ], [ 2.35026, 45.34604 ], [ 2.3507, 45.34776 ], [ 2.35231, 45.34933 ], [ 2.35511, 45.35104 ], [ 2.35735, 45.3541 ], [ 2.35932, 45.35491 ], [ 2.3613, 45.35369 ], [ 2.36335, 45.35329 ], [ 2.36513, 45.35608 ], [ 2.36417, 45.36065 ], [ 2.36449, 45.36253 ], [ 2.36743, 45.36474 ], [ 2.36718, 45.36816 ], [ 2.3643, 45.37234 ], [ 2.36462, 45.37468 ], [ 2.36297, 45.37842 ], [ 2.36348, 45.3803 ], [ 2.36769, 45.38327 ], [ 2.36936, 45.3865 ], [ 2.36827, 45.38862 ], [ 2.36514, 45.39051 ], [ 2.3645, 45.39285 ], [ 2.36444, 45.39596 ], [ 2.36343, 45.39726 ], [ 2.35672, 45.39951 ], [ 2.35455, 45.4014 ], [ 2.35258, 45.40491 ], [ 2.35142, 45.40779 ], [ 2.35008, 45.40968 ], [ 2.3497, 45.41175 ], [ 2.35066, 45.41292 ], [ 2.35334, 45.41453 ], [ 2.35513, 45.41503 ], [ 2.36171, 45.41498 ], [ 2.36676, 45.41597 ], [ 2.36957, 45.41615 ], [ 2.37269, 45.41385 ], [ 2.375, 45.4144 ], [ 2.37825, 45.41431 ], [ 2.38099, 45.41354 ], [ 2.38374, 45.41263 ], [ 2.3875, 45.41196 ], [ 2.3909, 45.40922 ], [ 2.39383, 45.40845 ], [ 2.39549, 45.40732 ], [ 2.39612, 45.40521 ], [ 2.396, 45.40323 ], [ 2.39752, 45.40071 ], [ 2.39879, 45.39999 ], [ 2.40167, 45.39958 ], [ 2.40326, 45.39823 ], [ 2.40499, 45.39774 ], [ 2.41405, 45.39643 ], [ 2.42006, 45.39759 ], [ 2.42312, 45.39696 ], [ 2.42452, 45.39462 ], [ 2.42579, 45.39368 ], [ 2.43033, 45.39268 ], [ 2.43263, 45.39317 ], [ 2.43677, 45.3884 ], [ 2.43785, 45.38781 ], [ 2.43919, 45.38723 ], [ 2.44155, 45.38453 ], [ 2.44505, 45.38327 ], [ 2.45323, 45.38362 ], [ 2.45712, 45.38429 ], [ 2.45917, 45.38569 ], [ 2.46382, 45.38446 ], [ 2.46861, 45.38266 ], [ 2.47498, 45.3813 ], [ 2.47518, 45.37995 ], [ 2.47313, 45.37748 ], [ 2.4716, 45.37815 ], [ 2.47057, 45.37672 ], [ 2.47025, 45.37384 ], [ 2.47223, 45.37406 ], [ 2.47312, 45.37537 ], [ 2.47605, 45.37401 ], [ 2.47662, 45.37028 ], [ 2.4802, 45.36969 ], [ 2.48013, 45.37031 ], [ 2.48269, 45.37301 ], [ 2.4804, 45.37482 ], [ 2.48059, 45.37657 ], [ 2.48219, 45.37616 ], [ 2.48577, 45.37895 ], [ 2.49119, 45.37943 ], [ 2.50083, 45.38136 ], [ 2.50231, 45.38109 ], [ 2.50561, 45.37843 ], [ 2.50644, 45.37833 ], [ 2.50945, 45.38053 ], [ 2.51144, 45.3826 ], [ 2.51585, 45.38434 ], [ 2.51936, 45.38488 ], [ 2.52337, 45.38155 ], [ 2.5237, 45.38456 ], [ 2.52331, 45.38541 ], [ 2.52787, 45.39161 ], [ 2.52756, 45.39359 ], [ 2.52551, 45.39409 ], [ 2.52361, 45.39648 ], [ 2.52214, 45.39702 ], [ 2.52361, 45.39945 ], [ 2.52145, 45.40134 ], [ 2.52223, 45.40259 ], [ 2.51775, 45.40184 ], [ 2.51208, 45.40572 ], [ 2.50985, 45.40644 ], [ 2.50609, 45.40865 ], [ 2.50526, 45.41063 ], [ 2.50302, 45.4097 ], [ 2.50137, 45.40969 ], [ 2.50245, 45.41167 ], [ 2.49895, 45.41303 ], [ 2.49346, 45.41344 ], [ 2.48906, 45.41637 ], [ 2.48754, 45.41816 ], [ 2.48786, 45.41979 ], [ 2.49272, 45.42369 ], [ 2.49138, 45.42554 ], [ 2.49153, 45.42937 ], [ 2.49364, 45.43314 ], [ 2.49589, 45.43583 ], [ 2.49519, 45.43718 ], [ 2.49295, 45.43854 ], [ 2.49558, 45.44114 ], [ 2.49629, 45.44316 ], [ 2.4956, 45.4455 ], [ 2.49688, 45.44717 ], [ 2.50001, 45.44847 ], [ 2.5025, 45.44787 ], [ 2.50302, 45.45008 ], [ 2.50214, 45.45143 ], [ 2.49908, 45.45436 ], [ 2.49941, 45.46025 ], [ 2.50069, 45.46146 ], [ 2.50369, 45.46168 ], [ 2.50677, 45.46407 ], [ 2.50715, 45.46564 ], [ 2.50537, 45.46861 ], [ 2.50582, 45.46973 ], [ 2.50871, 45.47167 ], [ 2.50974, 45.4731 ], [ 2.50841, 45.4785 ], [ 2.50752, 45.48166 ], [ 2.5076, 45.48327 ], [ 2.5101, 45.48727 ], [ 2.51119, 45.48831 ], [ 2.51139, 45.48988 ], [ 2.51306, 45.49118 ], [ 2.51389, 45.49284 ], [ 2.51282, 45.49514 ], [ 2.51122, 45.49663 ], [ 2.509, 45.50023 ], [ 2.50778, 45.50311 ], [ 2.50888, 45.50504 ], [ 2.51153, 45.51115 ], [ 2.5162, 45.51668 ], [ 2.51921, 45.51694 ], [ 2.51839, 45.51821 ], [ 2.52039, 45.52045 ], [ 2.51956, 45.52279 ], [ 2.51611, 45.52437 ], [ 2.51291, 45.52425 ], [ 2.51176, 45.5251 ], [ 2.51432, 45.52824 ], [ 2.51804, 45.53085 ], [ 2.5194, 45.53224 ], [ 2.51914, 45.53368 ], [ 2.51649, 45.53519 ], [ 2.51512, 45.53692 ], [ 2.51475, 45.54192 ], [ 2.51559, 45.54277 ], [ 2.51815, 45.54357 ], [ 2.51854, 45.54587 ], [ 2.51529, 45.54848 ], [ 2.51536, 45.55055 ], [ 2.51697, 45.55136 ], [ 2.51588, 45.55388 ], [ 2.51256, 45.55407 ], [ 2.51108, 45.55308 ], [ 2.50781, 45.55277 ], [ 2.50647, 45.55421 ], [ 2.50359, 45.55471 ], [ 2.50096, 45.55354 ], [ 2.49956, 45.55417 ], [ 2.49873, 45.55683 ], [ 2.49629, 45.55683 ], [ 2.49304, 45.55949 ], [ 2.49093, 45.56039 ], [ 2.48977, 45.56179 ], [ 2.48991, 45.56346 ], [ 2.49164, 45.56502 ], [ 2.49146, 45.56795 ], [ 2.48961, 45.56899 ], [ 2.4839, 45.56999 ], [ 2.48136, 45.57088 ], [ 2.48219, 45.57327 ], [ 2.47944, 45.57444 ], [ 2.47688, 45.57692 ], [ 2.47419, 45.57877 ], [ 2.47112, 45.57922 ], [ 2.47254, 45.58093 ], [ 2.47517, 45.58124 ], [ 2.47524, 45.58236 ], [ 2.47344, 45.58286 ], [ 2.47229, 45.58439 ], [ 2.47229, 45.58687 ], [ 2.47018, 45.58696 ], [ 2.46883, 45.588 ], [ 2.46897, 45.58971 ], [ 2.46737, 45.59119 ], [ 2.46532, 45.59407 ], [ 2.46174, 45.59556 ], [ 2.46117, 45.59646 ], [ 2.46342, 45.5997 ], [ 2.46548, 45.60105 ], [ 2.46888, 45.60239 ], [ 2.47093, 45.60239 ], [ 2.47292, 45.60378 ], [ 2.47452, 45.60648 ], [ 2.47843, 45.60791 ], [ 2.47914, 45.61016 ], [ 2.48036, 45.61151 ], [ 2.47941, 45.61398 ], [ 2.47941, 45.61677 ], [ 2.47879, 45.61785 ], [ 2.47873, 45.62154 ], [ 2.48021, 45.62599 ], [ 2.47957, 45.62712 ], [ 2.48188, 45.62864 ], [ 2.48324, 45.63035 ], [ 2.48202, 45.63135 ], [ 2.4826, 45.63305 ], [ 2.48203, 45.63521 ], [ 2.48339, 45.6393 ], [ 2.4866, 45.64128 ], [ 2.4875, 45.6424 ], [ 2.48975, 45.64235 ], [ 2.49198, 45.63776 ], [ 2.49461, 45.63857 ], [ 2.49512, 45.64041 ], [ 2.49756, 45.64067 ], [ 2.50166, 45.6386 ], [ 2.50564, 45.63909 ], [ 2.51084, 45.63899 ], [ 2.51398, 45.63944 ], [ 2.51654, 45.63897 ], [ 2.52014, 45.64069 ], [ 2.52079, 45.64289 ], [ 2.51804, 45.64497 ], [ 2.51894, 45.64708 ], [ 2.52093, 45.65 ], [ 2.52338, 45.65211 ], [ 2.52353, 45.65375 ], [ 2.52736, 45.65472 ], [ 2.52677, 45.65679 ], [ 2.52828, 45.65854 ], [ 2.52707, 45.6593 ], [ 2.52526, 45.65755 ], [ 2.52385, 45.6572 ], [ 2.51904, 45.65923 ], [ 2.51834, 45.66008 ], [ 2.51951, 45.66201 ], [ 2.51765, 45.66323 ], [ 2.51546, 45.66354 ], [ 2.51387, 45.66589 ], [ 2.51413, 45.66706 ], [ 2.51259, 45.66976 ], [ 2.51293, 45.67133 ], [ 2.51454, 45.67214 ], [ 2.51654, 45.67352 ], [ 2.51781, 45.67524 ], [ 2.5175, 45.67817 ], [ 2.51866, 45.67866 ], [ 2.52058, 45.67708 ], [ 2.52193, 45.67739 ], [ 2.52386, 45.68085 ], [ 2.52495, 45.68148 ], [ 2.52868, 45.6822 ], [ 2.52823, 45.68368 ], [ 2.52651, 45.68539 ], [ 2.52427, 45.68494 ], [ 2.5235, 45.68756 ], [ 2.5264, 45.69093 ], [ 2.52571, 45.69341 ], [ 2.52687, 45.69492 ], [ 2.52378, 45.69418 ], [ 2.52209, 45.69496 ], [ 2.52116, 45.69637 ], [ 2.51891, 45.69764 ], [ 2.52052, 45.69889 ], [ 2.51879, 45.70029 ], [ 2.52008, 45.70353 ], [ 2.51874, 45.7056 ], [ 2.52107, 45.70722 ], [ 2.521, 45.70893 ], [ 2.52357, 45.70901 ], [ 2.52301, 45.71145 ], [ 2.52082, 45.71163 ], [ 2.5198, 45.71285 ], [ 2.51645, 45.71296 ], [ 2.51384, 45.71551 ], [ 2.51288, 45.71834 ], [ 2.51314, 45.71951 ], [ 2.51089, 45.72001 ], [ 2.50988, 45.72113 ], [ 2.51027, 45.72231 ], [ 2.50898, 45.72415 ], [ 2.50474, 45.72479 ], [ 2.50334, 45.72749 ], [ 2.50051, 45.72875 ], [ 2.49937, 45.73244 ], [ 2.49495, 45.73394 ], [ 2.4938, 45.73771 ], [ 2.49213, 45.73767 ], [ 2.4904, 45.74064 ], [ 2.49158, 45.74221 ], [ 2.48793, 45.74356 ], [ 2.48694, 45.74492 ], [ 2.48651, 45.74726 ], [ 2.48484, 45.74848 ], [ 2.48339, 45.74808 ], [ 2.47931, 45.74803 ], [ 2.47661, 45.74754 ], [ 2.47442, 45.74566 ], [ 2.47244, 45.74818 ], [ 2.4709, 45.74944 ], [ 2.47052, 45.75129 ], [ 2.4686, 45.75331 ], [ 2.46814, 45.75471 ], [ 2.46866, 45.75632 ], [ 2.46462, 45.75736 ], [ 2.46012, 45.75719 ], [ 2.45653, 45.75872 ], [ 2.45447, 45.76002 ], [ 2.45475, 45.76115 ], [ 2.45138, 45.76147 ], [ 2.45047, 45.75715 ], [ 2.44701, 45.7572 ], [ 2.4445, 45.75819 ], [ 2.44143, 45.76238 ], [ 2.44001, 45.76481 ], [ 2.43546, 45.76697 ], [ 2.43412, 45.76986 ], [ 2.43342, 45.77319 ], [ 2.43297, 45.78038 ], [ 2.43246, 45.782 ], [ 2.43298, 45.78389 ], [ 2.43279, 45.78659 ], [ 2.43086, 45.78862 ], [ 2.42592, 45.79069 ], [ 2.42753, 45.79235 ], [ 2.42727, 45.79464 ], [ 2.42465, 45.79703 ], [ 2.42065, 45.79865 ], [ 2.4186, 45.79848 ], [ 2.41693, 45.79915 ], [ 2.4152, 45.80086 ], [ 2.41281, 45.8023 ], [ 2.41411, 45.80613 ], [ 2.41257, 45.80806 ], [ 2.40672, 45.80968 ], [ 2.40691, 45.81162 ], [ 2.40614, 45.81315 ], [ 2.40383, 45.81396 ], [ 2.40068, 45.81729 ], [ 2.39232, 45.82188 ], [ 2.38943, 45.82373 ], [ 2.38802, 45.82539 ], [ 2.38802, 45.82738 ], [ 2.39136, 45.82926 ], [ 2.39322, 45.82971 ], [ 2.39516, 45.83219 ], [ 2.39536, 45.83353 ], [ 2.39716, 45.83497 ], [ 2.39863, 45.83457 ], [ 2.40038, 45.83596 ], [ 2.40154, 45.8378 ], [ 2.40367, 45.83843 ], [ 2.40572, 45.83802 ], [ 2.41055, 45.83609 ], [ 2.41177, 45.83631 ], [ 2.41594, 45.8337 ], [ 2.41807, 45.83477 ], [ 2.42193, 45.83491 ], [ 2.42297, 45.83369 ], [ 2.42444, 45.83437 ], [ 2.42825, 45.83504 ], [ 2.43094, 45.83382 ], [ 2.43081, 45.83589 ], [ 2.43231, 45.83742 ], [ 2.43269, 45.83899 ], [ 2.43127, 45.84034 ], [ 2.43514, 45.84479 ], [ 2.43418, 45.84525 ], [ 2.43663, 45.847 ], [ 2.43823, 45.84596 ], [ 2.44094, 45.84717 ], [ 2.44351, 45.84515 ], [ 2.4459, 45.84496 ], [ 2.44782, 45.84582 ], [ 2.44777, 45.84839 ], [ 2.44951, 45.84821 ], [ 2.44996, 45.84941 ], [ 2.44965, 45.8536 ], [ 2.44836, 45.85477 ], [ 2.44598, 45.85518 ], [ 2.44257, 45.85689 ], [ 2.44374, 45.85878 ], [ 2.44265, 45.86404 ], [ 2.44342, 45.86674 ], [ 2.44433, 45.8662 ], [ 2.44767, 45.86584 ], [ 2.45263, 45.86624 ], [ 2.45425, 45.86678 ], [ 2.45714, 45.86565 ], [ 2.45824, 45.86758 ], [ 2.46178, 45.86673 ], [ 2.46558, 45.86825 ], [ 2.46527, 45.87135 ], [ 2.47062, 45.87233 ], [ 2.47564, 45.87057 ], [ 2.47898, 45.87035 ], [ 2.47955, 45.86841 ], [ 2.47846, 45.86648 ], [ 2.47974, 45.86454 ], [ 2.49223, 45.86403 ], [ 2.4923, 45.86723 ], [ 2.49979, 45.87243 ], [ 2.50329, 45.87823 ], [ 2.50299, 45.88229 ], [ 2.50058, 45.88513 ], [ 2.50196, 45.88705 ], [ 2.50221, 45.88849 ], [ 2.50447, 45.88817 ], [ 2.51033, 45.88542 ], [ 2.51419, 45.88568 ], [ 2.51466, 45.88996 ], [ 2.51816, 45.89056 ], [ 2.52072, 45.89303 ], [ 2.52059, 45.89404 ], [ 2.52472, 45.89439 ], [ 2.52634, 45.89642 ], [ 2.52661, 45.89812 ], [ 2.52884, 45.89965 ], [ 2.53331, 45.90023 ], [ 2.53467, 45.90121 ], [ 2.54143, 45.90097 ], [ 2.54266, 45.90272 ], [ 2.5419, 45.90458 ], [ 2.5428, 45.90651 ], [ 2.54435, 45.90754 ], [ 2.54822, 45.90739 ], [ 2.5488, 45.90888 ], [ 2.55035, 45.90901 ], [ 2.55145, 45.91058 ], [ 2.5532, 45.91139 ], [ 2.55501, 45.91251 ], [ 2.55784, 45.91295 ], [ 2.5554, 45.91372 ], [ 2.54703, 45.91563 ], [ 2.54394, 45.91577 ], [ 2.54362, 45.91784 ], [ 2.54186, 45.91902 ], [ 2.5415, 45.92153 ], [ 2.54351, 45.92383 ], [ 2.54307, 45.92549 ], [ 2.54507, 45.92706 ], [ 2.54405, 45.92841 ], [ 2.54425, 45.93241 ], [ 2.54754, 45.93236 ], [ 2.5507, 45.93384 ], [ 2.55362, 45.93582 ], [ 2.55369, 45.93762 ], [ 2.55163, 45.94037 ], [ 2.55164, 45.94127 ], [ 2.55564, 45.94297 ], [ 2.56133, 45.94597 ], [ 2.5643, 45.94614 ], [ 2.56682, 45.94735 ], [ 2.56991, 45.94721 ], [ 2.56908, 45.94887 ], [ 2.56357, 45.95559 ], [ 2.56744, 45.95738 ], [ 2.56963, 45.95881 ], [ 2.57603, 45.95997 ], [ 2.57984, 45.96014 ], [ 2.58326, 45.96171 ], [ 2.5848, 45.96013 ], [ 2.58965, 45.96066 ], [ 2.59004, 45.9617 ], [ 2.59352, 45.96223 ], [ 2.5943, 45.9634 ], [ 2.59902, 45.9646 ], [ 2.60088, 45.96423 ], [ 2.6036, 45.96625 ], [ 2.60683, 45.96642 ], [ 2.60902, 45.96665 ], [ 2.60878, 45.9689 ], [ 2.61157, 45.97208 ], [ 2.61087, 45.97415 ], [ 2.60913, 45.97591 ], [ 2.60715, 45.97938 ], [ 2.6056, 45.98069 ], [ 2.60297, 45.9811 ], [ 2.60123, 45.98191 ], [ 2.5993, 45.98583 ], [ 2.59679, 45.98665 ], [ 2.59538, 45.98854 ], [ 2.59359, 45.98984 ], [ 2.59322, 45.99299 ], [ 2.59366, 45.99381 ], [ 2.59297, 45.99669 ], [ 2.5933, 45.99921 ], [ 2.59546, 46.00294 ], [ 2.59514, 46.00428 ], [ 2.5972, 46.00505 ], [ 2.59903, 46.00765 ], [ 2.59773, 46.0081 ], [ 2.60041, 46.01183 ], [ 2.59866, 46.01251 ], [ 2.59829, 46.01526 ], [ 2.59764, 46.01566 ], [ 2.59984, 46.018 ], [ 2.6025, 46.01921 ], [ 2.60168, 46.02154 ], [ 2.60026, 46.02308 ], [ 2.60111, 46.02546 ], [ 2.60034, 46.02757 ], [ 2.60074, 46.02946 ], [ 2.60004, 46.03018 ], [ 2.6027, 46.03288 ], [ 2.59588, 46.0373 ], [ 2.59195, 46.03898 ], [ 2.58975, 46.03902 ], [ 2.58923, 46.04064 ], [ 2.58678, 46.0416 ], [ 2.58528, 46.04117 ], [ 2.58427, 46.04353 ], [ 2.58118, 46.04462 ], [ 2.57859, 46.04422 ], [ 2.57505, 46.04531 ], [ 2.57298, 46.04684 ], [ 2.57073, 46.0473 ], [ 2.5719, 46.04941 ], [ 2.57023, 46.05251 ], [ 2.5681, 46.05423 ], [ 2.56824, 46.05643 ], [ 2.56514, 46.05824 ], [ 2.56606, 46.0599 ], [ 2.56574, 46.06116 ], [ 2.56337, 46.06374 ], [ 2.56428, 46.06486 ], [ 2.56046, 46.06603 ], [ 2.5595, 46.06748 ], [ 2.55711, 46.06914 ], [ 2.55725, 46.07126 ], [ 2.55597, 46.07311 ], [ 2.55533, 46.07644 ], [ 2.55405, 46.07733 ], [ 2.55302, 46.07932 ], [ 2.55315, 46.08053 ], [ 2.55187, 46.08346 ], [ 2.55207, 46.08431 ], [ 2.55039, 46.08607 ], [ 2.5504, 46.0876 ], [ 2.55176, 46.08827 ], [ 2.55242, 46.09065 ], [ 2.5519, 46.09164 ], [ 2.55262, 46.0934 ], [ 2.55218, 46.09574 ], [ 2.55058, 46.09817 ], [ 2.55097, 46.09961 ], [ 2.55181, 46.10042 ], [ 2.55182, 46.10397 ], [ 2.55053, 46.10659 ], [ 2.54836, 46.10903 ], [ 2.54728, 46.11297 ], [ 2.54795, 46.1138 ], [ 2.5507, 46.11477 ], [ 2.55239, 46.11598 ], [ 2.55245, 46.11737 ], [ 2.55052, 46.11896 ], [ 2.55382, 46.11953 ], [ 2.55506, 46.12137 ], [ 2.55818, 46.12452 ], [ 2.55793, 46.12564 ], [ 2.55528, 46.12533 ], [ 2.55398, 46.12637 ], [ 2.55437, 46.1279 ], [ 2.55729, 46.12875 ], [ 2.55749, 46.13014 ], [ 2.55588, 46.13253 ], [ 2.55659, 46.13361 ], [ 2.55898, 46.13126 ], [ 2.56092, 46.1317 ], [ 2.56165, 46.13328 ], [ 2.55862, 46.13787 ], [ 2.55921, 46.13873 ], [ 2.56354, 46.13845 ], [ 2.56452, 46.14079 ], [ 2.56317, 46.14214 ], [ 2.56538, 46.14303 ], [ 2.56634, 46.14376 ], [ 2.56473, 46.14502 ], [ 2.56467, 46.14691 ], [ 2.56287, 46.14915 ], [ 2.56549, 46.15396 ], [ 2.56446, 46.15595 ], [ 2.56077, 46.15559 ], [ 2.56149, 46.15811 ], [ 2.55942, 46.15961 ], [ 2.56177, 46.16392 ], [ 2.56022, 46.16487 ], [ 2.56062, 46.16684 ], [ 2.55915, 46.1744 ], [ 2.55715, 46.17527 ], [ 2.55418, 46.17442 ], [ 2.55328, 46.17653 ], [ 2.55127, 46.17698 ], [ 2.54316, 46.17561 ], [ 2.54, 46.17696 ], [ 2.53826, 46.17889 ], [ 2.53295, 46.18084 ], [ 2.53225, 46.18259 ], [ 2.5285, 46.18494 ], [ 2.52805, 46.18633 ], [ 2.52599, 46.18769 ], [ 2.52787, 46.19025 ], [ 2.52853, 46.19218 ], [ 2.52802, 46.19546 ], [ 2.5266, 46.19623 ], [ 2.52461, 46.2015 ], [ 2.5228, 46.20119 ], [ 2.52176, 46.20277 ], [ 2.52223, 46.20546 ], [ 2.52501, 46.20618 ], [ 2.52592, 46.20722 ], [ 2.52464, 46.2087 ], [ 2.52055, 46.20835 ], [ 2.51958, 46.20952 ], [ 2.52302, 46.21072 ], [ 2.52335, 46.21248 ], [ 2.51992, 46.21388 ], [ 2.52019, 46.21725 ], [ 2.51826, 46.22004 ], [ 2.51651, 46.22135 ], [ 2.51632, 46.22464 ], [ 2.5147, 46.22482 ], [ 2.51543, 46.22801 ], [ 2.51686, 46.22985 ], [ 2.51635, 46.23237 ], [ 2.51453, 46.23354 ], [ 2.51585, 46.23696 ], [ 2.5152, 46.23854 ], [ 2.51631, 46.23944 ], [ 2.51462, 46.23994 ], [ 2.51099, 46.23908 ], [ 2.50886, 46.24084 ], [ 2.50601, 46.24229 ], [ 2.50654, 46.24413 ], [ 2.50303, 46.24558 ], [ 2.50356, 46.24692 ], [ 2.49889, 46.24693 ], [ 2.49579, 46.24725 ], [ 2.49436, 46.24865 ], [ 2.48916, 46.24753 ], [ 2.48892, 46.25 ], [ 2.48833, 46.25298 ], [ 2.48368, 46.25779 ], [ 2.48201, 46.26198 ], [ 2.47871, 46.26361 ], [ 2.4802, 46.26504 ], [ 2.47988, 46.26671 ], [ 2.47709, 46.26936 ], [ 2.47828, 46.27445 ], [ 2.47958, 46.27539 ], [ 2.48062, 46.27908 ], [ 2.48076, 46.28101 ], [ 2.47641, 46.28084 ], [ 2.47441, 46.2821 ], [ 2.47188, 46.2848 ], [ 2.4711, 46.28449 ], [ 2.47, 46.28809 ], [ 2.46248, 46.28828 ], [ 2.45768, 46.28999 ], [ 2.45652, 46.29116 ], [ 2.45385, 46.29103 ], [ 2.44964, 46.29261 ], [ 2.44867, 46.29341 ], [ 2.44303, 46.295 ], [ 2.43927, 46.29347 ], [ 2.43458, 46.29307 ], [ 2.43303, 46.29451 ], [ 2.43187, 46.29442 ], [ 2.43037, 46.29001 ], [ 2.42745, 46.28723 ], [ 2.42802, 46.28533 ], [ 2.42601, 46.28453 ], [ 2.42452, 46.28494 ], [ 2.42277, 46.28386 ], [ 2.42134, 46.28462 ], [ 2.41997, 46.28754 ], [ 2.41908, 46.29124 ], [ 2.41759, 46.29204 ], [ 2.4174, 46.2942 ], [ 2.41421, 46.29691 ], [ 2.41564, 46.29812 ], [ 2.41578, 46.29992 ], [ 2.41941, 46.29983 ], [ 2.4211, 46.30153 ], [ 2.41987, 46.30248 ], [ 2.42066, 46.31013 ], [ 2.41943, 46.30946 ], [ 2.41696, 46.31072 ], [ 2.41489, 46.31252 ], [ 2.40886, 46.31486 ], [ 2.40789, 46.31706 ], [ 2.40412, 46.32017 ], [ 2.40165, 46.32157 ], [ 2.39835, 46.32522 ], [ 2.39361, 46.32899 ], [ 2.39186, 46.32998 ], [ 2.38861, 46.32976 ], [ 2.38816, 46.33157 ], [ 2.38608, 46.33197 ], [ 2.38504, 46.32954 ], [ 2.37958, 46.32761 ], [ 2.37821, 46.32541 ], [ 2.37769, 46.32284 ], [ 2.37659, 46.32203 ], [ 2.37705, 46.32041 ], [ 2.37542, 46.31812 ], [ 2.37685, 46.3169 ], [ 2.37575, 46.31578 ], [ 2.37152, 46.31371 ], [ 2.37061, 46.31272 ], [ 2.36497, 46.3107 ], [ 2.36204, 46.31339 ], [ 2.36295, 46.31519 ], [ 2.36179, 46.31943 ], [ 2.35906, 46.32118 ], [ 2.35841, 46.32339 ], [ 2.3549, 46.32568 ], [ 2.35244, 46.32374 ], [ 2.35016, 46.32433 ], [ 2.34887, 46.32707 ], [ 2.34646, 46.32505 ], [ 2.34355, 46.32627 ], [ 2.34237, 46.32465 ], [ 2.33588, 46.32329 ], [ 2.33354, 46.3264 ], [ 2.33075, 46.32559 ], [ 2.33088, 46.3287 ], [ 2.32633, 46.32879 ], [ 2.32432, 46.32982 ], [ 2.32127, 46.32901 ], [ 2.31913, 46.33225 ], [ 2.31893, 46.33409 ], [ 2.31354, 46.33508 ], [ 2.31185, 46.33742 ], [ 2.31158, 46.34183 ], [ 2.30593, 46.34237 ], [ 2.30347, 46.34286 ], [ 2.30211, 46.34236 ], [ 2.3025, 46.34381 ], [ 2.30789, 46.34511 ], [ 2.30827, 46.34597 ], [ 2.3071, 46.3479 ], [ 2.30944, 46.34867 ], [ 2.30886, 46.35154 ], [ 2.30587, 46.3506 ], [ 2.3032, 46.35284 ], [ 2.30275, 46.35442 ], [ 2.30541, 46.35573 ], [ 2.31138, 46.35555 ], [ 2.31255, 46.35771 ], [ 2.31119, 46.35995 ], [ 2.31307, 46.35986 ], [ 2.31431, 46.35798 ], [ 2.3169, 46.35838 ], [ 2.31827, 46.35933 ], [ 2.31905, 46.36257 ], [ 2.3225, 46.36356 ], [ 2.32314, 46.36738 ], [ 2.32535, 46.36693 ], [ 2.32893, 46.36688 ], [ 2.33185, 46.36536 ], [ 2.33439, 46.36558 ], [ 2.33789, 46.36414 ], [ 2.33646, 46.36904 ], [ 2.3351, 46.37323 ], [ 2.33139, 46.37872 ], [ 2.32847, 46.37782 ], [ 2.32464, 46.37737 ], [ 2.31989, 46.37759 ], [ 2.31716, 46.37521 ], [ 2.31313, 46.37606 ], [ 2.31079, 46.37601 ], [ 2.30442, 46.3788 ], [ 2.30019, 46.38271 ], [ 2.29825, 46.38411 ], [ 2.29415, 46.38276 ], [ 2.29278, 46.38321 ], [ 2.28831, 46.38208 ], [ 2.28673, 46.38285 ], [ 2.28686, 46.38406 ], [ 2.28479, 46.38631 ], [ 2.28582, 46.38811 ], [ 2.28466, 46.3905 ], [ 2.2827, 46.3918 ], [ 2.28477, 46.39359 ], [ 2.28406, 46.39539 ], [ 2.28432, 46.39818 ], [ 2.28386, 46.3998 ], [ 2.27982, 46.4056 ], [ 2.2778, 46.4097 ], [ 2.28203, 46.41082 ], [ 2.27878, 46.41379 ], [ 2.27915, 46.41784 ], [ 2.27851, 46.41915 ], [ 2.28105, 46.42041 ], [ 2.27733, 46.4209 ], [ 2.27421, 46.42211 ], [ 2.26946, 46.42296 ], [ 2.25977, 46.42345 ], [ 2.25483, 46.42299 ], [ 2.25456, 46.4256 ], [ 2.25366, 46.42565 ], [ 2.24987, 46.42636 ], [ 2.24441, 46.42578 ], [ 2.24272, 46.42474 ], [ 2.23733, 46.42375 ], [ 2.2333, 46.42239 ], [ 2.22945, 46.42482 ], [ 2.22614, 46.42419 ], [ 2.22367, 46.42266 ], [ 2.22035, 46.42328 ], [ 2.21839, 46.42504 ], [ 2.21424, 46.42319 ], [ 2.21092, 46.42399 ], [ 2.20662, 46.42596 ], [ 2.2031, 46.42663 ], [ 2.19933, 46.4283 ], [ 2.19783, 46.4283 ], [ 2.19523, 46.42721 ], [ 2.19419, 46.42599 ], [ 2.1849, 46.42315 ], [ 2.18131, 46.42328 ], [ 2.17585, 46.42291 ], [ 2.17254, 46.42228 ], [ 2.16779, 46.42407 ], [ 2.16168, 46.4232 ], [ 2.16064, 46.42239 ], [ 2.15657, 46.42284 ], [ 2.15348, 46.42257 ], [ 2.14859, 46.42413 ], [ 2.14587, 46.42435 ], [ 2.14321, 46.42196 ], [ 2.1406, 46.4211 ], [ 2.13703, 46.42056 ], [ 2.13202, 46.42023 ], [ 2.12701, 46.4191 ], [ 2.12552, 46.42058 ], [ 2.12037, 46.42205 ], [ 2.11855, 46.42223 ], [ 2.117, 46.42097 ], [ 2.1155, 46.42195 ], [ 2.11205, 46.42038 ], [ 2.11075, 46.41817 ], [ 2.11109, 46.41673 ], [ 2.1098, 46.41439 ], [ 2.10421, 46.41195 ], [ 2.10332, 46.40947 ], [ 2.09395, 46.40976 ], [ 2.09226, 46.40914 ], [ 2.08894, 46.4089 ], [ 2.08875, 46.41034 ], [ 2.08035, 46.4119 ], [ 2.07936, 46.41247 ], [ 2.07544, 46.41746 ], [ 2.0742, 46.41984 ], [ 2.06346, 46.42135 ], [ 2.05849, 46.42099 ], [ 2.05188, 46.4215 ], [ 2.04784, 46.42072 ], [ 2.04518, 46.42095 ], [ 2.04375, 46.42192 ], [ 2.03768, 46.42394 ], [ 2.02941, 46.42459 ], [ 2.02595, 46.42764 ], [ 2.02034, 46.42943 ], [ 2.01547, 46.42941 ], [ 2.00955, 46.42994 ], [ 2.00473, 46.42916 ], [ 1.99874, 46.4299 ], [ 1.99567, 46.43088 ], [ 1.99308, 46.43092 ], [ 1.99125, 46.43294 ], [ 1.99078, 46.43523 ], [ 1.9883, 46.4345 ], [ 1.98517, 46.43688 ], [ 1.9819, 46.43997 ], [ 1.97875, 46.44152 ], [ 1.97811, 46.43977 ], [ 1.96544, 46.43951 ], [ 1.96076, 46.4381 ], [ 1.95522, 46.43822 ], [ 1.95224, 46.43763 ], [ 1.9466, 46.43491 ], [ 1.94387, 46.43399 ], [ 1.93535, 46.43253 ], [ 1.93484, 46.43207 ], [ 1.92612, 46.43191 ], [ 1.92424, 46.43195 ], [ 1.92481, 46.43375 ], [ 1.92169, 46.43406 ], [ 1.92148, 46.43613 ], [ 1.92269, 46.43793 ], [ 1.92087, 46.43828 ], [ 1.92053, 46.44008 ], [ 1.91669, 46.44038 ], [ 1.91413, 46.44321 ], [ 1.90918, 46.4435 ], [ 1.90737, 46.44214 ], [ 1.90654, 46.44052 ], [ 1.90246, 46.43781 ], [ 1.89983, 46.43856 ], [ 1.89751, 46.43788 ], [ 1.89568, 46.4394 ], [ 1.89177, 46.43981 ], [ 1.89027, 46.44118 ], [ 1.88778, 46.44162 ], [ 1.88493, 46.44093 ], [ 1.88312, 46.43967 ], [ 1.88511, 46.43732 ], [ 1.88421, 46.43575 ], [ 1.88667, 46.43558 ], [ 1.8868, 46.43415 ], [ 1.88456, 46.4343 ], [ 1.88396, 46.43265 ], [ 1.87537, 46.43221 ], [ 1.87062, 46.43251 ], [ 1.86541, 46.43339 ], [ 1.86013, 46.43327 ], [ 1.85458, 46.43392 ], [ 1.85021, 46.43249 ], [ 1.84571, 46.43146 ], [ 1.8462, 46.4284 ], [ 1.84508, 46.42862 ], [ 1.84133, 46.42703 ], [ 1.83978, 46.42572 ], [ 1.83734, 46.42831 ], [ 1.83481, 46.42808 ], [ 1.83357, 46.42925 ], [ 1.83018, 46.42954 ], [ 1.82746, 46.42818 ], [ 1.82139, 46.43004 ], [ 1.8195, 46.43004 ], [ 1.81845, 46.43142 ], [ 1.81693, 46.4321 ], [ 1.81919, 46.43534 ], [ 1.81629, 46.4392 ], [ 1.81733, 46.43985 ], [ 1.81204, 46.44183 ], [ 1.80524, 46.44553 ], [ 1.80314, 46.44692 ], [ 1.80116, 46.44952 ], [ 1.79824, 46.45491 ], [ 1.7898, 46.45302 ], [ 1.78652, 46.45525 ], [ 1.78249, 46.45483 ], [ 1.77977, 46.45365 ], [ 1.77599, 46.45408 ], [ 1.77133, 46.45243 ], [ 1.76884, 46.45301 ], [ 1.76072, 46.45261 ], [ 1.75759, 46.452 ], [ 1.75434, 46.45212 ], [ 1.7511, 46.45075 ], [ 1.74888, 46.45097 ], [ 1.74759, 46.45002 ], [ 1.74976, 46.44782 ], [ 1.75113, 46.4473 ], [ 1.75266, 46.4455 ], [ 1.7543, 46.44308 ], [ 1.75666, 46.44129 ], [ 1.75882, 46.44026 ], [ 1.75476, 46.43809 ], [ 1.75812, 46.43352 ], [ 1.76027, 46.42714 ], [ 1.75808, 46.42407 ], [ 1.75588, 46.42298 ], [ 1.75434, 46.42135 ], [ 1.75333, 46.41851 ], [ 1.74865, 46.413 ], [ 1.75026, 46.40806 ], [ 1.75055, 46.40558 ], [ 1.74588, 46.40435 ], [ 1.74258, 46.40244 ], [ 1.73922, 46.40125 ], [ 1.73504, 46.39601 ], [ 1.73102, 46.39487 ], [ 1.72922, 46.3936 ], [ 1.72717, 46.39084 ], [ 1.72784, 46.38896 ], [ 1.72613, 46.39035 ], [ 1.72295, 46.39064 ], [ 1.71957, 46.39026 ], [ 1.71351, 46.3919 ], [ 1.7109, 46.39206 ], [ 1.70913, 46.39335 ], [ 1.7076, 46.39605 ], [ 1.70616, 46.39719 ], [ 1.70375, 46.39667 ], [ 1.70186, 46.39803 ], [ 1.70282, 46.39926 ], [ 1.70215, 46.40029 ], [ 1.69956, 46.40041 ], [ 1.69772, 46.40157 ], [ 1.70088, 46.40347 ], [ 1.70021, 46.40541 ], [ 1.69831, 46.40688 ], [ 1.69728, 46.40656 ], [ 1.69217, 46.40882 ], [ 1.69248, 46.4108 ], [ 1.6894, 46.41259 ], [ 1.68677, 46.41482 ], [ 1.6836, 46.41818 ], [ 1.67991, 46.41676 ], [ 1.67784, 46.41558 ], [ 1.67024, 46.40968 ], [ 1.6683, 46.409 ], [ 1.66262, 46.40569 ], [ 1.66128, 46.40397 ], [ 1.6611, 46.40262 ], [ 1.65802, 46.39881 ], [ 1.65648, 46.39755 ], [ 1.65521, 46.39512 ], [ 1.6523, 46.39366 ], [ 1.64753, 46.39021 ], [ 1.64501, 46.38916 ], [ 1.64485, 46.38682 ], [ 1.6424, 46.38514 ], [ 1.6398, 46.38508 ], [ 1.63633, 46.38632 ], [ 1.63403, 46.38878 ], [ 1.63273, 46.38908 ], [ 1.62884, 46.38825 ], [ 1.62675, 46.38851 ], [ 1.62544, 46.38957 ], [ 1.62503, 46.3911 ], [ 1.62622, 46.39403 ], [ 1.62524, 46.39488 ], [ 1.62298, 46.39424 ], [ 1.62166, 46.39477 ], [ 1.62157, 46.39738 ], [ 1.61992, 46.39877 ], [ 1.61537, 46.39842 ], [ 1.61425, 46.39953 ], [ 1.6143, 46.4053 ], [ 1.61475, 46.40678 ], [ 1.6171, 46.41057 ], [ 1.62217, 46.41583 ], [ 1.62266, 46.41826 ], [ 1.62001, 46.42166 ], [ 1.61641, 46.42272 ], [ 1.61453, 46.42244 ], [ 1.6137, 46.42135 ], [ 1.61201, 46.42112 ], [ 1.60906, 46.42317 ], [ 1.60764, 46.42194 ], [ 1.60343, 46.42097 ], [ 1.59864, 46.41914 ], [ 1.59844, 46.41523 ], [ 1.59621, 46.41103 ], [ 1.5954, 46.40864 ], [ 1.59204, 46.40731 ], [ 1.58755, 46.40706 ], [ 1.5876, 46.40814 ], [ 1.58188, 46.40778 ], [ 1.58148, 46.40895 ], [ 1.57862, 46.41048 ], [ 1.57515, 46.40653 ], [ 1.57436, 46.40638 ], [ 1.57144, 46.40623 ], [ 1.56801, 46.40455 ], [ 1.56551, 46.40281 ], [ 1.56195, 46.40135 ], [ 1.56002, 46.40012 ], [ 1.55985, 46.39791 ], [ 1.55694, 46.39691 ], [ 1.55379, 46.39433 ], [ 1.5462, 46.39346 ], [ 1.54503, 46.39786 ], [ 1.54602, 46.40133 ], [ 1.5458, 46.40277 ], [ 1.54685, 46.40615 ], [ 1.54567, 46.40718 ], [ 1.54485, 46.40938 ], [ 1.5436, 46.41103 ], [ 1.54355, 46.41486 ], [ 1.54428, 46.41756 ], [ 1.54409, 46.4191 ], [ 1.54024, 46.42062 ], [ 1.53755, 46.4211 ], [ 1.53592, 46.42065 ], [ 1.53328, 46.42284 ], [ 1.53654, 46.42475 ], [ 1.53401, 46.42635 ], [ 1.53325, 46.42514 ], [ 1.52998, 46.42557 ], [ 1.52766, 46.42664 ], [ 1.52535, 46.42665 ], [ 1.52191, 46.4264 ], [ 1.52148, 46.42437 ], [ 1.51974, 46.42323 ], [ 1.51559, 46.42262 ], [ 1.51289, 46.42089 ], [ 1.51123, 46.42063 ], [ 1.51105, 46.41868 ], [ 1.50994, 46.41784 ], [ 1.50943, 46.41268 ], [ 1.50692, 46.41091 ], [ 1.50428, 46.40841 ], [ 1.50279, 46.40855 ], [ 1.50191, 46.40678 ], [ 1.5001, 46.4055 ], [ 1.49963, 46.40284 ], [ 1.50054, 46.40236 ], [ 1.50008, 46.3988 ], [ 1.49839, 46.39856 ], [ 1.49764, 46.3972 ], [ 1.49793, 46.395 ], [ 1.49695, 46.39464 ], [ 1.49492, 46.39606 ], [ 1.49293, 46.39834 ], [ 1.48787, 46.39723 ], [ 1.47766, 46.39391 ], [ 1.47256, 46.38343 ], [ 1.46892, 46.3839 ], [ 1.46635, 46.38136 ], [ 1.46696, 46.37979 ], [ 1.4682, 46.37935 ], [ 1.46701, 46.37673 ], [ 1.46535, 46.37478 ], [ 1.46214, 46.37608 ], [ 1.46025, 46.37568 ], [ 1.45617, 46.37572 ], [ 1.45305, 46.37626 ], [ 1.45086, 46.37445 ], [ 1.44925, 46.37399 ], [ 1.44643, 46.375 ], [ 1.44558, 46.37157 ], [ 1.44254, 46.37052 ], [ 1.44153, 46.36902 ], [ 1.44295, 46.36516 ], [ 1.43977, 46.3655 ], [ 1.43809, 46.36472 ], [ 1.43676, 46.36523 ], [ 1.4349, 46.36467 ], [ 1.43593, 46.36192 ], [ 1.43588, 46.36038 ], [ 1.43805, 46.3586 ], [ 1.43827, 46.35739 ], [ 1.44036, 46.35637 ], [ 1.43636, 46.35544 ], [ 1.43339, 46.35433 ], [ 1.43092, 46.35436 ], [ 1.42996, 46.35328 ], [ 1.42819, 46.35416 ], [ 1.42717, 46.35302 ], [ 1.42063, 46.35106 ], [ 1.41768, 46.34958 ], [ 1.41675, 46.34719 ], [ 1.41519, 46.34722 ], [ 1.41079, 46.34992 ], [ 1.40996, 46.35324 ], [ 1.41037, 46.35523 ], [ 1.40905, 46.35657 ], [ 1.40903, 46.36134 ], [ 1.40561, 46.36396 ], [ 1.40255, 46.36452 ], [ 1.40055, 46.36748 ], [ 1.39469, 46.36761 ], [ 1.3948, 46.36877 ], [ 1.39657, 46.3719 ], [ 1.39157, 46.371 ], [ 1.38587, 46.37414 ], [ 1.38353, 46.37476 ], [ 1.37752, 46.38281 ], [ 1.37661, 46.38333 ], [ 1.37317, 46.38654 ], [ 1.36657, 46.39225 ], [ 1.36564, 46.39341 ], [ 1.36255, 46.39563 ], [ 1.36074, 46.39739 ], [ 1.35734, 46.39905 ], [ 1.35602, 46.40012 ], [ 1.35135, 46.40022 ], [ 1.34825, 46.3988 ], [ 1.34659, 46.40085 ], [ 1.34468, 46.4016 ], [ 1.34119, 46.40021 ], [ 1.33805, 46.39816 ], [ 1.33364, 46.39763 ], [ 1.32671, 46.39568 ], [ 1.32546, 46.39644 ], [ 1.32365, 46.39606 ], [ 1.31604, 46.39595 ], [ 1.31321, 46.39493 ], [ 1.31265, 46.39371 ], [ 1.3126, 46.39272 ], [ 1.31559, 46.39229 ], [ 1.31877, 46.39268 ], [ 1.31945, 46.39094 ], [ 1.32214, 46.38979 ], [ 1.32282, 46.38844 ], [ 1.32212, 46.38741 ], [ 1.32281, 46.38548 ], [ 1.32048, 46.38163 ], [ 1.31761, 46.38223 ], [ 1.31488, 46.38208 ], [ 1.31114, 46.38353 ], [ 1.30796, 46.37986 ], [ 1.30752, 46.37886 ], [ 1.31126, 46.37755 ], [ 1.31516, 46.37385 ], [ 1.31225, 46.37292 ], [ 1.30894, 46.37271 ], [ 1.3074, 46.37189 ], [ 1.30306, 46.37099 ], [ 1.30206, 46.37251 ], [ 1.29854, 46.37284 ], [ 1.29566, 46.37398 ], [ 1.29181, 46.37481 ], [ 1.29, 46.37456 ], [ 1.28302, 46.3722 ], [ 1.28248, 46.37333 ], [ 1.27955, 46.37649 ], [ 1.26897, 46.37635 ], [ 1.2604, 46.37878 ], [ 1.25095, 46.37703 ], [ 1.24948, 46.37571 ], [ 1.24511, 46.37324 ], [ 1.24243, 46.37047 ], [ 1.24087, 46.36758 ], [ 1.23816, 46.3662 ], [ 1.23737, 46.36713 ], [ 1.23348, 46.36625 ], [ 1.23066, 46.36779 ], [ 1.22907, 46.36629 ], [ 1.22495, 46.36674 ], [ 1.22368, 46.36907 ], [ 1.22128, 46.3686 ], [ 1.21964, 46.36598 ], [ 1.21644, 46.36743 ], [ 1.21661, 46.36841 ], [ 1.21414, 46.37114 ], [ 1.2135, 46.37397 ], [ 1.21158, 46.37894 ], [ 1.21432, 46.38166 ], [ 1.21612, 46.38263 ], [ 1.21466, 46.38706 ], [ 1.21295, 46.38799 ], [ 1.20973, 46.38976 ], [ 1.20554, 46.38815 ], [ 1.20312, 46.38574 ], [ 1.19774, 46.382 ], [ 1.19559, 46.38152 ], [ 1.19426, 46.38029 ], [ 1.19166, 46.38005 ], [ 1.19142, 46.37914 ], [ 1.19289, 46.3774 ], [ 1.19154, 46.37676 ], [ 1.18855, 46.37659 ], [ 1.18599, 46.37797 ], [ 1.18219, 46.37608 ], [ 1.18037, 46.37903 ], [ 1.18062, 46.37971 ], [ 1.17914, 46.38253 ], [ 1.17728, 46.38395 ], [ 1.19068, 46.39592 ], [ 1.19682, 46.40129 ], [ 1.19278, 46.40448 ], [ 1.19226, 46.40731 ], [ 1.19319, 46.4098 ], [ 1.19652, 46.41176 ], [ 1.19764, 46.41412 ], [ 1.19986, 46.4172 ], [ 1.20458, 46.42188 ], [ 1.2064, 46.42195 ], [ 1.20685, 46.42514 ], [ 1.21099, 46.42937 ], [ 1.21307, 46.43307 ], [ 1.21183, 46.43257 ], [ 1.20993, 46.43385 ], [ 1.20717, 46.43459 ], [ 1.20386, 46.4346 ], [ 1.2025, 46.43401 ], [ 1.20063, 46.43101 ], [ 1.19849, 46.43149 ], [ 1.19589, 46.42926 ], [ 1.1935, 46.42865 ], [ 1.18649, 46.42813 ], [ 1.1834, 46.42923 ], [ 1.18413, 46.43148 ], [ 1.18596, 46.43501 ], [ 1.18609, 46.43758 ], [ 1.18685, 46.43986 ], [ 1.18602, 46.44109 ], [ 1.184, 46.44138 ], [ 1.18111, 46.44257 ], [ 1.176, 46.44404 ], [ 1.17358, 46.44446 ], [ 1.16852, 46.44635 ], [ 1.16077, 46.44708 ], [ 1.15736, 46.44772 ], [ 1.15667, 46.44695 ], [ 1.15182, 46.4487 ], [ 1.15047, 46.45093 ], [ 1.14537, 46.45772 ], [ 1.13639, 46.46932 ], [ 1.13551, 46.47089 ], [ 1.14144, 46.47081 ], [ 1.14483, 46.4704 ], [ 1.15194, 46.47011 ], [ 1.15371, 46.46941 ], [ 1.15747, 46.46999 ], [ 1.15298, 46.47296 ], [ 1.14938, 46.47692 ], [ 1.1416, 46.48435 ], [ 1.13945, 46.4869 ], [ 1.13652, 46.49307 ], [ 1.13341, 46.49763 ], [ 1.13557, 46.49797 ], [ 1.13942, 46.49697 ], [ 1.14131, 46.49749 ], [ 1.14406, 46.4995 ], [ 1.14914, 46.5022 ], [ 1.14594, 46.5064 ], [ 1.13546, 46.51412 ], [ 1.12372, 46.52232 ], [ 1.11716, 46.52526 ], [ 1.11116, 46.52858 ], [ 1.10829, 46.53151 ], [ 1.10407, 46.53349 ], [ 1.09828, 46.53554 ], [ 1.09133, 46.53767 ], [ 1.08759, 46.53817 ], [ 1.07828, 46.53514 ], [ 1.07575, 46.53709 ], [ 1.07179, 46.53705 ], [ 1.06981, 46.53748 ], [ 1.06821, 46.53881 ], [ 1.06654, 46.53812 ], [ 1.06572, 46.53986 ], [ 1.05411, 46.53717 ], [ 1.05306, 46.53779 ], [ 1.05069, 46.53582 ], [ 1.04551, 46.53671 ], [ 1.04265, 46.53676 ], [ 1.03839, 46.53757 ], [ 1.03789, 46.53675 ], [ 1.03384, 46.53671 ], [ 1.03319, 46.53711 ], [ 1.02454, 46.53593 ], [ 1.02291, 46.53591 ], [ 1.02041, 46.53714 ], [ 1.01998, 46.54109 ], [ 1.02098, 46.54313 ], [ 1.02494, 46.54948 ], [ 1.02306, 46.55157 ], [ 1.01998, 46.55733 ], [ 1.01905, 46.56048 ], [ 1.01936, 46.56381 ], [ 1.01809, 46.56533 ], [ 1.01476, 46.56776 ], [ 1.0052, 46.5672 ], [ 1.00239, 46.56731 ], [ 0.99701, 46.56566 ], [ 0.99374, 46.56621 ], [ 0.98932, 46.56539 ], [ 0.98724, 46.56556 ], [ 0.98635, 46.56693 ], [ 0.98358, 46.56689 ], [ 0.98581, 46.56985 ], [ 0.98521, 46.57097 ], [ 0.98309, 46.57166 ], [ 0.98201, 46.57327 ], [ 0.97875, 46.57319 ], [ 0.9769, 46.57411 ], [ 0.97363, 46.57461 ], [ 0.97052, 46.57354 ], [ 0.96585, 46.5724 ], [ 0.96367, 46.57107 ], [ 0.95874, 46.5751 ], [ 0.95749, 46.57806 ], [ 0.95481, 46.5783 ], [ 0.95388, 46.57896 ], [ 0.95168, 46.57835 ], [ 0.94873, 46.57849 ], [ 0.94635, 46.58013 ], [ 0.94405, 46.58077 ], [ 0.94137, 46.58088 ], [ 0.93975, 46.58275 ], [ 0.93785, 46.58587 ], [ 0.93529, 46.58634 ], [ 0.93473, 46.58772 ], [ 0.93665, 46.58914 ], [ 0.93776, 46.59442 ], [ 0.92235, 46.59459 ], [ 0.9195, 46.59589 ], [ 0.91587, 46.59663 ], [ 0.91602, 46.5993 ], [ 0.91363, 46.60066 ], [ 0.91055, 46.60179 ], [ 0.91129, 46.60327 ], [ 0.90851, 46.60463 ], [ 0.90732, 46.60754 ], [ 0.90862, 46.60792 ], [ 0.90935, 46.60964 ], [ 0.90858, 46.61169 ], [ 0.90845, 46.61408 ], [ 0.90453, 46.61434 ], [ 0.9051, 46.61755 ], [ 0.90643, 46.61914 ], [ 0.90406, 46.61983 ], [ 0.89929, 46.62211 ], [ 0.89874, 46.62322 ], [ 0.8958, 46.6258 ], [ 0.8943, 46.62574 ], [ 0.89367, 46.62766 ], [ 0.89552, 46.63182 ], [ 0.89891, 46.63663 ], [ 0.90374, 46.6416 ], [ 0.90812, 46.64418 ], [ 0.90643, 46.6486 ], [ 0.90872, 46.64855 ], [ 0.91255, 46.64962 ], [ 0.91775, 46.65059 ], [ 0.91654, 46.6518 ], [ 0.91616, 46.65377 ], [ 0.91324, 46.65796 ], [ 0.90928, 46.662 ], [ 0.90671, 46.66557 ], [ 0.90734, 46.66644 ], [ 0.91127, 46.67062 ], [ 0.91203, 46.67419 ], [ 0.91071, 46.67718 ], [ 0.90657, 46.67835 ], [ 0.90226, 46.67767 ], [ 0.90266, 46.68001 ], [ 0.9044, 46.68138 ], [ 0.90755, 46.68304 ], [ 0.90953, 46.68226 ], [ 0.91436, 46.68767 ], [ 0.91672, 46.68999 ], [ 0.91891, 46.69119 ], [ 0.92377, 46.69282 ], [ 0.9262, 46.69236 ], [ 0.92789, 46.69265 ], [ 0.92796, 46.69539 ], [ 0.92517, 46.69919 ], [ 0.92481, 46.70022 ], [ 0.92188, 46.70251 ], [ 0.91682, 46.70866 ], [ 0.91357, 46.71047 ], [ 0.9132, 46.71416 ], [ 0.91414, 46.71583 ], [ 0.90805, 46.71876 ], [ 0.91212, 46.72318 ], [ 0.91323, 46.72571 ], [ 0.91095, 46.72767 ], [ 0.90893, 46.72715 ], [ 0.90283, 46.7304 ], [ 0.90204, 46.73296 ], [ 0.90182, 46.73623 ], [ 0.89662, 46.73509 ], [ 0.8954, 46.73696 ], [ 0.89167, 46.73703 ], [ 0.88778, 46.7379 ], [ 0.88506, 46.7394 ], [ 0.88416, 46.73866 ], [ 0.87865, 46.73864 ], [ 0.87833, 46.74112 ], [ 0.87744, 46.74263 ], [ 0.87471, 46.74435 ], [ 0.86997, 46.74537 ], [ 0.86747, 46.74822 ], [ 0.86495, 46.75201 ], [ 0.85974, 46.75572 ], [ 0.85869, 46.75827 ], [ 0.85902, 46.76039 ], [ 0.85678, 46.76063 ], [ 0.85484, 46.76002 ], [ 0.85222, 46.75994 ], [ 0.84788, 46.7607 ], [ 0.84327, 46.76383 ], [ 0.84288, 46.76643 ], [ 0.8418, 46.76773 ], [ 0.83702, 46.76992 ], [ 0.83561, 46.77129 ], [ 0.83382, 46.77437 ], [ 0.83065, 46.77536 ], [ 0.82798, 46.77682 ], [ 0.82743, 46.77825 ], [ 0.82855, 46.78267 ], [ 0.82966, 46.78489 ], [ 0.82804, 46.7868 ], [ 0.82421, 46.78779 ], [ 0.81628, 46.78777 ], [ 0.81502, 46.78851 ], [ 0.81325, 46.7911 ], [ 0.8119, 46.79451 ], [ 0.81166, 46.79639 ], [ 0.8121, 46.79901 ], [ 0.81357, 46.8006 ], [ 0.8155, 46.80162 ], [ 0.81709, 46.80348 ], [ 0.81646, 46.80487 ], [ 0.81327, 46.80649 ], [ 0.81006, 46.80856 ], [ 0.81016, 46.81419 ], [ 0.80986, 46.8159 ], [ 0.80896, 46.81953 ], [ 0.80896, 46.82209 ], [ 0.80957, 46.82633 ], [ 0.80932, 46.82786 ], [ 0.80522, 46.83131 ], [ 0.8008, 46.83206 ], [ 0.79767, 46.83192 ], [ 0.79509, 46.83252 ], [ 0.7908, 46.83557 ], [ 0.78743, 46.83903 ], [ 0.7868, 46.84046 ], [ 0.78709, 46.84425 ], [ 0.78837, 46.84508 ], [ 0.79484, 46.84602 ], [ 0.79664, 46.84734 ], [ 0.79558, 46.85021 ], [ 0.79384, 46.85122 ], [ 0.79033, 46.85239 ], [ 0.78698, 46.85234 ], [ 0.78237, 46.8512 ], [ 0.77442, 46.85127 ], [ 0.7688, 46.85075 ], [ 0.76747, 46.85145 ], [ 0.76636, 46.85585 ], [ 0.76832, 46.85821 ], [ 0.77021, 46.85896 ], [ 0.77199, 46.86064 ], [ 0.77247, 46.86232 ], [ 0.77002, 46.86511 ], [ 0.76711, 46.8658 ], [ 0.76503, 46.8654 ], [ 0.762, 46.86379 ], [ 0.75686, 46.85999 ], [ 0.75405, 46.85963 ], [ 0.75211, 46.86087 ], [ 0.75186, 46.86253 ], [ 0.75031, 46.86399 ], [ 0.7498, 46.86569 ], [ 0.74733, 46.86939 ], [ 0.74352, 46.87159 ], [ 0.73757, 46.87349 ], [ 0.73368, 46.87604 ], [ 0.73253, 46.87755 ], [ 0.73194, 46.8798 ], [ 0.72947, 46.88318 ], [ 0.72674, 46.88674 ], [ 0.72219, 46.88947 ], [ 0.72091, 46.89075 ], [ 0.71283, 46.89771 ], [ 0.70648, 46.90139 ], [ 0.70432, 46.90329 ], [ 0.70373, 46.90549 ], [ 0.70374, 46.90936 ], [ 0.70458, 46.91203 ], [ 0.70641, 46.91422 ], [ 0.70816, 46.91523 ], [ 0.70893, 46.91812 ], [ 0.70779, 46.92116 ], [ 0.70577, 46.92244 ], [ 0.70317, 46.92582 ], [ 0.70357, 46.93006 ], [ 0.7047, 46.93196 ], [ 0.70621, 46.93621 ], [ 0.70505, 46.93975 ], [ 0.70438, 46.94433 ], [ 0.70166, 46.94996 ], [ 0.69737, 46.9548 ], [ 0.69618, 46.95681 ], [ 0.69598, 46.95937 ], [ 0.69518, 46.96224 ], [ 0.69457, 46.96471 ], [ 0.6955, 46.96864 ], [ 0.69372, 46.9732 ], [ 0.69257, 46.97431 ], [ 0.68216, 46.97708 ], [ 0.67893, 46.97753 ], [ 0.67249, 46.9773 ], [ 0.66641, 46.9782 ], [ 0.66163, 46.97809 ], [ 0.65858, 46.9798 ], [ 0.65757, 46.9814 ], [ 0.65722, 46.98437 ], [ 0.65646, 46.98543 ], [ 0.65413, 46.98635 ], [ 0.64769, 46.98827 ], [ 0.64532, 46.98838 ], [ 0.64123, 46.9871 ], [ 0.63779, 46.98525 ], [ 0.63621, 46.98545 ], [ 0.63027, 46.98833 ], [ 0.62772, 46.98996 ], [ 0.6268, 46.99201 ], [ 0.62398, 46.99369 ], [ 0.62202, 46.99555 ], [ 0.62124, 46.99711 ], [ 0.62189, 46.99941 ], [ 0.62388, 47.00286 ], [ 0.62385, 47.00394 ], [ 0.62189, 47.00576 ], [ 0.61887, 47.00746 ], [ 0.61333, 47.00801 ], [ 0.60556, 47.00637 ], [ 0.60116, 47.00608 ], [ 0.59575, 47.00658 ], [ 0.59056, 47.00672 ], [ 0.58557, 47.00607 ], [ 0.58315, 47.00607 ], [ 0.57635, 47.00453 ], [ 0.57246, 47.00483 ], [ 0.56774, 47.00629 ], [ 0.56695, 47.00254 ], [ 0.56735, 47.00012 ], [ 0.57112, 46.99775 ], [ 0.57369, 46.99553 ], [ 0.57445, 46.99289 ], [ 0.5731, 46.98931 ], [ 0.57267, 46.98661 ], [ 0.57368, 46.98339 ], [ 0.57834, 46.97981 ], [ 0.58153, 46.97896 ], [ 0.58527, 46.97915 ], [ 0.59081, 46.97833 ], [ 0.59354, 46.97762 ], [ 0.59747, 46.97587 ], [ 0.60118, 46.97309 ], [ 0.60169, 46.97139 ], [ 0.60114, 46.96801 ], [ 0.60166, 46.96392 ], [ 0.6017, 46.95889 ], [ 0.60011, 46.95742 ], [ 0.59835, 46.95676 ], [ 0.59519, 46.95685 ], [ 0.59389, 46.95638 ], [ 0.58755, 46.95719 ], [ 0.58515, 46.95661 ], [ 0.58069, 46.95618 ], [ 0.57391, 46.9567 ], [ 0.56941, 46.95546 ], [ 0.56442, 46.95553 ], [ 0.5576, 46.95695 ], [ 0.5542, 46.95848 ], [ 0.55002, 46.95953 ], [ 0.54336, 46.96042 ], [ 0.53929, 46.96022 ], [ 0.53184, 46.95695 ], [ 0.52775, 46.95577 ], [ 0.52155, 46.95841 ], [ 0.51986, 46.95757 ], [ 0.51343, 46.95559 ], [ 0.51209, 46.95641 ], [ 0.50916, 46.95709 ], [ 0.50519, 46.9599 ], [ 0.50065, 46.95633 ], [ 0.49508, 46.95614 ], [ 0.49129, 46.95532 ], [ 0.48783, 46.95459 ], [ 0.48318, 46.95226 ], [ 0.47662, 46.94986 ], [ 0.47057, 46.94814 ], [ 0.4602, 46.94608 ], [ 0.45784, 46.94596 ], [ 0.45369, 46.94274 ], [ 0.45109, 46.94179 ], [ 0.4448, 46.94115 ], [ 0.44296, 46.93559 ], [ 0.44012, 46.93069 ], [ 0.43871, 46.92958 ], [ 0.43388, 46.93238 ], [ 0.43291, 46.93182 ], [ 0.42928, 46.93243 ], [ 0.42607, 46.934 ], [ 0.42435, 46.93433 ], [ 0.41898, 46.93748 ], [ 0.41604, 46.93735 ], [ 0.41245, 46.93638 ], [ 0.40667, 46.93665 ], [ 0.40536, 46.93613 ], [ 0.40168, 46.93796 ], [ 0.38782, 46.94371 ], [ 0.38701, 46.94217 ], [ 0.38075, 46.94462 ], [ 0.37944, 46.9446 ], [ 0.37589, 46.94647 ], [ 0.37283, 46.94732 ], [ 0.37095, 46.94842 ], [ 0.36652, 46.94956 ], [ 0.3622, 46.94705 ], [ 0.36052, 46.9481 ], [ 0.35252, 46.9422 ], [ 0.35177, 46.93967 ], [ 0.34807, 46.93637 ], [ 0.34116, 46.93679 ], [ 0.33505, 46.9351 ], [ 0.33033, 46.93313 ], [ 0.32585, 46.93175 ], [ 0.32383, 46.93145 ], [ 0.32068, 46.93278 ], [ 0.318, 46.9344 ], [ 0.31123, 46.93784 ], [ 0.31007, 46.94079 ], [ 0.30897, 46.94221 ], [ 0.30738, 46.94596 ], [ 0.30767, 46.94844 ], [ 0.30534, 46.9511 ], [ 0.30564, 46.95357 ], [ 0.30203, 46.95532 ], [ 0.30189, 46.95729 ], [ 0.30461, 46.96008 ], [ 0.30787, 46.9628 ], [ 0.30508, 46.96517 ], [ 0.3009, 46.96794 ], [ 0.30145, 46.96902 ], [ 0.30067, 46.9705 ], [ 0.29821, 46.97126 ], [ 0.29907, 46.97272 ], [ 0.30074, 46.97383 ], [ 0.30457, 46.97507 ], [ 0.30804, 46.97738 ], [ 0.30655, 46.97992 ], [ 0.30293, 46.98188 ], [ 0.30572, 46.98481 ], [ 0.30371, 46.98581 ], [ 0.30179, 46.98442 ], [ 0.29806, 46.98359 ], [ 0.296, 46.98617 ], [ 0.29187, 46.98924 ], [ 0.29144, 46.99027 ], [ 0.29696, 46.99005 ], [ 0.30405, 46.99058 ], [ 0.305, 46.99492 ], [ 0.3116, 46.99625 ], [ 0.31297, 46.99803 ], [ 0.30818, 46.99993 ], [ 0.30497, 47.00261 ], [ 0.304, 47.00566 ], [ 0.30535, 47.00658 ], [ 0.30703, 47.01097 ], [ 0.30559, 47.01086 ], [ 0.30467, 47.01413 ], [ 0.3026, 47.01499 ], [ 0.29867, 47.0196 ], [ 0.30225, 47.02259 ], [ 0.30544, 47.02166 ], [ 0.30659, 47.02424 ], [ 0.31029, 47.02574 ], [ 0.30994, 47.02803 ], [ 0.30958, 47.03064 ], [ 0.30665, 47.03507 ], [ 0.30573, 47.03837 ], [ 0.30933, 47.04413 ], [ 0.30893, 47.04602 ], [ 0.30698, 47.04873 ], [ 0.30538, 47.0527 ], [ 0.30242, 47.05301 ], [ 0.29843, 47.05397 ], [ 0.29555, 47.05167 ], [ 0.29306, 47.05293 ], [ 0.29167, 47.05142 ], [ 0.28793, 47.04964 ], [ 0.28608, 47.0479 ], [ 0.2845, 47.04783 ], [ 0.27951, 47.04594 ], [ 0.27185, 47.04639 ], [ 0.27169, 47.04548 ], [ 0.26961, 47.04334 ], [ 0.26817, 47.04282 ], [ 0.26724, 47.04496 ], [ 0.26422, 47.04643 ], [ 0.26677, 47.04868 ], [ 0.26632, 47.05192 ], [ 0.26515, 47.05473 ], [ 0.26187, 47.05431 ], [ 0.25999, 47.05558 ], [ 0.26556, 47.06117 ], [ 0.26453, 47.06223 ], [ 0.26794, 47.06612 ], [ 0.26762, 47.0675 ], [ 0.26106, 47.07022 ], [ 0.25999, 47.06895 ], [ 0.25688, 47.06934 ], [ 0.24554, 47.07129 ], [ 0.24115, 47.0708 ], [ 0.23916, 47.06767 ], [ 0.23516, 47.06916 ], [ 0.2345, 47.06758 ], [ 0.23282, 47.06656 ], [ 0.23324, 47.06405 ], [ 0.22979, 47.06317 ], [ 0.22773, 47.06044 ], [ 0.22627, 47.06073 ], [ 0.215, 47.05601 ], [ 0.21381, 47.05424 ], [ 0.2082, 47.05324 ], [ 0.20619, 47.05558 ], [ 0.20406, 47.05635 ], [ 0.2006, 47.05867 ], [ 0.20069, 47.05971 ], [ 0.19882, 47.06049 ], [ 0.19739, 47.0628 ], [ 0.19224, 47.0654 ], [ 0.18932, 47.06081 ], [ 0.18789, 47.06042 ], [ 0.18471, 47.06072 ], [ 0.17997, 47.05919 ], [ 0.1757, 47.06073 ], [ 0.17644, 47.06192 ], [ 0.17686, 47.06471 ], [ 0.17401, 47.06682 ], [ 0.17363, 47.06803 ], [ 0.17422, 47.07128 ], [ 0.17554, 47.07278 ], [ 0.17843, 47.07477 ], [ 0.18085, 47.07693 ], [ 0.18214, 47.07898 ], [ 0.18429, 47.07939 ], [ 0.18709, 47.08223 ], [ 0.18888, 47.08204 ], [ 0.19105, 47.08356 ], [ 0.19276, 47.08368 ], [ 0.19447, 47.08678 ], [ 0.19859, 47.08933 ], [ 0.20095, 47.09139 ], [ 0.1966, 47.09477 ], [ 0.19486, 47.09564 ], [ 0.19385, 47.09774 ], [ 0.19181, 47.09914 ], [ 0.18711, 47.10126 ], [ 0.18653, 47.10417 ], [ 0.18453, 47.10481 ], [ 0.18509, 47.10586 ], [ 0.18486, 47.10824 ], [ 0.1857, 47.10925 ], [ 0.18316, 47.11438 ], [ 0.18169, 47.11536 ], [ 0.18151, 47.11379 ], [ 0.17663, 47.11299 ], [ 0.17369, 47.11213 ], [ 0.17036, 47.10963 ], [ 0.16598, 47.10716 ], [ 0.16353, 47.10424 ], [ 0.16256, 47.10071 ], [ 0.16192, 47.10011 ], [ 0.16033, 47.10202 ], [ 0.15298, 47.10444 ], [ 0.14591, 47.10489 ], [ 0.14645, 47.10616 ], [ 0.13908, 47.10602 ], [ 0.13628, 47.10687 ], [ 0.13472, 47.10787 ], [ 0.13398, 47.10998 ], [ 0.13412, 47.11448 ], [ 0.13343, 47.115 ], [ 0.13694, 47.118 ], [ 0.14068, 47.12459 ], [ 0.13814, 47.12243 ], [ 0.13502, 47.12129 ], [ 0.12716, 47.11997 ], [ 0.12576, 47.12228 ], [ 0.12603, 47.12332 ], [ 0.12372, 47.12832 ], [ 0.11924, 47.12846 ], [ 0.11782, 47.12937 ], [ 0.11498, 47.12927 ], [ 0.11106, 47.12857 ], [ 0.11118, 47.13028 ], [ 0.10709, 47.12871 ], [ 0.10771, 47.12508 ], [ 0.10462, 47.1248 ], [ 0.10426, 47.12399 ], [ 0.10472, 47.1208 ], [ 0.09714, 47.12055 ], [ 0.09693, 47.12118 ], [ 0.09293, 47.12214 ], [ 0.09009, 47.12218 ], [ 0.08705, 47.12077 ], [ 0.0841, 47.11842 ], [ 0.08135, 47.11854 ], [ 0.07962, 47.12017 ], [ 0.07963, 47.12314 ], [ 0.07637, 47.12393 ], [ 0.07903, 47.12966 ], [ 0.0802, 47.12999 ], [ 0.08132, 47.13181 ], [ 0.08198, 47.13646 ], [ 0.07956, 47.13907 ], [ 0.07981, 47.14115 ], [ 0.07839, 47.14633 ], [ 0.0656, 47.14306 ], [ 0.06613, 47.1447 ], [ 0.06554, 47.14775 ], [ 0.0629, 47.14779 ], [ 0.06155, 47.15492 ], [ 0.05857, 47.15647 ], [ 0.05722, 47.15892 ], [ 0.05502, 47.16051 ], [ 0.05358, 47.16056 ], [ 0.05383, 47.16373 ], [ 0.05252, 47.16683 ], [ 0.0501, 47.16787 ], [ 0.0492, 47.16889 ], [ 0.04642, 47.16605 ], [ 0.04506, 47.1653 ], [ 0.04025, 47.1639 ], [ 0.03664, 47.16035 ], [ 0.0252, 47.17016 ], [ 0.01901, 47.17576 ], [ 0.01255, 47.17135 ], [ 0.0105, 47.16965 ], [ 0.00838, 47.16925 ], [ 0.00573, 47.16734 ], [ 0.00105, 47.1654 ], [ -0.00003, 47.16444 ], [ -0.00441, 47.16219 ], [ -0.00787, 47.15985 ], [ -0.01218, 47.15595 ], [ -0.01511, 47.15194 ], [ -0.01858, 47.14821 ], [ -0.02161, 47.14361 ], [ -0.03165, 47.13067 ], [ -0.03263, 47.12871 ], [ -0.03596, 47.12509 ], [ -0.03573, 47.1201 ], [ -0.03444, 47.12062 ], [ -0.03667, 47.11733 ], [ -0.04098, 47.11355 ], [ -0.03966, 47.1121 ], [ -0.0391, 47.10959 ], [ -0.03941, 47.10787 ], [ -0.03269, 47.10648 ], [ -0.0266, 47.10588 ], [ -0.02745, 47.09962 ], [ -0.02924, 47.09526 ], [ -0.03185, 47.09174 ], [ -0.034, 47.08985 ], [ -0.03532, 47.08672 ], [ -0.03959, 47.08659 ], [ -0.04094, 47.08727 ], [ -0.04013, 47.08973 ], [ -0.04155, 47.09365 ], [ -0.04417, 47.09324 ], [ -0.05697, 47.09496 ], [ -0.06066, 47.09515 ], [ -0.06385, 47.09414 ], [ -0.06776, 47.09338 ], [ -0.06924, 47.0938 ], [ -0.06914, 47.09605 ], [ -0.06738, 47.09941 ], [ -0.07196, 47.09882 ], [ -0.07447, 47.09904 ], [ -0.07842, 47.09882 ], [ -0.08291, 47.099 ], [ -0.0859, 47.10101 ], [ -0.09035, 47.09758 ], [ -0.09537, 47.0946 ], [ -0.09713, 47.09155 ], [ -0.09806, 47.09135 ], [ -0.10141, 47.08551 ], [ -0.10065, 47.08459 ], [ -0.10151, 47.08327 ], [ -0.09976, 47.08105 ], [ -0.09997, 47.07852 ], [ -0.10333, 47.07702 ], [ -0.10338, 47.07531 ], [ -0.10199, 47.07218 ], [ -0.10516, 47.07112 ], [ -0.10212, 47.0648 ], [ -0.10303, 47.06483 ], [ -0.10797, 47.06328 ], [ -0.1116, 47.06172 ], [ -0.11474, 47.0613 ], [ -0.11959, 47.05943 ], [ -0.12297, 47.05571 ], [ -0.12522, 47.0558 ], [ -0.1289, 47.05424 ], [ -0.13717, 47.05658 ], [ -0.13556, 47.05891 ], [ -0.13853, 47.06047 ], [ -0.13665, 47.06384 ], [ -0.13771, 47.06413 ], [ -0.13911, 47.06622 ], [ -0.14443, 47.0683 ], [ -0.14714, 47.06838 ], [ -0.14732, 47.06968 ], [ -0.14998, 47.07035 ], [ -0.15219, 47.06949 ], [ -0.15475, 47.07069 ], [ -0.15599, 47.06918 ], [ -0.15752, 47.07 ], [ -0.16212, 47.0664 ], [ -0.16598, 47.0646 ], [ -0.16921, 47.06579 ], [ -0.17314, 47.06673 ], [ -0.17475, 47.06751 ], [ -0.17902, 47.07017 ], [ -0.17503, 47.07331 ], [ -0.17034, 47.07737 ], [ -0.1679, 47.08013 ], [ -0.163, 47.08379 ], [ -0.15947, 47.08594 ], [ -0.15686, 47.0864 ], [ -0.15232, 47.08807 ], [ -0.14556, 47.09136 ], [ -0.1437, 47.09379 ], [ -0.14055, 47.09705 ], [ -0.14125, 47.10366 ], [ -0.14485, 47.10312 ], [ -0.15212, 47.10085 ], [ -0.15631, 47.10144 ], [ -0.15993, 47.10276 ], [ -0.16492, 47.10373 ], [ -0.16683, 47.10378 ], [ -0.17202, 47.10488 ], [ -0.17593, 47.10673 ], [ -0.17955, 47.108 ], [ -0.1831, 47.10797 ], [ -0.18524, 47.10842 ], [ -0.18475, 47.10667 ], [ -0.18698, 47.10644 ], [ -0.18765, 47.1049 ], [ -0.18644, 47.10326 ], [ -0.18707, 47.10113 ], [ -0.19068, 47.09929 ], [ -0.19652, 47.09745 ], [ -0.19929, 47.09735 ], [ -0.20226, 47.09612 ], [ -0.20324, 47.09457 ], [ -0.20627, 47.09319 ], [ -0.20735, 47.09523 ], [ -0.21044, 47.09661 ], [ -0.21477, 47.09728 ], [ -0.21595, 47.09869 ], [ -0.2185, 47.09828 ], [ -0.22274, 47.10007 ], [ -0.22824, 47.09941 ], [ -0.22993, 47.10005 ], [ -0.23091, 47.10151 ], [ -0.23225, 47.10184 ], [ -0.23458, 47.10363 ], [ -0.24074, 47.1057 ], [ -0.2458, 47.10554 ], [ -0.24988, 47.10379 ], [ -0.25526, 47.10061 ], [ -0.25977, 47.09991 ], [ -0.2627, 47.09913 ], [ -0.26317, 47.1033 ], [ -0.26288, 47.10548 ], [ -0.2655, 47.10523 ], [ -0.26522, 47.10339 ], [ -0.26732, 47.10353 ], [ -0.26738, 47.10177 ], [ -0.26859, 47.10116 ], [ -0.27253, 47.10057 ], [ -0.27786, 47.10055 ], [ -0.2815, 47.09947 ], [ -0.28274, 47.10326 ], [ -0.28793, 47.10144 ], [ -0.29101, 47.10106 ], [ -0.29588, 47.09964 ], [ -0.30078, 47.09889 ], [ -0.30475, 47.09764 ], [ -0.30626, 47.09625 ], [ -0.30819, 47.09557 ], [ -0.30898, 47.09403 ], [ -0.31264, 47.09205 ], [ -0.31425, 47.09134 ], [ -0.32069, 47.09105 ], [ -0.33569, 47.08792 ], [ -0.34014, 47.08727 ], [ -0.34198, 47.08845 ], [ -0.34088, 47.09202 ], [ -0.35012, 47.09157 ], [ -0.3501, 47.09276 ], [ -0.35347, 47.09533 ], [ -0.35685, 47.09463 ], [ -0.35911, 47.09354 ], [ -0.36354, 47.09246 ], [ -0.36585, 47.09266 ], [ -0.36691, 47.09151 ], [ -0.36891, 47.09177 ], [ -0.37068, 47.09039 ], [ -0.37719, 47.08884 ], [ -0.38085, 47.08942 ], [ -0.38346, 47.0877 ], [ -0.38614, 47.08737 ], [ -0.38714, 47.09 ], [ -0.38706, 47.09239 ], [ -0.39592, 47.09159 ], [ -0.39639, 47.08424 ], [ -0.39746, 47.08062 ], [ -0.39973, 47.07592 ], [ -0.40078, 47.07077 ], [ -0.40274, 47.06906 ], [ -0.40685, 47.06702 ], [ -0.40932, 47.06629 ], [ -0.41568, 47.0696 ], [ -0.4179, 47.07189 ], [ -0.423, 47.06984 ], [ -0.42585, 47.07273 ], [ -0.42855, 47.07272 ], [ -0.43522, 47.07044 ], [ -0.43582, 47.0707 ], [ -0.44082, 47.06783 ], [ -0.44613, 47.06756 ], [ -0.45024, 47.06783 ], [ -0.45317, 47.06731 ], [ -0.45569, 47.06755 ], [ -0.45799, 47.06877 ], [ -0.46426, 47.06758 ], [ -0.46784, 47.0642 ], [ -0.47031, 47.0613 ], [ -0.47191, 47.05785 ], [ -0.47256, 47.05769 ], [ -0.47634, 47.05436 ], [ -0.48038, 47.05363 ], [ -0.48153, 47.05667 ], [ -0.48272, 47.05798 ], [ -0.48472, 47.06226 ], [ -0.48554, 47.06521 ], [ -0.48161, 47.0694 ], [ -0.47746, 47.07189 ], [ -0.47163, 47.07275 ], [ -0.46984, 47.0736 ], [ -0.46817, 47.07324 ], [ -0.4643, 47.07435 ], [ -0.46397, 47.07608 ], [ -0.4623, 47.07698 ], [ -0.45891, 47.08013 ], [ -0.45956, 47.08241 ], [ -0.46335, 47.08186 ], [ -0.46601, 47.08239 ], [ -0.4682, 47.08386 ], [ -0.4697, 47.0836 ], [ -0.47343, 47.08176 ], [ -0.47528, 47.08306 ], [ -0.47844, 47.08195 ], [ -0.48337, 47.08147 ], [ -0.48489, 47.08179 ], [ -0.48769, 47.08105 ], [ -0.48923, 47.08154 ], [ -0.49109, 47.08312 ], [ -0.49445, 47.08309 ], [ -0.49637, 47.08196 ], [ -0.50027, 47.08105 ], [ -0.50584, 47.07916 ], [ -0.50763, 47.0792 ], [ -0.50934, 47.07817 ], [ -0.51346, 47.07744 ], [ -0.51513, 47.07794 ], [ -0.51667, 47.07709 ], [ -0.52507, 47.07405 ], [ -0.52861, 47.07373 ], [ -0.53473, 47.07223 ], [ -0.53934, 47.07 ], [ -0.54492, 47.06806 ], [ -0.5464, 47.06636 ], [ -0.55075, 47.06517 ], [ -0.5573, 47.06437 ], [ -0.55972, 47.0617 ], [ -0.55709, 47.06059 ], [ -0.55415, 47.05752 ], [ -0.55816, 47.05612 ], [ -0.55827, 47.05323 ], [ -0.55558, 47.04353 ], [ -0.55573, 47.04258 ], [ -0.55126, 47.04157 ], [ -0.54849, 47.04043 ], [ -0.54676, 47.03871 ], [ -0.54425, 47.03746 ], [ -0.54222, 47.03513 ], [ -0.54307, 47.03376 ], [ -0.54253, 47.03234 ], [ -0.54483, 47.0311 ], [ -0.54566, 47.02924 ], [ -0.54771, 47.02959 ], [ -0.55203, 47.02908 ], [ -0.55496, 47.03072 ], [ -0.56226, 47.03066 ], [ -0.56317, 47.02929 ], [ -0.56283, 47.02804 ], [ -0.56398, 47.02608 ], [ -0.56405, 47.02369 ], [ -0.56481, 47.02304 ], [ -0.56451, 47.02111 ], [ -0.56547, 47.01943 ], [ -0.57059, 47.01799 ], [ -0.57487, 47.01788 ], [ -0.58003, 47.01482 ], [ -0.5823, 47.01288 ], [ -0.58396, 47.01211 ], [ -0.58641, 47.00998 ], [ -0.58762, 47.00792 ], [ -0.58725, 47.00613 ], [ -0.58947, 47.00441 ], [ -0.59253, 47.00384 ], [ -0.59503, 47.00269 ], [ -0.59715, 47.00071 ], [ -0.59395, 46.99876 ], [ -0.59549, 46.99791 ], [ -0.59862, 46.99747 ], [ -0.60265, 46.99764 ], [ -0.6062, 46.99656 ], [ -0.61147, 46.99413 ], [ -0.61881, 46.99236 ], [ -0.62018, 46.99336 ], [ -0.62152, 46.99391 ], [ -0.62494, 46.99274 ], [ -0.62499, 46.99454 ], [ -0.62656, 46.9945 ], [ -0.62793, 46.9956 ], [ -0.62728, 46.99687 ], [ -0.6311, 46.99699 ], [ -0.63303, 46.99749 ], [ -0.63512, 46.99599 ], [ -0.63873, 46.99554 ], [ -0.64053, 46.99612 ], [ -0.6455, 46.99212 ], [ -0.64638, 46.99385 ], [ -0.64995, 46.99511 ], [ -0.64786, 46.99652 ], [ -0.65142, 46.99804 ], [ -0.6535, 46.99763 ], [ -0.65675, 46.99912 ], [ -0.65771, 46.9986 ], [ -0.66114, 46.99878 ], [ -0.66207, 46.99782 ], [ -0.66994, 47.0008 ], [ -0.67058, 47.0029 ], [ -0.67619, 47.00188 ], [ -0.67683, 47.0003 ], [ -0.67469, 46.99892 ], [ -0.67541, 46.99652 ], [ -0.68037, 46.99324 ], [ -0.67853, 46.99212 ], [ -0.67768, 46.98997 ], [ -0.68019, 46.98766 ], [ -0.68239, 46.98827 ], [ -0.68658, 46.98794 ], [ -0.68948, 46.9903 ], [ -0.68948, 46.99268 ], [ -0.69396, 46.99288 ], [ -0.69637, 46.9947 ], [ -0.69847, 46.99456 ], [ -0.70156, 46.99223 ], [ -0.704, 46.99225 ], [ -0.70374, 46.99113 ], [ -0.70678, 46.98917 ], [ -0.71159, 46.98697 ], [ -0.71588, 46.98388 ], [ -0.71803, 46.98693 ], [ -0.72345, 46.99206 ], [ -0.72669, 46.99336 ], [ -0.7279, 46.99499 ], [ -0.73239, 46.99744 ], [ -0.73629, 46.99783 ], [ -0.7397, 46.99882 ], [ -0.74337, 47.0007 ], [ -0.74357, 46.99507 ], [ -0.74286, 46.9919 ], [ -0.7475, 46.99137 ], [ -0.7504, 46.99272 ], [ -0.75351, 46.99296 ], [ -0.75642, 46.99211 ], [ -0.76195, 46.99214 ], [ -0.7654, 46.99376 ], [ -0.76525, 46.99466 ], [ -0.76869, 46.9962 ], [ -0.76811, 47.00071 ], [ -0.76934, 47.00293 ], [ -0.77347, 47.00439 ], [ -0.77615, 47.00315 ], [ -0.77955, 47.00415 ], [ -0.78173, 47.00205 ], [ -0.78421, 47.00253 ], [ -0.78427, 47.00379 ], [ -0.78632, 47.00512 ], [ -0.78758, 47.00514 ], [ -0.78972, 47.0035 ], [ -0.78991, 47.00228 ], [ -0.79179, 46.99944 ], [ -0.79508, 46.99736 ], [ -0.79625, 46.99598 ], [ -0.80043, 46.99443 ], [ -0.80694, 46.99425 ], [ -0.80948, 46.99274 ], [ -0.81085, 46.99135 ], [ -0.80909, 46.99046 ], [ -0.80797, 46.99139 ], [ -0.80502, 46.98945 ], [ -0.80845, 46.98758 ], [ -0.81251, 46.99041 ], [ -0.81137, 46.99134 ], [ -0.8115, 46.99435 ], [ -0.81531, 46.9933 ], [ -0.81728, 46.99321 ], [ -0.81871, 46.99403 ], [ -0.82052, 46.99348 ], [ -0.82498, 46.99292 ], [ -0.82801, 46.9919 ], [ -0.83109, 46.98981 ], [ -0.83136, 46.98872 ], [ -0.83625, 46.98579 ], [ -0.83938, 46.98539 ], [ -0.84241, 46.98877 ], [ -0.84428, 46.98931 ], [ -0.84772, 46.98615 ], [ -0.848, 46.98218 ], [ -0.85682, 46.97878 ], [ -0.85709, 46.97774 ], [ -0.85527, 46.97711 ], [ -0.85102, 46.97426 ], [ -0.84916, 46.97378 ], [ -0.85259, 46.97071 ], [ -0.85541, 46.97063 ], [ -0.8584, 46.96901 ], [ -0.86076, 46.96868 ], [ -0.86321, 46.97239 ], [ -0.8685, 46.97283 ], [ -0.86969, 46.97181 ], [ -0.8727, 46.97371 ], [ -0.87918, 46.97434 ], [ -0.87972, 46.97581 ], [ -0.88501, 46.9771 ], [ -0.88799, 46.97544 ], [ -0.89196, 46.97582 ], [ -0.89594, 46.9753 ], [ -0.89699, 46.97194 ], [ -0.89783, 46.97066 ], [ -0.90335, 46.97145 ], [ -0.90233, 46.97058 ], [ -0.90222, 46.97031 ], [ -0.90068, 46.96878 ], [ -0.90281, 46.96813 ], [ -0.90196, 46.96708 ], [ -0.90021, 46.96744 ], [ -0.89801, 46.96691 ], [ -0.89607, 46.96855 ], [ -0.89413, 46.96915 ], [ -0.89249, 46.96597 ], [ -0.88943, 46.96738 ], [ -0.89313, 46.96919 ], [ -0.89197, 46.97046 ], [ -0.88995, 46.9707 ], [ -0.88725, 46.96999 ], [ -0.88628, 46.97063 ], [ -0.88358, 46.96922 ], [ -0.88044, 46.96998 ], [ -0.87712, 46.96854 ], [ -0.88009, 46.9653 ], [ -0.88309, 46.96378 ], [ -0.88344, 46.96197 ], [ -0.88252, 46.96109 ], [ -0.8833, 46.95954 ], [ -0.88161, 46.95905 ], [ -0.87854, 46.95599 ], [ -0.87609, 46.95565 ], [ -0.87194, 46.95779 ], [ -0.87178, 46.95937 ], [ -0.8673, 46.96274 ], [ -0.86535, 46.96306 ], [ -0.86379, 46.96225 ], [ -0.86671, 46.95825 ], [ -0.86811, 46.95857 ], [ -0.86876, 46.95625 ], [ -0.86697, 46.9559 ], [ -0.86598, 46.95733 ], [ -0.86339, 46.95663 ], [ -0.86457, 46.95538 ], [ -0.86425, 46.95224 ], [ -0.86615, 46.95219 ], [ -0.86058, 46.9491 ], [ -0.86352, 46.94893 ], [ -0.86657, 46.94803 ], [ -0.8677, 46.94954 ], [ -0.86726, 46.95085 ], [ -0.87014, 46.95181 ], [ -0.87018, 46.95257 ], [ -0.87512, 46.9537 ], [ -0.87688, 46.95238 ], [ -0.87854, 46.95265 ], [ -0.88012, 46.95162 ], [ -0.88223, 46.95173 ], [ -0.88377, 46.95106 ], [ -0.88169, 46.94816 ], [ -0.881, 46.94646 ], [ -0.87894, 46.94503 ], [ -0.87714, 46.94567 ], [ -0.87373, 46.94365 ], [ -0.87128, 46.94542 ], [ -0.86597, 46.9458 ], [ -0.86206, 46.94519 ], [ -0.85984, 46.94656 ], [ -0.85828, 46.94678 ], [ -0.8561, 46.94563 ], [ -0.85408, 46.94704 ], [ -0.84948, 46.94599 ], [ -0.84773, 46.94419 ], [ -0.85088, 46.94181 ], [ -0.85213, 46.94173 ], [ -0.85385, 46.93983 ], [ -0.85325, 46.93873 ], [ -0.85569, 46.93767 ], [ -0.85984, 46.93665 ], [ -0.85793, 46.93432 ], [ -0.85706, 46.9352 ], [ -0.85271, 46.93717 ], [ -0.84801, 46.94099 ], [ -0.8468, 46.93958 ], [ -0.84068, 46.93611 ], [ -0.8407, 46.93304 ], [ -0.84614, 46.93173 ], [ -0.84536, 46.93089 ], [ -0.84084, 46.92881 ], [ -0.83728, 46.93197 ], [ -0.83137, 46.93407 ], [ -0.82914, 46.93336 ], [ -0.829, 46.93193 ], [ -0.82724, 46.93126 ], [ -0.82863, 46.92996 ], [ -0.8274, 46.92828 ], [ -0.8282, 46.92722 ], [ -0.82736, 46.92522 ], [ -0.82386, 46.92059 ], [ -0.82137, 46.91827 ], [ -0.81916, 46.91896 ], [ -0.81235, 46.92032 ], [ -0.8074, 46.91983 ], [ -0.80954, 46.9172 ], [ -0.81381, 46.91398 ], [ -0.8161, 46.91256 ], [ -0.82054, 46.911 ], [ -0.82136, 46.90931 ], [ -0.81854, 46.90826 ], [ -0.81704, 46.90398 ], [ -0.82021, 46.89962 ], [ -0.82078, 46.8983 ], [ -0.82388, 46.89609 ], [ -0.82541, 46.89435 ], [ -0.82608, 46.89005 ], [ -0.82853, 46.88723 ], [ -0.83021, 46.88764 ], [ -0.83246, 46.88474 ], [ -0.82905, 46.88461 ], [ -0.82944, 46.88347 ], [ -0.82675, 46.88247 ], [ -0.82519, 46.88377 ], [ -0.81979, 46.88127 ], [ -0.81633, 46.88064 ], [ -0.81528, 46.87936 ], [ -0.81418, 46.87642 ], [ -0.81157, 46.87451 ], [ -0.81233, 46.87278 ], [ -0.80944, 46.87174 ], [ -0.80812, 46.87029 ], [ -0.80847, 46.86856 ], [ -0.8059, 46.86715 ], [ -0.80311, 46.86668 ], [ -0.80046, 46.86505 ], [ -0.80094, 46.86337 ], [ -0.79917, 46.86206 ], [ -0.79793, 46.86224 ], [ -0.79449, 46.86076 ], [ -0.79466, 46.85904 ], [ -0.79346, 46.85772 ], [ -0.7917, 46.85786 ], [ -0.79025, 46.85543 ], [ -0.78836, 46.85471 ], [ -0.78792, 46.85274 ], [ -0.78568, 46.85127 ], [ -0.78487, 46.84985 ], [ -0.7829, 46.84847 ], [ -0.78437, 46.84793 ], [ -0.7844, 46.84626 ], [ -0.78257, 46.84528 ], [ -0.78336, 46.84422 ], [ -0.78165, 46.84283 ], [ -0.77888, 46.84159 ], [ -0.7767, 46.84116 ], [ -0.77638, 46.84014 ], [ -0.77317, 46.84036 ], [ -0.77256, 46.83898 ], [ -0.76912, 46.83606 ], [ -0.76673, 46.83446 ], [ -0.76313, 46.83464 ], [ -0.75874, 46.83251 ], [ -0.75795, 46.83132 ], [ -0.75396, 46.83133 ], [ -0.75052, 46.82989 ], [ -0.7462, 46.831 ], [ -0.7436, 46.83026 ], [ -0.74263, 46.82934 ], [ -0.73787, 46.82893 ], [ -0.73688, 46.82752 ], [ -0.7372, 46.82513 ], [ -0.73503, 46.82392 ], [ -0.73478, 46.82293 ], [ -0.73286, 46.8215 ], [ -0.72817, 46.82208 ], [ -0.72571, 46.82138 ], [ -0.72358, 46.82314 ], [ -0.71905, 46.82192 ], [ -0.71563, 46.8217 ], [ -0.71276, 46.82083 ], [ -0.71004, 46.82157 ], [ -0.70892, 46.82012 ], [ -0.70667, 46.81878 ], [ -0.70783, 46.81708 ], [ -0.70774, 46.81592 ], [ -0.70531, 46.81507 ], [ -0.70182, 46.81292 ], [ -0.70088, 46.81142 ], [ -0.69875, 46.81088 ], [ -0.6991, 46.80885 ], [ -0.70317, 46.80771 ], [ -0.70693, 46.8059 ], [ -0.71016, 46.80496 ], [ -0.71305, 46.80511 ], [ -0.71378, 46.80297 ], [ -0.71572, 46.80134 ], [ -0.71784, 46.80052 ], [ -0.71914, 46.79801 ], [ -0.71864, 46.79492 ], [ -0.7173, 46.79234 ], [ -0.72061, 46.78928 ], [ -0.72353, 46.78425 ], [ -0.72625, 46.78341 ], [ -0.7271, 46.78231 ], [ -0.72575, 46.77951 ], [ -0.72464, 46.77842 ], [ -0.72442, 46.77676 ], [ -0.72674, 46.77359 ], [ -0.72647, 46.77013 ], [ -0.72717, 46.76863 ], [ -0.72705, 46.76642 ], [ -0.72519, 46.76481 ], [ -0.72231, 46.76493 ], [ -0.72008, 46.76373 ], [ -0.72099, 46.76132 ], [ -0.7194, 46.75866 ], [ -0.71975, 46.75573 ], [ -0.7156, 46.75183 ], [ -0.71435, 46.75177 ], [ -0.71097, 46.74993 ], [ -0.70418, 46.74945 ], [ -0.70182, 46.74997 ], [ -0.6999, 46.75192 ], [ -0.6983, 46.75176 ], [ -0.69763, 46.7488 ], [ -0.69513, 46.7476 ], [ -0.69487, 46.74494 ], [ -0.69404, 46.74385 ], [ -0.69582, 46.74247 ], [ -0.69606, 46.74023 ], [ -0.69858, 46.73792 ], [ -0.70076, 46.73818 ], [ -0.70261, 46.73494 ], [ -0.69999, 46.73392 ], [ -0.69777, 46.73627 ], [ -0.6961, 46.73677 ], [ -0.69391, 46.7353 ], [ -0.69632, 46.73497 ], [ -0.69634, 46.72951 ], [ -0.69316, 46.72996 ], [ -0.69208, 46.73282 ], [ -0.68917, 46.73219 ], [ -0.69027, 46.73102 ], [ -0.68696, 46.73017 ], [ -0.68845, 46.72874 ], [ -0.68867, 46.72585 ], [ -0.68802, 46.72569 ], [ -0.68549, 46.72981 ], [ -0.68331, 46.72815 ], [ -0.68188, 46.72599 ], [ -0.67812, 46.72573 ], [ -0.67804, 46.7242 ], [ -0.67552, 46.72232 ], [ -0.67287, 46.71965 ], [ -0.66888, 46.71723 ], [ -0.6664, 46.71379 ], [ -0.66562, 46.71143 ], [ -0.6627, 46.70965 ], [ -0.66178, 46.70711 ], [ -0.66361, 46.70589 ], [ -0.65906, 46.70403 ], [ -0.65772, 46.70266 ], [ -0.65757, 46.70139 ], [ -0.65616, 46.70031 ], [ -0.66014, 46.69887 ], [ -0.66447, 46.69556 ], [ -0.67023, 46.69312 ], [ -0.67404, 46.69121 ], [ -0.67794, 46.68836 ], [ -0.68073, 46.68694 ], [ -0.67511, 46.68452 ], [ -0.6734, 46.68421 ], [ -0.66943, 46.68112 ], [ -0.66585, 46.68031 ], [ -0.65774, 46.67669 ], [ -0.65448, 46.67466 ], [ -0.6512, 46.67336 ], [ -0.65043, 46.67247 ], [ -0.64686, 46.67036 ], [ -0.64469, 46.66781 ], [ -0.64338, 46.66555 ], [ -0.64013, 46.66356 ], [ -0.63699, 46.66333 ], [ -0.63752, 46.66228 ], [ -0.6401, 46.66167 ], [ -0.64131, 46.66002 ], [ -0.64574, 46.65828 ], [ -0.64857, 46.65636 ], [ -0.64934, 46.65378 ], [ -0.64833, 46.65209 ], [ -0.64892, 46.64978 ], [ -0.64828, 46.64768 ], [ -0.64913, 46.64532 ], [ -0.6526, 46.64302 ], [ -0.65653, 46.64202 ], [ -0.65942, 46.63983 ], [ -0.65888, 46.63592 ], [ -0.65707, 46.63394 ], [ -0.65643, 46.63554 ], [ -0.65272, 46.63676 ], [ -0.64834, 46.63687 ], [ -0.64681, 46.63759 ], [ -0.64357, 46.63812 ], [ -0.63926, 46.63806 ], [ -0.63419, 46.63739 ], [ -0.62979, 46.63461 ], [ -0.6263, 46.63417 ], [ -0.62327, 46.63253 ], [ -0.6246, 46.63047 ], [ -0.62018, 46.62626 ], [ -0.6151, 46.62297 ], [ -0.61397, 46.62012 ], [ -0.61732, 46.61923 ], [ -0.61925, 46.61639 ], [ -0.61927, 46.61549 ], [ -0.62127, 46.61394 ], [ -0.62158, 46.61228 ], [ -0.62362, 46.61028 ], [ -0.62294, 46.60742 ], [ -0.62431, 46.60608 ], [ -0.62715, 46.6056 ], [ -0.62569, 46.60505 ], [ -0.62422, 46.60348 ], [ -0.6197, 46.60188 ], [ -0.61808, 46.59845 ], [ -0.61399, 46.59897 ], [ -0.61359, 46.59754 ], [ -0.61477, 46.59638 ], [ -0.61445, 46.59527 ], [ -0.62091, 46.59298 ], [ -0.6198, 46.59188 ], [ -0.61583, 46.59077 ], [ -0.61377, 46.58907 ], [ -0.6119, 46.58831 ], [ -0.61462, 46.58405 ], [ -0.61607, 46.58311 ], [ -0.61541, 46.58191 ], [ -0.61822, 46.5818 ], [ -0.62029, 46.57908 ], [ -0.62428, 46.57817 ], [ -0.6247, 46.57744 ], [ -0.6245, 46.57498 ], [ -0.62057, 46.57354 ], [ -0.61841, 46.57238 ], [ -0.6198, 46.5691 ], [ -0.61999, 46.56518 ], [ -0.6176, 46.56462 ], [ -0.6166, 46.56293 ], [ -0.61795, 46.5615 ], [ -0.61516, 46.56059 ], [ -0.61306, 46.56266 ], [ -0.61085, 46.56416 ], [ -0.60659, 46.56373 ], [ -0.60732, 46.56043 ], [ -0.60567, 46.55759 ], [ -0.60568, 46.55655 ], [ -0.60838, 46.55095 ], [ -0.6056, 46.55034 ], [ -0.60414, 46.54867 ], [ -0.60222, 46.54804 ], [ -0.60472, 46.54613 ], [ -0.60411, 46.54327 ], [ -0.6031, 46.5428 ], [ -0.60241, 46.54205 ], [ -0.60301, 46.53871 ], [ -0.60213, 46.53328 ], [ -0.60422, 46.53214 ], [ -0.60828, 46.52637 ], [ -0.60904, 46.52608 ], [ -0.61238, 46.52996 ], [ -0.6131, 46.52854 ], [ -0.61589, 46.52613 ], [ -0.62001, 46.52733 ], [ -0.62015, 46.52872 ], [ -0.62211, 46.53006 ], [ -0.62356, 46.52917 ], [ -0.62589, 46.52883 ], [ -0.6271, 46.52953 ], [ -0.62935, 46.52767 ], [ -0.63204, 46.52661 ], [ -0.63561, 46.52647 ], [ -0.63707, 46.52562 ], [ -0.64223, 46.52476 ], [ -0.64403, 46.52184 ], [ -0.63962, 46.52222 ], [ -0.6381, 46.52199 ], [ -0.63749, 46.51904 ], [ -0.6404, 46.51509 ], [ -0.63967, 46.51353 ], [ -0.64047, 46.51266 ], [ -0.64277, 46.51305 ], [ -0.64376, 46.51208 ], [ -0.64632, 46.51138 ], [ -0.6452, 46.50857 ], [ -0.64015, 46.50686 ], [ -0.63667, 46.50636 ], [ -0.63435, 46.50471 ], [ -0.63435, 46.50228 ], [ -0.63124, 46.50012 ], [ -0.6298, 46.50002 ], [ -0.62503, 46.49748 ], [ -0.62544, 46.49437 ], [ -0.62501, 46.48992 ], [ -0.62426, 46.48819 ], [ -0.62457, 46.48538 ], [ -0.62554, 46.48532 ], [ -0.62733, 46.48234 ], [ -0.62974, 46.48115 ], [ -0.62975, 46.48007 ], [ -0.63116, 46.47859 ], [ -0.62546, 46.47685 ], [ -0.61909, 46.4758 ], [ -0.61847, 46.47389 ], [ -0.61691, 46.47172 ], [ -0.61656, 46.46876 ], [ -0.61684, 46.46573 ], [ -0.61627, 46.46224 ], [ -0.61411, 46.45977 ], [ -0.61029, 46.45776 ], [ -0.60766, 46.45486 ], [ -0.60821, 46.45421 ], [ -0.60986, 46.45349 ], [ -0.61052, 46.45001 ], [ -0.61386, 46.44911 ], [ -0.61479, 46.44954 ], [ -0.6145, 46.45152 ], [ -0.61606, 46.45256 ], [ -0.61775, 46.45486 ], [ -0.61921, 46.45523 ], [ -0.61984, 46.45247 ], [ -0.61849, 46.44935 ], [ -0.61686, 46.44697 ], [ -0.61773, 46.44496 ], [ -0.61654, 46.44472 ], [ -0.61878, 46.43886 ], [ -0.6244, 46.43691 ], [ -0.62891, 46.43495 ], [ -0.63684, 46.43231 ], [ -0.63607, 46.43017 ], [ -0.63465, 46.42912 ], [ -0.63599, 46.42499 ], [ -0.63879, 46.4215 ], [ -0.64078, 46.41636 ], [ -0.63895, 46.41618 ], [ -0.63943, 46.41045 ], [ -0.63386, 46.40749 ], [ -0.63193, 46.40578 ], [ -0.62911, 46.40406 ], [ -0.63305, 46.40126 ], [ -0.63782, 46.40027 ], [ -0.64064, 46.39696 ], [ -0.63658, 46.39558 ], [ -0.63457, 46.39563 ], [ -0.62901, 46.39402 ], [ -0.62539, 46.39209 ], [ -0.62088, 46.39046 ], [ -0.61616, 46.39801 ], [ -0.61445, 46.40246 ], [ -0.61383, 46.40549 ], [ -0.61354, 46.40977 ], [ -0.61237, 46.41214 ], [ -0.61018, 46.41374 ], [ -0.60187, 46.41287 ], [ -0.59708, 46.41092 ], [ -0.59417, 46.41019 ], [ -0.58997, 46.4071 ], [ -0.58866, 46.4056 ], [ -0.58189, 46.40217 ], [ -0.57358, 46.40117 ], [ -0.57238, 46.40071 ], [ -0.57218, 46.39693 ], [ -0.57154, 46.39582 ], [ -0.56606, 46.39308 ], [ -0.56078, 46.39308 ], [ -0.55528, 46.39367 ], [ -0.55052, 46.39334 ], [ -0.54721, 46.391 ], [ -0.54118, 46.3889 ], [ -0.5378, 46.38647 ], [ -0.54193, 46.38231 ], [ -0.54483, 46.37822 ], [ -0.546, 46.37549 ], [ -0.55053, 46.37034 ], [ -0.5523, 46.36935 ], [ -0.557, 46.36487 ], [ -0.55729, 46.36405 ], [ -0.55851, 46.36154 ], [ -0.56133, 46.36057 ], [ -0.56181, 46.35974 ], [ -0.56704, 46.35903 ], [ -0.56958, 46.35815 ], [ -0.5729, 46.35807 ], [ -0.57731, 46.35543 ], [ -0.58709, 46.35716 ], [ -0.5894, 46.35786 ], [ -0.60325, 46.36147 ], [ -0.6059, 46.35752 ], [ -0.60681, 46.35516 ], [ -0.60332, 46.35431 ], [ -0.60495, 46.34715 ], [ -0.60677, 46.34724 ], [ -0.61226, 46.34413 ], [ -0.61605, 46.34083 ], [ -0.6186, 46.34014 ], [ -0.61868, 46.3391 ], [ -0.62244, 46.33779 ], [ -0.62706, 46.33775 ], [ -0.62821, 46.33628 ], [ -0.62991, 46.33637 ], [ -0.63208, 46.33803 ], [ -0.63425, 46.33856 ], [ -0.6366, 46.33759 ], [ -0.63781, 46.33221 ], [ -0.63905, 46.3311 ], [ -0.63945, 46.32896 ], [ -0.63605, 46.32803 ], [ -0.63638, 46.32527 ], [ -0.63747, 46.32362 ], [ -0.64354, 46.31945 ], [ -0.64483, 46.31919 ], [ -0.64841, 46.3169 ], [ -0.65207, 46.31747 ], [ -0.65356, 46.31725 ], [ -0.65687, 46.31491 ], [ -0.66166, 46.31704 ], [ -0.67227, 46.31622 ], [ -0.67695, 46.31852 ], [ -0.67843, 46.31844 ], [ -0.69734, 46.32518 ], [ -0.70432, 46.3199 ], [ -0.70757, 46.31771 ], [ -0.71014, 46.31705 ], [ -0.71636, 46.31688 ], [ -0.7179, 46.3155 ], [ -0.72015, 46.31489 ], [ -0.72118, 46.3136 ], [ -0.72122, 46.31203 ], [ -0.7231, 46.30956 ], [ -0.71897, 46.3079 ], [ -0.71642, 46.30748 ], [ -0.71647, 46.30612 ], [ -0.71968, 46.30324 ], [ -0.72191, 46.30237 ], [ -0.72625, 46.3032 ], [ -0.72777, 46.30383 ], [ -0.73048, 46.3034 ], [ -0.73298, 46.3041 ], [ -0.73383, 46.30502 ], [ -0.74121, 46.30478 ], [ -0.7472, 46.30282 ], [ -0.75048, 46.30426 ], [ -0.75795, 46.31125 ], [ -0.76155, 46.31266 ], [ -0.76628, 46.31279 ], [ -0.7686, 46.31239 ], [ -0.77072, 46.31371 ], [ -0.77583, 46.31847 ], [ -0.77939, 46.31814 ], [ -0.78464, 46.31894 ], [ -0.78802, 46.32128 ], [ -0.78893, 46.32251 ], [ -0.79362, 46.32491 ], [ -0.79558, 46.32503 ], [ -0.80075, 46.32448 ], [ -0.80281, 46.32529 ], [ -0.80551, 46.32818 ], [ -0.80724, 46.33111 ], [ -0.80645, 46.33437 ], [ -0.80452, 46.33586 ], [ -0.79933, 46.33718 ], [ -0.79672, 46.33914 ], [ -0.79862, 46.3417 ], [ -0.80021, 46.34238 ], [ -0.80375, 46.34264 ], [ -0.80577, 46.34168 ], [ -0.80733, 46.3393 ], [ -0.80909, 46.33844 ], [ -0.81391, 46.33758 ], [ -0.81812, 46.33616 ], [ -0.82415, 46.33586 ], [ -0.82626, 46.33676 ], [ -0.82772, 46.33797 ], [ -0.83052, 46.34153 ], [ -0.83458, 46.34191 ], [ -0.83988, 46.34037 ], [ -0.84552, 46.33557 ], [ -0.84866, 46.33251 ], [ -0.84833, 46.32915 ], [ -0.84478, 46.32618 ], [ -0.84487, 46.32456 ], [ -0.84948, 46.31777 ], [ -0.85249, 46.31714 ], [ -0.85992, 46.31752 ], [ -0.86302, 46.31914 ], [ -0.86329, 46.32057 ], [ -0.86255, 46.32231 ], [ -0.86129, 46.32298 ], [ -0.86045, 46.32529 ], [ -0.86169, 46.32656 ], [ -0.86461, 46.32747 ], [ -0.86805, 46.32638 ], [ -0.86846, 46.32344 ], [ -0.87034, 46.32217 ], [ -0.87491, 46.32268 ], [ -0.87884, 46.32419 ], [ -0.88323, 46.32379 ], [ -0.88685, 46.3267 ], [ -0.88768, 46.32632 ], [ -0.8892, 46.32358 ], [ -0.8904, 46.323 ], [ -0.89307, 46.32307 ], [ -0.89376, 46.32142 ], [ -0.89259, 46.31948 ], [ -0.89447, 46.3169 ], [ -0.89822, 46.3168 ], [ -0.90136, 46.31589 ], [ -0.90332, 46.31408 ], [ -0.9048, 46.31381 ], [ -0.90893, 46.31424 ], [ -0.91209, 46.31275 ], [ -0.91532, 46.3159 ], [ -0.91699, 46.31549 ], [ -0.91896, 46.31264 ], [ -0.92116, 46.31249 ], [ -0.92369, 46.31349 ], [ -0.92635, 46.31554 ], [ -0.92881, 46.31434 ], [ -0.9286, 46.31084 ], [ -0.93102, 46.31004 ], [ -0.93314, 46.31083 ], [ -0.93489, 46.31286 ], [ -0.93547, 46.31473 ], [ -0.94009, 46.31505 ], [ -0.94158, 46.31591 ], [ -0.94348, 46.31828 ], [ -0.94609, 46.31758 ], [ -0.95047, 46.31911 ], [ -0.95201, 46.3188 ], [ -0.95398, 46.32009 ], [ -0.9563, 46.32084 ], [ -0.95857, 46.32082 ], [ -0.9631, 46.32262 ], [ -0.95947, 46.32418 ], [ -0.95678, 46.32575 ], [ -0.95595, 46.32754 ], [ -0.95368, 46.32962 ], [ -0.95044, 46.3314 ], [ -0.94687, 46.33467 ], [ -0.94347, 46.3366 ], [ -0.94055, 46.34192 ], [ -0.93888, 46.34565 ], [ -0.93846, 46.34945 ], [ -0.93874, 46.35191 ], [ -0.93597, 46.35443 ], [ -0.93423, 46.3601 ], [ -0.93346, 46.36247 ], [ -0.93224, 46.364 ], [ -0.93184, 46.3658 ], [ -0.92734, 46.37094 ], [ -0.93108, 46.37063 ], [ -0.93393, 46.36752 ], [ -0.93831, 46.36627 ], [ -0.942, 46.36822 ], [ -0.95128, 46.36038 ], [ -0.95358, 46.3608 ], [ -0.96451, 46.3654 ], [ -0.97002, 46.35844 ], [ -0.97082, 46.35666 ], [ -0.97069, 46.35455 ], [ -0.9749, 46.35105 ], [ -0.98146, 46.35099 ], [ -0.99521, 46.35032 ], [ -0.99489, 46.35137 ], [ -0.99853, 46.35449 ], [ -0.99977, 46.35468 ], [ -1.01301, 46.34903 ], [ -1.01367, 46.35238 ], [ -1.0123, 46.35423 ], [ -1.01381, 46.35562 ], [ -1.02907, 46.34886 ], [ -1.02986, 46.35141 ], [ -1.03773, 46.34803 ], [ -1.05253, 46.34254 ], [ -1.05338, 46.349 ], [ -1.05369, 46.34958 ], [ -1.05571, 46.34564 ], [ -1.05967, 46.3413 ], [ -1.06452, 46.33551 ], [ -1.07005, 46.33058 ], [ -1.07404, 46.32875 ], [ -1.07334, 46.32688 ], [ -1.0754, 46.32569 ], [ -1.07907, 46.32504 ], [ -1.0813, 46.32335 ], [ -1.08073, 46.32143 ], [ -1.07618, 46.32054 ], [ -1.07467, 46.31824 ], [ -1.07547, 46.3175 ], [ -1.07829, 46.31692 ], [ -1.0836, 46.31675 ], [ -1.08798, 46.31767 ], [ -1.09097, 46.3173 ], [ -1.09297, 46.31642 ], [ -1.09443, 46.31328 ], [ -1.09573, 46.31207 ], [ -1.09781, 46.31218 ], [ -1.09928, 46.31558 ], [ -1.10173, 46.31634 ], [ -1.10494, 46.31459 ], [ -1.10956, 46.31601 ], [ -1.11328, 46.31631 ], [ -1.11614, 46.31725 ], [ -1.11671, 46.31894 ], [ -1.1161, 46.32171 ], [ -1.11743, 46.32324 ], [ -1.12057, 46.3236 ], [ -1.12364, 46.32179 ], [ -1.12405, 46.32007 ], [ -1.12312, 46.31767 ], [ -1.123, 46.31578 ], [ -1.12421, 46.31435 ], [ -1.12788, 46.31288 ], [ -1.1294, 46.31028 ], [ -1.12683, 46.30756 ], [ -1.12609, 46.30209 ], [ -1.12309, 46.30196 ], [ -1.12196, 46.29857 ], [ -1.11962, 46.29521 ], [ -1.12335, 46.29371 ], [ -1.12101, 46.28873 ], [ -1.12017, 46.28561 ], [ -1.11497, 46.27429 ], [ -1.11216, 46.26573 ], [ -1.11134, 46.26116 ], [ -1.1124, 46.26027 ], [ -1.1183, 46.26112 ], [ -1.12039, 46.25993 ], [ -1.12912, 46.25381 ], [ -1.13028, 46.25364 ], [ -1.1339, 46.25439 ], [ -1.13933, 46.25405 ], [ -1.1407, 46.2531 ], [ -1.14162, 46.24722 ], [ -1.14284, 46.24398 ], [ -1.14655, 46.24112 ], [ -1.14845, 46.23841 ], [ -1.15041, 46.23749 ], [ -1.15745, 46.23593 ], [ -1.1596, 46.23405 ], [ -1.15949, 46.23329 ], [ -1.16148, 46.23094 ], [ -1.1636, 46.22965 ], [ -1.16857, 46.22734 ], [ -1.17115, 46.22406 ], [ -1.17498, 46.22215 ], [ -1.18332, 46.22161 ], [ -1.1901, 46.21613 ], [ -1.19313, 46.21582 ], [ -1.1962, 46.21405 ], [ -1.199, 46.21325 ], [ -1.20206, 46.21035 ], [ -1.20549, 46.20624 ], [ -1.20654, 46.20436 ], [ -1.20568, 46.20219 ], [ -1.20234, 46.2018 ], [ -1.20065, 46.20077 ], [ -1.19937, 46.19896 ], [ -1.19996, 46.19696 ], [ -1.19933, 46.19432 ], [ -1.20124, 46.19088 ], [ -1.20249, 46.18895 ], [ -1.20661, 46.18468 ], [ -1.20923, 46.18392 ], [ -1.21399, 46.18337 ], [ -1.21612, 46.18245 ], [ -1.21844, 46.18012 ], [ -1.21981, 46.17639 ], [ -1.21982, 46.17342 ], [ -1.21911, 46.17047 ], [ -1.22052, 46.17028 ], [ -1.22195, 46.16723 ], [ -1.22388, 46.16595 ], [ -1.23709, 46.16602 ], [ -1.24149, 46.16274 ], [ -1.24204, 46.15745 ], [ -1.23342, 46.15448 ], [ -1.23085, 46.15091 ], [ -1.22845, 46.14972 ], [ -1.22419, 46.15098 ], [ -1.22242, 46.14979 ], [ -1.21904, 46.1485 ], [ -1.21421, 46.14711 ], [ -1.21078, 46.14807 ], [ -1.20773, 46.14597 ], [ -1.20564, 46.14581 ], [ -1.20171, 46.14706 ], [ -1.19919, 46.14718 ], [ -1.18729, 46.15156 ], [ -1.18708, 46.15341 ], [ -1.18185, 46.15353 ], [ -1.17743, 46.15322 ], [ -1.17512, 46.15265 ], [ -1.16544, 46.15521 ], [ -1.16072, 46.15549 ], [ -1.15927, 46.15414 ], [ -1.16092, 46.14859 ], [ -1.16279, 46.1484 ], [ -1.17122, 46.14652 ], [ -1.17294, 46.14498 ], [ -1.17133, 46.14012 ], [ -1.1738, 46.13909 ], [ -1.17328, 46.13803 ], [ -1.16966, 46.13824 ], [ -1.16634, 46.13803 ], [ -1.16212, 46.1368 ], [ -1.1564, 46.13752 ], [ -1.15352, 46.13698 ], [ -1.15099, 46.13404 ], [ -1.14921, 46.13303 ], [ -1.14834, 46.132 ], [ -1.14886, 46.13005 ], [ -1.14758, 46.12821 ], [ -1.14575, 46.12705 ], [ -1.14183, 46.12649 ], [ -1.13884, 46.12721 ], [ -1.13374, 46.12647 ], [ -1.13021, 46.12698 ], [ -1.12823, 46.12655 ], [ -1.12599, 46.12383 ], [ -1.12476, 46.12071 ], [ -1.1238, 46.11569 ], [ -1.12378, 46.11336 ], [ -1.1253, 46.11092 ], [ -1.12786, 46.11049 ], [ -1.13222, 46.10878 ], [ -1.13424, 46.10885 ], [ -1.13977, 46.11034 ], [ -1.14334, 46.10852 ], [ -1.14307, 46.10632 ], [ -1.14111, 46.10409 ], [ -1.13957, 46.10404 ], [ -1.13832, 46.10588 ], [ -1.13636, 46.10572 ], [ -1.13378, 46.10472 ], [ -1.13152, 46.1019 ], [ -1.12855, 46.1019 ], [ -1.12553, 46.10132 ], [ -1.12244, 46.1015 ], [ -1.12179, 46.10252 ], [ -1.11505, 46.10232 ], [ -1.11196, 46.10061 ], [ -1.10895, 46.09804 ], [ -1.10545, 46.0968 ], [ -1.10319, 46.09498 ], [ -1.10073, 46.0938 ], [ -1.09881, 46.08917 ], [ -1.09699, 46.08283 ], [ -1.09385, 46.07708 ], [ -1.09317, 46.0734 ], [ -1.09275, 46.06567 ], [ -1.09318, 46.06224 ], [ -1.0899, 46.05945 ], [ -1.08884, 46.05395 ], [ -1.08804, 46.05339 ], [ -1.08452, 46.05313 ], [ -1.07658, 46.05323 ], [ -1.07118, 46.05083 ], [ -1.067, 46.05015 ], [ -1.06487, 46.04905 ], [ -1.06152, 46.04527 ], [ -1.06068, 46.043 ], [ -1.05674, 46.03591 ], [ -1.05612, 46.03422 ], [ -1.05639, 46.03034 ], [ -1.05739, 46.02969 ], [ -1.06115, 46.02885 ], [ -1.06113, 46.0253 ], [ -1.05957, 46.02016 ], [ -1.05756, 46.01676 ], [ -1.05324, 46.01274 ], [ -1.05269, 46.01118 ], [ -1.05308, 46.00384 ], [ -1.05564, 45.99934 ], [ -1.05865, 45.99682 ], [ -1.06308, 45.99443 ], [ -1.06533, 45.99419 ], [ -1.07033, 45.99571 ], [ -1.07354, 45.99619 ], [ -1.07674, 45.99578 ], [ -1.08105, 45.99655 ], [ -1.08361, 45.99536 ], [ -1.08618, 45.995 ], [ -1.08884, 45.99307 ], [ -1.09316, 45.99182 ], [ -1.09656, 45.99243 ], [ -1.09787, 45.99387 ], [ -1.09812, 45.99594 ], [ -1.09965, 45.99648 ], [ -1.1035, 45.996 ], [ -1.10488, 45.9965 ], [ -1.10773, 45.99858 ], [ -1.10937, 46.00095 ], [ -1.11144, 46.00202 ], [ -1.11549, 46.00288 ], [ -1.11721, 46.00242 ], [ -1.11937, 46.00389 ], [ -1.12145, 46.00297 ], [ -1.11896, 46.00151 ], [ -1.11432, 46.00157 ], [ -1.10896, 45.99867 ], [ -1.10598, 45.99444 ], [ -1.10415, 45.99395 ], [ -1.10144, 45.99093 ], [ -1.09935, 45.99068 ], [ -1.09794, 45.98879 ], [ -1.09755, 45.98564 ], [ -1.09615, 45.98389 ], [ -1.09355, 45.98464 ], [ -1.09169, 45.98394 ], [ -1.09108, 45.98148 ], [ -1.08586, 45.98149 ], [ -1.08414, 45.97993 ], [ -1.08339, 45.97824 ], [ -1.08328, 45.97126 ], [ -1.08249, 45.96589 ], [ -1.08078, 45.96324 ], [ -1.07673, 45.9594 ], [ -1.07473, 45.95838 ], [ -1.06701, 45.95573 ], [ -1.06508, 45.95588 ], [ -1.06456, 45.95312 ], [ -1.06432, 45.94991 ], [ -1.06866, 45.95001 ], [ -1.07211, 45.94945 ], [ -1.07953, 45.94954 ], [ -1.08299, 45.94907 ], [ -1.08515, 45.94951 ], [ -1.08751, 45.94903 ], [ -1.08965, 45.94928 ], [ -1.0935, 45.94871 ], [ -1.09582, 45.94891 ], [ -1.09696, 45.94833 ], [ -1.09804, 45.94596 ], [ -1.09961, 45.94438 ], [ -1.09597, 45.94201 ], [ -1.08922, 45.94028 ], [ -1.08576, 45.93877 ], [ -1.08109, 45.93829 ], [ -1.07827, 45.9376 ], [ -1.07686, 45.9367 ], [ -1.07574, 45.93201 ], [ -1.07586, 45.92894 ], [ -1.07449, 45.92641 ], [ -1.07465, 45.92182 ], [ -1.07388, 45.92086 ], [ -1.07379, 45.91423 ], [ -1.07446, 45.91259 ], [ -1.07561, 45.90725 ], [ -1.07924, 45.90124 ], [ -1.08121, 45.89879 ], [ -1.08814, 45.89296 ], [ -1.09879, 45.88182 ], [ -1.09893, 45.8801 ], [ -1.09808, 45.87887 ], [ -1.09864, 45.87732 ], [ -1.10127, 45.87319 ], [ -1.10088, 45.87203 ], [ -1.10604, 45.86706 ], [ -1.10873, 45.86756 ], [ -1.10949, 45.86637 ], [ -1.11066, 45.86254 ], [ -1.11189, 45.86255 ], [ -1.11437, 45.86099 ], [ -1.11361, 45.8593 ], [ -1.11639, 45.85935 ], [ -1.11835, 45.85862 ], [ -1.12142, 45.85641 ], [ -1.12468, 45.85685 ], [ -1.12634, 45.85788 ], [ -1.13197, 45.8591 ], [ -1.13653, 45.85878 ], [ -1.13794, 45.86076 ], [ -1.14263, 45.86142 ], [ -1.14631, 45.86163 ], [ -1.14957, 45.86121 ], [ -1.15319, 45.86236 ], [ -1.15583, 45.86147 ], [ -1.15547, 45.85873 ], [ -1.15364, 45.85735 ], [ -1.15182, 45.857 ], [ -1.14976, 45.85395 ], [ -1.15118, 45.85211 ], [ -1.15277, 45.85161 ], [ -1.15454, 45.85322 ], [ -1.15732, 45.85453 ], [ -1.16147, 45.85471 ], [ -1.17024, 45.85593 ], [ -1.17069, 45.85479 ], [ -1.16488, 45.85272 ], [ -1.16373, 45.85091 ], [ -1.16445, 45.8499 ], [ -1.16707, 45.84968 ], [ -1.16817, 45.8487 ], [ -1.16731, 45.84634 ], [ -1.16807, 45.84515 ], [ -1.16436, 45.84346 ], [ -1.16022, 45.84336 ], [ -1.15817, 45.84546 ], [ -1.15543, 45.84495 ], [ -1.15467, 45.84417 ], [ -1.15553, 45.84261 ], [ -1.1552, 45.84127 ], [ -1.1533, 45.83988 ], [ -1.15269, 45.8372 ], [ -1.1494, 45.83613 ], [ -1.14999, 45.83445 ], [ -1.15238, 45.8324 ], [ -1.14913, 45.82988 ], [ -1.14686, 45.82757 ], [ -1.1435, 45.82555 ], [ -1.14197, 45.82578 ], [ -1.13965, 45.82374 ], [ -1.13954, 45.82284 ], [ -1.13907, 45.8216 ], [ -1.13716, 45.8199 ], [ -1.13554, 45.81567 ], [ -1.13428, 45.81102 ], [ -1.13427, 45.80783 ], [ -1.13289, 45.80742 ], [ -1.13209, 45.80493 ], [ -1.1337, 45.80276 ], [ -1.13918, 45.79903 ], [ -1.14344, 45.79705 ], [ -1.14504, 45.79696 ], [ -1.14909, 45.79792 ], [ -1.15045, 45.79913 ], [ -1.15323, 45.80017 ], [ -1.15543, 45.80231 ], [ -1.15905, 45.80166 ], [ -1.16441, 45.79987 ], [ -1.16765, 45.79819 ], [ -1.17127, 45.79533 ], [ -1.17495, 45.79356 ], [ -1.17809, 45.79328 ], [ -1.18282, 45.79178 ], [ -1.18525, 45.79062 ], [ -1.192, 45.78937 ], [ -1.19665, 45.78972 ], [ -1.20185, 45.79145 ], [ -1.20446, 45.79271 ], [ -1.19849, 45.79246 ], [ -1.19907, 45.79448 ], [ -1.20709, 45.79378 ], [ -1.20957, 45.79409 ], [ -1.20896, 45.79575 ], [ -1.21498, 45.79316 ], [ -1.22102, 45.78963 ], [ -1.22466, 45.78885 ], [ -1.23104, 45.78893 ], [ -1.23625, 45.78611 ], [ -1.24257, 45.78157 ], [ -1.24344, 45.77872 ], [ -1.24379, 45.77244 ], [ -1.24364, 45.77011 ], [ -1.24277, 45.76681 ], [ -1.24144, 45.75816 ], [ -1.24042, 45.74546 ], [ -1.23875, 45.71975 ], [ -1.23806, 45.71191 ], [ -1.23723, 45.7059 ], [ -1.23458, 45.69361 ], [ -1.23222, 45.68422 ], [ -1.23005, 45.67707 ], [ -1.22829, 45.67506 ], [ -1.22199, 45.67293 ], [ -1.213, 45.67105 ], [ -1.20781, 45.67112 ], [ -1.20161, 45.67208 ], [ -1.19597, 45.67363 ], [ -1.19912, 45.67489 ], [ -1.20659, 45.67322 ], [ -1.21291, 45.67267 ], [ -1.21868, 45.67452 ], [ -1.21604, 45.67649 ], [ -1.21682, 45.67763 ], [ -1.22109, 45.67714 ], [ -1.2243, 45.6801 ], [ -1.2265, 45.68394 ], [ -1.23015, 45.68906 ], [ -1.23089, 45.69134 ], [ -1.23034, 45.69322 ], [ -1.2275, 45.6943 ], [ -1.22074, 45.69578 ], [ -1.21429, 45.69696 ], [ -1.20932, 45.6967 ], [ -1.2014, 45.69343 ], [ -1.20183, 45.69207 ], [ -1.19605, 45.69122 ], [ -1.19173, 45.68892 ], [ -1.1901, 45.68743 ], [ -1.18587, 45.68482 ], [ -1.18462, 45.68523 ], [ -1.1825, 45.68421 ], [ -1.18196, 45.68292 ], [ -1.17841, 45.68065 ], [ -1.1745, 45.67861 ], [ -1.17035, 45.67699 ], [ -1.16577, 45.67483 ], [ -1.16431, 45.6751 ], [ -1.16156, 45.67429 ], [ -1.15257, 45.66908 ], [ -1.14751, 45.66631 ], [ -1.1359, 45.65947 ], [ -1.13192, 45.65751 ], [ -1.12506, 45.65341 ], [ -1.12332, 45.65134 ], [ -1.1193, 45.64979 ], [ -1.11642, 45.64795 ], [ -1.11531, 45.6465 ], [ -1.11055, 45.64637 ], [ -1.10683, 45.64446 ], [ -1.10414, 45.64446 ], [ -1.10187, 45.64525 ], [ -1.09943, 45.6442 ], [ -1.09725, 45.64193 ], [ -1.09738, 45.64097 ], [ -1.09505, 45.63973 ], [ -1.09089, 45.63991 ], [ -1.08801, 45.64198 ], [ -1.0863, 45.64046 ], [ -1.08723, 45.63872 ], [ -1.08347, 45.63705 ], [ -1.08093, 45.6367 ], [ -1.0778, 45.6389 ], [ -1.07492, 45.63801 ], [ -1.07669, 45.63647 ], [ -1.07659, 45.63498 ], [ -1.07519, 45.63413 ], [ -1.06976, 45.63457 ], [ -1.07029, 45.63262 ], [ -1.06667, 45.63016 ], [ -1.06478, 45.63076 ], [ -1.06233, 45.62749 ], [ -1.05847, 45.62622 ], [ -1.05704, 45.62504 ], [ -1.05412, 45.62733 ], [ -1.05109, 45.62644 ], [ -1.05136, 45.62346 ], [ -1.05315, 45.62228 ], [ -1.04943, 45.62019 ], [ -1.04691, 45.62193 ], [ -1.04611, 45.62033 ], [ -1.04257, 45.62026 ], [ -1.04221, 45.61946 ], [ -1.04324, 45.61754 ], [ -1.03646, 45.61783 ], [ -1.03469, 45.61933 ], [ -1.0324, 45.61877 ], [ -1.03271, 45.61736 ], [ -1.03074, 45.61657 ], [ -1.02732, 45.61852 ], [ -1.02739, 45.62067 ], [ -1.02832, 45.62321 ], [ -1.02546, 45.62371 ], [ -1.02219, 45.62263 ], [ -1.02032, 45.62152 ], [ -1.0125, 45.61518 ], [ -1.01003, 45.61201 ], [ -1.00872, 45.60786 ], [ -1.00885, 45.60682 ], [ -1.01062, 45.60542 ], [ -1.01221, 45.60524 ], [ -1.01533, 45.60262 ], [ -1.01377, 45.60131 ], [ -1.01303, 45.59963 ], [ -1.00997, 45.59783 ], [ -1.00797, 45.59766 ], [ -1.00809, 45.59969 ], [ -1.00482, 45.59974 ], [ -1.00248, 45.59918 ], [ -0.99978, 45.60111 ], [ -0.99682, 45.59998 ], [ -0.99365, 45.59759 ], [ -0.99026, 45.59009 ], [ -0.989, 45.58526 ], [ -0.98916, 45.58134 ], [ -0.99255, 45.57926 ], [ -0.993, 45.57718 ], [ -1.02574, 45.57469 ], [ -1.06059, 45.57195 ], [ -1.06195, 45.5723 ], [ -1.0743, 45.56705 ], [ -1.07677, 45.56641 ], [ -1.0789, 45.56521 ], [ -1.08358, 45.56469 ], [ -1.08266, 45.56356 ], [ -1.08588, 45.5624 ], [ -1.08604, 45.56383 ], [ -1.08766, 45.56414 ], [ -1.0912, 45.56241 ], [ -1.09444, 45.55889 ], [ -1.09536, 45.55706 ], [ -1.09649, 45.55675 ], [ -1.09688, 45.55364 ], [ -1.09865, 45.54723 ], [ -1.09944, 45.54541 ], [ -1.10029, 45.54165 ], [ -1.10138, 45.53959 ], [ -1.10319, 45.53971 ], [ -1.10608, 45.53895 ], [ -1.10928, 45.53376 ], [ -1.11236, 45.53173 ], [ -1.11212, 45.53083 ], [ -1.11384, 45.52965 ], [ -1.11371, 45.52858 ], [ -1.11708, 45.52528 ], [ -1.11882, 45.52338 ], [ -1.12544, 45.51862 ], [ -1.12645, 45.51833 ], [ -1.13032, 45.51578 ], [ -1.13642, 45.511 ], [ -1.13879, 45.50776 ], [ -1.13936, 45.50572 ], [ -1.14103, 45.50378 ], [ -1.1423, 45.50059 ], [ -1.14331, 45.49926 ], [ -1.1445, 45.49588 ], [ -1.14961, 45.48955 ], [ -1.15029, 45.48724 ], [ -1.15261, 45.48325 ], [ -1.15418, 45.48176 ], [ -1.15518, 45.47754 ], [ -1.15619, 45.47611 ], [ -1.15704, 45.47037 ], [ -1.15589, 45.46756 ], [ -1.15447, 45.46302 ], [ -1.15278, 45.45964 ], [ -1.15202, 45.4558 ], [ -1.15225, 45.45327 ], [ -1.15145, 45.45186 ], [ -1.15111, 45.44637 ], [ -1.15106, 45.4416 ], [ -1.15258, 45.43629 ], [ -1.15395, 45.43368 ], [ -1.15487, 45.42887 ], [ -1.157, 45.42417 ], [ -1.15926, 45.41762 ], [ -1.16055, 45.41069 ], [ -1.16049, 45.40564 ], [ -1.16091, 45.40316 ], [ -1.16022, 45.39922 ], [ -1.16049, 45.39344 ], [ -1.1603, 45.39043 ], [ -1.16054, 45.3861 ], [ -1.16006, 45.38359 ], [ -1.15959, 45.37713 ], [ -1.15974, 45.36452 ], [ -1.15917, 45.36247 ], [ -1.15888, 45.35759 ], [ -1.15938, 45.34983 ], [ -1.15993, 45.33789 ], [ -1.16075, 45.33139 ], [ -1.1604, 45.32969 ], [ -1.16068, 45.32288 ], [ -1.16176, 45.31294 ], [ -1.16166, 45.30538 ], [ -1.1621, 45.30289 ], [ -1.16203, 45.29969 ], [ -1.16294, 45.29583 ], [ -1.16289, 45.29372 ], [ -1.1636, 45.29095 ], [ -1.16454, 45.28507 ], [ -1.16547, 45.27739 ], [ -1.16584, 45.27616 ], [ -1.16661, 45.26884 ], [ -1.16784, 45.26178 ], [ -1.16823, 45.25754 ], [ -1.16913, 45.25341 ], [ -1.16951, 45.25007 ], [ -1.17041, 45.2441 ], [ -1.17063, 45.2404 ], [ -1.17196, 45.23487 ], [ -1.17219, 45.2314 ], [ -1.17365, 45.22072 ], [ -1.17455, 45.21566 ], [ -1.17468, 45.21141 ], [ -1.17507, 45.21028 ], [ -1.17588, 45.20282 ], [ -1.17732, 45.1981 ], [ -1.17815, 45.19276 ], [ -1.17812, 45.19028 ], [ -1.17878, 45.18855 ], [ -1.17982, 45.18168 ], [ -1.18088, 45.17607 ], [ -1.18103, 45.17205 ], [ -1.18169, 45.16515 ], [ -1.1824, 45.16323 ], [ -1.18257, 45.15962 ], [ -1.18335, 45.15581 ], [ -1.18385, 45.15035 ], [ -1.18486, 45.14698 ], [ -1.18552, 45.1422 ], [ -1.18596, 45.13651 ], [ -1.18669, 45.1332 ], [ -1.18712, 45.12851 ], [ -1.18748, 45.12426 ], [ -1.1881, 45.12262 ], [ -1.18829, 45.11739 ], [ -1.1889, 45.11593 ], [ -1.18934, 45.1116 ], [ -1.19023, 45.10761 ], [ -1.19102, 45.09952 ], [ -1.19145, 45.09825 ], [ -1.19229, 45.09003 ], [ -1.1919, 45.08891 ], [ -1.19298, 45.0846 ], [ -1.19354, 45.07927 ], [ -1.19343, 45.07738 ], [ -1.19434, 45.06835 ], [ -1.19481, 45.06347 ], [ -1.19601, 45.05781 ], [ -1.19614, 45.05402 ], [ -1.19695, 45.05057 ], [ -1.1969, 45.0485 ], [ -1.19765, 45.04632 ], [ -1.19735, 45.04448 ], [ -1.19834, 45.04089 ], [ -1.19894, 45.03605 ], [ -1.1991, 45.03137 ], [ -1.20018, 45.02517 ], [ -1.2, 45.02337 ], [ -1.20064, 45.02128 ], [ -1.20055, 45.01767 ], [ -1.20111, 45.0165 ], [ -1.20129, 45.01211 ], [ -1.20173, 45.01106 ], [ -1.20214, 45.00502 ], [ -1.20444, 44.98761 ], [ -1.20501, 44.98552 ], [ -1.20533, 44.98133 ], [ -1.20588, 44.97883 ], [ -1.20633, 44.97386 ], [ -1.20695, 44.97132 ], [ -1.20795, 44.96395 ], [ -1.20786, 44.96224 ], [ -1.20888, 44.95825 ], [ -1.20879, 44.95672 ], [ -1.21078, 44.94581 ], [ -1.21094, 44.94306 ], [ -1.21193, 44.93758 ], [ -1.21238, 44.93657 ], [ -1.21306, 44.93011 ], [ -1.21378, 44.92721 ], [ -1.21452, 44.92079 ], [ -1.21529, 44.9145 ], [ -1.21585, 44.91336 ], [ -1.21733, 44.9043 ], [ -1.21836, 44.89414 ], [ -1.22031, 44.8844 ], [ -1.22203, 44.87228 ], [ -1.22226, 44.86863 ], [ -1.22314, 44.86247 ], [ -1.22399, 44.85952 ], [ -1.22458, 44.85383 ], [ -1.22688, 44.84155 ], [ -1.22682, 44.83979 ], [ -1.22792, 44.83472 ], [ -1.22875, 44.83293 ], [ -1.23031, 44.82415 ], [ -1.23168, 44.81753 ], [ -1.23299, 44.80894 ], [ -1.23337, 44.80802 ], [ -1.23421, 44.80111 ], [ -1.23495, 44.79748 ], [ -1.23703, 44.78494 ], [ -1.23928, 44.77523 ], [ -1.24043, 44.7693 ], [ -1.2409, 44.7655 ], [ -1.24448, 44.74859 ], [ -1.24462, 44.74575 ], [ -1.24781, 44.73186 ], [ -1.25173, 44.71202 ], [ -1.25425, 44.69771 ], [ -1.25519, 44.69127 ], [ -1.25573, 44.68969 ], [ -1.25713, 44.67946 ], [ -1.25777, 44.67778 ], [ -1.25889, 44.66833 ], [ -1.26174, 44.6477 ], [ -1.26201, 44.64396 ], [ -1.26182, 44.63558 ], [ -1.26205, 44.6322 ], [ -1.26114, 44.62758 ], [ -1.26045, 44.62567 ], [ -1.25851, 44.6238 ], [ -1.25682, 44.62114 ], [ -1.25497, 44.61972 ], [ -1.25325, 44.61923 ], [ -1.25215, 44.61773 ], [ -1.24854, 44.61875 ], [ -1.24465, 44.6231 ], [ -1.24486, 44.62544 ], [ -1.24311, 44.62883 ], [ -1.24352, 44.63021 ], [ -1.24514, 44.63128 ], [ -1.24296, 44.63568 ], [ -1.24161, 44.63734 ], [ -1.2408, 44.63998 ], [ -1.24128, 44.64334 ], [ -1.24313, 44.64251 ], [ -1.24211, 44.64138 ], [ -1.244, 44.6366 ], [ -1.24567, 44.63695 ], [ -1.24538, 44.63826 ], [ -1.2462, 44.64186 ], [ -1.24487, 44.6484 ], [ -1.24379, 44.65033 ], [ -1.2398, 44.65505 ], [ -1.23894, 44.65778 ], [ -1.23915, 44.6612 ], [ -1.2401, 44.66652 ], [ -1.24015, 44.66846 ], [ -1.23766, 44.68021 ], [ -1.23742, 44.68251 ], [ -1.23641, 44.68357 ], [ -1.23466, 44.68706 ], [ -1.23258, 44.68909 ], [ -1.23194, 44.691 ], [ -1.23262, 44.69302 ], [ -1.22886, 44.69763 ], [ -1.22843, 44.69977 ], [ -1.22727, 44.70151 ], [ -1.22384, 44.70414 ], [ -1.22196, 44.70654 ], [ -1.2222, 44.70749 ], [ -1.22426, 44.70796 ], [ -1.22256, 44.71021 ], [ -1.21935, 44.71035 ], [ -1.2114, 44.71367 ], [ -1.20802, 44.71629 ], [ -1.20438, 44.71766 ], [ -1.2053, 44.7203 ], [ -1.20448, 44.72154 ], [ -1.1976, 44.72472 ], [ -1.19604, 44.72622 ], [ -1.19462, 44.72872 ], [ -1.19078, 44.73092 ], [ -1.18982, 44.73406 ], [ -1.19173, 44.73431 ], [ -1.19007, 44.73702 ], [ -1.18584, 44.73832 ], [ -1.186, 44.73881 ], [ -1.18267, 44.7413 ], [ -1.18202, 44.74312 ], [ -1.17988, 44.74414 ], [ -1.17517, 44.74469 ], [ -1.17381, 44.74536 ], [ -1.1728, 44.7484 ], [ -1.17456, 44.74933 ], [ -1.17219, 44.75099 ], [ -1.17405, 44.75233 ], [ -1.17374, 44.75454 ], [ -1.17572, 44.75592 ], [ -1.17811, 44.75581 ], [ -1.18001, 44.7581 ], [ -1.17796, 44.75959 ], [ -1.17886, 44.76205 ], [ -1.17807, 44.7636 ], [ -1.17464, 44.76438 ], [ -1.17409, 44.7658 ], [ -1.17149, 44.76754 ], [ -1.17051, 44.77037 ], [ -1.16857, 44.77176 ], [ -1.16905, 44.77442 ], [ -1.16756, 44.77604 ], [ -1.16581, 44.77528 ], [ -1.16478, 44.77301 ], [ -1.16284, 44.7733 ], [ -1.16193, 44.7749 ], [ -1.15589, 44.76895 ], [ -1.15247, 44.7669 ], [ -1.15101, 44.76672 ], [ -1.15117, 44.7641 ], [ -1.14939, 44.76393 ], [ -1.1469, 44.76143 ], [ -1.14312, 44.76164 ], [ -1.13745, 44.75767 ], [ -1.13556, 44.75677 ], [ -1.13404, 44.75467 ], [ -1.13114, 44.7524 ], [ -1.12776, 44.7508 ], [ -1.12629, 44.75062 ], [ -1.12403, 44.75289 ], [ -1.12204, 44.75376 ], [ -1.11896, 44.75377 ], [ -1.11633, 44.75641 ], [ -1.11615, 44.75533 ], [ -1.11866, 44.75318 ], [ -1.12167, 44.75242 ], [ -1.12258, 44.75096 ], [ -1.12084, 44.7493 ], [ -1.12023, 44.74733 ], [ -1.1182, 44.74415 ], [ -1.11309, 44.74426 ], [ -1.11049, 44.74208 ], [ -1.10667, 44.74265 ], [ -1.10448, 44.74195 ], [ -1.10167, 44.74037 ], [ -1.09928, 44.73824 ], [ -1.09609, 44.73675 ], [ -1.09397, 44.73398 ], [ -1.09304, 44.734 ], [ -1.09144, 44.73171 ], [ -1.08587, 44.72602 ], [ -1.08317, 44.72546 ], [ -1.07819, 44.72218 ] ], [ [ -0.0931, 43.37388 ], [ -0.08702, 43.37172 ], [ -0.08317, 43.37135 ], [ -0.08056, 43.36907 ], [ -0.08291, 43.36636 ], [ -0.07879, 43.36514 ], [ -0.0778, 43.36507 ], [ -0.07642, 43.36457 ], [ -0.07616, 43.36303 ], [ -0.072, 43.36132 ], [ -0.06943, 43.3566 ], [ -0.06926, 43.35521 ], [ -0.06493, 43.355 ], [ -0.06424, 43.35154 ], [ -0.06295, 43.35034 ], [ -0.06307, 43.34751 ], [ -0.0625, 43.34671 ], [ -0.06416, 43.34199 ], [ -0.06517, 43.34103 ], [ -0.06385, 43.33898 ], [ -0.06534, 43.33594 ], [ -0.06444, 43.33358 ], [ -0.06569, 43.33229 ], [ -0.06653, 43.33014 ], [ -0.06803, 43.32826 ], [ -0.0687, 43.32813 ], [ -0.06799, 43.32477 ], [ -0.06887, 43.32394 ], [ -0.06948, 43.31919 ], [ -0.07031, 43.3166 ], [ -0.06987, 43.31378 ], [ -0.0686, 43.3125 ], [ -0.0703, 43.31025 ], [ -0.07163, 43.30969 ], [ -0.07504, 43.30714 ], [ -0.07583, 43.30694 ], [ -0.07999, 43.30753 ], [ -0.08789, 43.3092 ], [ -0.09281, 43.31045 ], [ -0.09757, 43.31386 ], [ -0.10453, 43.31218 ], [ -0.1102, 43.31218 ], [ -0.11196, 43.31653 ], [ -0.1115, 43.31814 ], [ -0.11275, 43.31875 ], [ -0.1148, 43.32203 ], [ -0.11564, 43.32288 ], [ -0.11459, 43.32479 ], [ -0.11591, 43.3266 ], [ -0.11618, 43.32868 ], [ -0.11541, 43.3295 ], [ -0.11552, 43.33238 ], [ -0.11242, 43.3346 ], [ -0.11088, 43.33477 ], [ -0.11008, 43.33776 ], [ -0.10848, 43.3378 ], [ -0.10467, 43.33703 ], [ -0.10053, 43.33657 ], [ -0.09724, 43.33453 ], [ -0.09368, 43.33362 ], [ -0.08945, 43.33398 ], [ -0.08727, 43.33384 ], [ -0.08657, 43.33616 ], [ -0.08779, 43.34059 ], [ -0.08762, 43.34383 ], [ -0.08705, 43.34519 ], [ -0.08865, 43.34661 ], [ -0.08773, 43.35089 ], [ -0.09161, 43.35109 ], [ -0.09002, 43.35454 ], [ -0.09023, 43.35935 ], [ -0.09368, 43.35779 ], [ -0.09689, 43.3579 ], [ -0.10086, 43.35854 ], [ -0.10333, 43.35858 ], [ -0.10421, 43.35892 ], [ -0.10434, 43.36134 ], [ -0.10611, 43.36172 ], [ -0.10698, 43.36625 ], [ -0.10671, 43.36742 ], [ -0.10728, 43.37073 ], [ -0.10104, 43.37358 ], [ -0.09735, 43.37406 ], [ -0.0931, 43.37388 ] ], [ [ -0.08474, 43.27721 ], [ -0.08189, 43.27504 ], [ -0.07929, 43.27166 ], [ -0.07967, 43.26264 ], [ -0.08397, 43.25782 ], [ -0.08844, 43.25422 ], [ -0.09211, 43.25206 ], [ -0.09311, 43.25231 ], [ -0.09427, 43.25525 ], [ -0.0971, 43.25326 ], [ -0.10115, 43.25137 ], [ -0.10383, 43.2496 ], [ -0.10413, 43.24465 ], [ -0.10308, 43.24282 ], [ -0.10492, 43.24291 ], [ -0.11193, 43.2424 ], [ -0.12134, 43.2409 ], [ -0.12194, 43.24335 ], [ -0.1241, 43.24632 ], [ -0.12616, 43.25159 ], [ -0.12615, 43.25281 ], [ -0.12811, 43.25425 ], [ -0.12948, 43.25603 ], [ -0.13347, 43.25846 ], [ -0.13585, 43.2611 ], [ -0.13642, 43.26298 ], [ -0.13826, 43.26574 ], [ -0.14002, 43.26958 ], [ -0.1406, 43.27167 ], [ -0.1383, 43.2742 ], [ -0.13849, 43.28036 ], [ -0.13724, 43.28148 ], [ -0.13568, 43.2824 ], [ -0.13475, 43.28392 ], [ -0.13701, 43.28481 ], [ -0.13735, 43.28574 ], [ -0.13059, 43.28873 ], [ -0.12808, 43.29229 ], [ -0.12514, 43.29443 ], [ -0.12636, 43.29873 ], [ -0.12525, 43.30002 ], [ -0.12222, 43.30143 ], [ -0.12126, 43.30254 ], [ -0.11998, 43.30625 ], [ -0.11787, 43.30779 ], [ -0.11327, 43.30879 ], [ -0.11149, 43.3104 ], [ -0.10656, 43.30759 ], [ -0.10432, 43.30686 ], [ -0.09912, 43.30324 ], [ -0.09203, 43.30047 ], [ -0.08929, 43.30106 ], [ -0.09335, 43.2931 ], [ -0.09618, 43.28548 ], [ -0.09179, 43.28093 ], [ -0.08628, 43.27983 ], [ -0.08474, 43.27721 ] ] ], [ [ [ -1.02648, 44.6522 ], [ -1.02456, 44.65288 ], [ -1.02101, 44.65145 ], [ -1.02061, 44.64993 ], [ -1.01862, 44.65049 ], [ -1.01417, 44.65089 ], [ -1.01378, 44.6518 ], [ -1.01735, 44.65561 ], [ -1.01974, 44.65698 ], [ -1.02626, 44.66247 ], [ -1.0292, 44.66125 ], [ -1.02872, 44.6561 ], [ -1.03092, 44.65257 ], [ -1.03261, 44.6513 ], [ -1.02997, 44.6492 ], [ -1.02648, 44.6522 ] ] ] ] } },
{ "type": "Feature", "properties": { "region": "Occitanie" }, "geometry": { "type": "MultiPolygon", "coordinates": [ [ [ [ -0.13849, 43.28036 ], [ -0.1383, 43.2742 ], [ -0.1406, 43.27167 ], [ -0.14002, 43.26958 ], [ -0.13826, 43.26574 ], [ -0.13642, 43.26298 ], [ -0.13585, 43.2611 ], [ -0.13347, 43.25846 ], [ -0.12948, 43.25603 ], [ -0.12811, 43.25425 ], [ -0.12615, 43.25281 ], [ -0.12616, 43.25159 ], [ -0.1241, 43.24632 ], [ -0.12194, 43.24335 ], [ -0.12134, 43.2409 ], [ -0.11193, 43.2424 ], [ -0.10492, 43.24291 ], [ -0.10308, 43.24282 ], [ -0.10413, 43.24465 ], [ -0.10383, 43.2496 ], [ -0.10115, 43.25137 ], [ -0.0971, 43.25326 ], [ -0.09427, 43.25525 ], [ -0.09311, 43.25231 ], [ -0.09211, 43.25206 ], [ -0.08844, 43.25422 ], [ -0.08397, 43.25782 ], [ -0.07967, 43.26264 ], [ -0.07929, 43.27166 ], [ -0.08189, 43.27504 ], [ -0.08474, 43.27721 ], [ -0.08628, 43.27983 ], [ -0.09179, 43.28093 ], [ -0.09618, 43.28548 ], [ -0.09335, 43.2931 ], [ -0.08929, 43.30106 ], [ -0.09203, 43.30047 ], [ -0.09912, 43.30324 ], [ -0.10432, 43.30686 ], [ -0.10656, 43.30759 ], [ -0.11149, 43.3104 ], [ -0.11327, 43.30879 ], [ -0.11787, 43.30779 ], [ -0.11998, 43.30625 ], [ -0.12126, 43.30254 ], [ -0.12222, 43.30143 ], [ -0.12525, 43.30002 ], [ -0.12636, 43.29873 ], [ -0.12514, 43.29443 ], [ -0.12808, 43.29229 ], [ -0.13059, 43.28873 ], [ -0.13735, 43.28574 ], [ -0.13701, 43.28481 ], [ -0.13475, 43.28392 ], [ -0.13568, 43.2824 ], [ -0.13724, 43.28148 ], [ -0.13849, 43.28036 ] ] ], [ [ [ 4.71973, 44.08558 ], [ 4.71955, 44.09031 ], [ 4.71879, 44.0925 ], [ 4.71446, 44.09632 ], [ 4.70746, 44.10367 ], [ 4.70607, 44.10775 ], [ 4.70701, 44.11368 ], [ 4.71074, 44.11846 ], [ 4.71121, 44.12233 ], [ 4.71161, 44.12953 ], [ 4.7117, 44.13474 ], [ 4.71748, 44.14151 ], [ 4.7189, 44.1445 ], [ 4.7191, 44.14838 ], [ 4.7182, 44.15238 ], [ 4.7168, 44.16261 ], [ 4.71612, 44.16597 ], [ 4.71794, 44.17191 ], [ 4.71807, 44.17359 ], [ 4.71638, 44.17672 ], [ 4.71977, 44.17714 ], [ 4.72006, 44.17982 ], [ 4.72191, 44.18378 ], [ 4.72207, 44.18742 ], [ 4.71993, 44.18904 ], [ 4.71496, 44.19104 ], [ 4.7099, 44.19146 ], [ 4.70578, 44.19279 ], [ 4.70384, 44.19765 ], [ 4.70444, 44.20057 ], [ 4.70823, 44.20473 ], [ 4.70971, 44.20693 ], [ 4.70947, 44.21056 ], [ 4.70806, 44.21308 ], [ 4.70655, 44.21443 ], [ 4.70181, 44.21607 ], [ 4.69417, 44.21543 ], [ 4.68364, 44.21242 ], [ 4.68016, 44.21213 ], [ 4.67665, 44.21257 ], [ 4.67366, 44.21471 ], [ 4.67267, 44.21681 ], [ 4.67293, 44.2186 ], [ 4.67397, 44.22114 ], [ 4.67844, 44.22943 ], [ 4.67856, 44.23118 ], [ 4.67786, 44.23412 ], [ 4.67484, 44.23855 ], [ 4.67315, 44.23989 ], [ 4.66635, 44.24377 ], [ 4.6619, 44.2471 ], [ 4.65407, 44.25434 ], [ 4.65338, 44.25662 ], [ 4.65148, 44.25915 ], [ 4.64918, 44.26358 ], [ 4.64922, 44.27036 ], [ 4.64579, 44.27069 ], [ 4.64343, 44.27295 ], [ 4.64123, 44.27439 ], [ 4.63982, 44.27999 ], [ 4.63806, 44.28297 ], [ 4.63493, 44.28482 ], [ 4.63174, 44.28494 ], [ 4.62883, 44.28401 ], [ 4.61663, 44.27799 ], [ 4.61381, 44.28003 ], [ 4.61223, 44.28613 ], [ 4.61089, 44.28688 ], [ 4.60929, 44.28917 ], [ 4.60547, 44.29104 ], [ 4.60199, 44.29196 ], [ 4.59898, 44.29175 ], [ 4.59653, 44.29198 ], [ 4.59312, 44.29403 ], [ 4.58698, 44.29459 ], [ 4.58119, 44.29719 ], [ 4.57725, 44.30037 ], [ 4.575, 44.30087 ], [ 4.57, 44.29934 ], [ 4.56758, 44.30025 ], [ 4.56124, 44.3014 ], [ 4.5587, 44.30244 ], [ 4.55694, 44.30414 ], [ 4.55221, 44.30995 ], [ 4.55184, 44.31199 ], [ 4.54731, 44.31815 ], [ 4.54447, 44.32077 ], [ 4.54557, 44.32224 ], [ 4.54775, 44.32287 ], [ 4.54911, 44.3245 ], [ 4.54879, 44.32572 ], [ 4.54624, 44.32645 ], [ 4.54403, 44.32583 ], [ 4.54144, 44.32394 ], [ 4.53224, 44.32267 ], [ 4.52913, 44.32489 ], [ 4.52479, 44.32947 ], [ 4.52288, 44.33042 ], [ 4.51828, 44.3301 ], [ 4.51551, 44.32839 ], [ 4.51275, 44.32809 ], [ 4.51197, 44.32895 ], [ 4.51152, 44.33175 ], [ 4.51317, 44.33407 ], [ 4.51201, 44.3354 ], [ 4.50873, 44.3364 ], [ 4.50689, 44.33738 ], [ 4.50641, 44.33842 ], [ 4.50676, 44.34266 ], [ 4.50563, 44.34402 ], [ 4.50368, 44.34419 ], [ 4.50226, 44.34301 ], [ 4.5036, 44.34005 ], [ 4.50286, 44.3389 ], [ 4.49902, 44.33825 ], [ 4.49426, 44.33842 ], [ 4.48875, 44.33908 ], [ 4.48598, 44.33854 ], [ 4.48153, 44.33691 ], [ 4.47923, 44.33745 ], [ 4.47571, 44.3408 ], [ 4.47494, 44.34202 ], [ 4.47244, 44.34208 ], [ 4.46716, 44.34028 ], [ 4.46578, 44.3404 ], [ 4.46476, 44.34167 ], [ 4.45762, 44.34163 ], [ 4.45422, 44.33963 ], [ 4.45201, 44.3375 ], [ 4.45107, 44.3341 ], [ 4.45004, 44.31958 ], [ 4.44927, 44.30491 ], [ 4.44842, 44.29661 ], [ 4.45321, 44.29787 ], [ 4.4521, 44.29654 ], [ 4.44725, 44.29352 ], [ 4.4464, 44.28921 ], [ 4.44544, 44.28711 ], [ 4.44201, 44.28556 ], [ 4.44042, 44.28342 ], [ 4.43465, 44.28326 ], [ 4.43351, 44.28459 ], [ 4.43371, 44.28662 ], [ 4.43142, 44.2876 ], [ 4.43311, 44.29113 ], [ 4.42943, 44.28993 ], [ 4.42673, 44.28782 ], [ 4.42011, 44.28709 ], [ 4.41814, 44.28788 ], [ 4.41306, 44.28762 ], [ 4.40793, 44.28794 ], [ 4.40407, 44.28882 ], [ 4.4014, 44.28765 ], [ 4.39979, 44.28795 ], [ 4.39897, 44.28954 ], [ 4.39538, 44.29086 ], [ 4.3934, 44.29364 ], [ 4.39331, 44.29459 ], [ 4.39365, 44.2972 ], [ 4.39237, 44.29808 ], [ 4.39411, 44.29961 ], [ 4.3929, 44.30058 ], [ 4.39006, 44.29996 ], [ 4.38959, 44.30109 ], [ 4.39079, 44.30305 ], [ 4.3941, 44.31042 ], [ 4.40145, 44.32817 ], [ 4.40274, 44.33128 ], [ 4.40326, 44.33358 ], [ 4.40172, 44.33586 ], [ 4.396, 44.34334 ], [ 4.39513, 44.34488 ], [ 4.3913, 44.34694 ], [ 4.3876, 44.34712 ], [ 4.38374, 44.34419 ], [ 4.38116, 44.34378 ], [ 4.37968, 44.34268 ], [ 4.37584, 44.34208 ], [ 4.37075, 44.34014 ], [ 4.36772, 44.33939 ], [ 4.36191, 44.34021 ], [ 4.35104, 44.33946 ], [ 4.35028, 44.33992 ], [ 4.34488, 44.33934 ], [ 4.3432, 44.33968 ], [ 4.33648, 44.33936 ], [ 4.33566, 44.33968 ], [ 4.32577, 44.33832 ], [ 4.32774, 44.33726 ], [ 4.33002, 44.33389 ], [ 4.32995, 44.33212 ], [ 4.32564, 44.33072 ], [ 4.32172, 44.32399 ], [ 4.31663, 44.32069 ], [ 4.31309, 44.31906 ], [ 4.30865, 44.3176 ], [ 4.30443, 44.31524 ], [ 4.30266, 44.31468 ], [ 4.29598, 44.31386 ], [ 4.29415, 44.31334 ], [ 4.29298, 44.31561 ], [ 4.29043, 44.31673 ], [ 4.28837, 44.31502 ], [ 4.28784, 44.31395 ], [ 4.28934, 44.30997 ], [ 4.29074, 44.30868 ], [ 4.28941, 44.29321 ], [ 4.289, 44.29215 ], [ 4.2844, 44.28745 ], [ 4.28383, 44.28557 ], [ 4.28154, 44.28444 ], [ 4.28004, 44.28248 ], [ 4.28017, 44.28077 ], [ 4.27792, 44.27522 ], [ 4.27194, 44.27122 ], [ 4.26905, 44.27006 ], [ 4.26697, 44.27005 ], [ 4.2638, 44.26898 ], [ 4.26078, 44.26678 ], [ 4.25856, 44.26591 ], [ 4.2589, 44.26442 ], [ 4.25522, 44.26498 ], [ 4.25373, 44.26559 ], [ 4.24924, 44.26607 ], [ 4.24598, 44.26797 ], [ 4.24147, 44.2698 ], [ 4.23979, 44.27208 ], [ 4.23504, 44.27418 ], [ 4.23405, 44.27506 ], [ 4.22958, 44.27793 ], [ 4.22844, 44.27988 ], [ 4.22603, 44.2806 ], [ 4.2257, 44.28222 ], [ 4.21638, 44.28903 ], [ 4.21525, 44.29067 ], [ 4.21129, 44.29209 ], [ 4.20415, 44.29413 ], [ 4.19652, 44.29669 ], [ 4.18936, 44.29838 ], [ 4.18658, 44.29974 ], [ 4.18353, 44.30267 ], [ 4.18271, 44.30412 ], [ 4.18288, 44.30579 ], [ 4.17999, 44.30943 ], [ 4.17937, 44.31182 ], [ 4.17778, 44.31284 ], [ 4.17872, 44.31499 ], [ 4.17799, 44.31774 ], [ 4.17475, 44.31816 ], [ 4.16953, 44.31572 ], [ 4.16847, 44.3138 ], [ 4.16497, 44.31215 ], [ 4.15869, 44.31219 ], [ 4.1484, 44.31339 ], [ 4.14799, 44.31246 ], [ 4.14481, 44.31337 ], [ 4.14287, 44.31335 ], [ 4.14114, 44.31774 ], [ 4.14241, 44.32291 ], [ 4.1403, 44.32788 ], [ 4.1345, 44.32865 ], [ 4.13508, 44.33103 ], [ 4.13254, 44.33224 ], [ 4.13172, 44.33604 ], [ 4.13005, 44.33683 ], [ 4.12772, 44.33672 ], [ 4.12675, 44.33773 ], [ 4.12413, 44.33643 ], [ 4.12201, 44.33438 ], [ 4.11944, 44.33285 ], [ 4.11671, 44.32951 ], [ 4.11699, 44.32789 ], [ 4.11576, 44.32687 ], [ 4.11337, 44.32903 ], [ 4.10942, 44.33084 ], [ 4.10386, 44.33391 ], [ 4.10279, 44.33351 ], [ 4.0986, 44.33362 ], [ 4.09643, 44.33474 ], [ 4.09379, 44.3345 ], [ 4.0933, 44.3305 ], [ 4.09097, 44.33009 ], [ 4.08835, 44.3309 ], [ 4.08653, 44.33075 ], [ 4.08514, 44.32852 ], [ 4.08327, 44.32894 ], [ 4.07825, 44.32867 ], [ 4.07503, 44.32998 ], [ 4.07185, 44.32872 ], [ 4.07162, 44.32678 ], [ 4.0695, 44.32515 ], [ 4.06448, 44.3236 ], [ 4.0634, 44.32254 ], [ 4.06099, 44.32181 ], [ 4.06014, 44.32017 ], [ 4.05863, 44.32023 ], [ 4.05401, 44.31872 ], [ 4.05145, 44.31732 ], [ 4.04806, 44.31895 ], [ 4.04935, 44.32145 ], [ 4.046, 44.32168 ], [ 4.04744, 44.32364 ], [ 4.0467, 44.32418 ], [ 4.04331, 44.32411 ], [ 4.04205, 44.32574 ], [ 4.03971, 44.32727 ], [ 4.03698, 44.32816 ], [ 4.03571, 44.32984 ], [ 4.03686, 44.33077 ], [ 4.04032, 44.3313 ], [ 4.04226, 44.33277 ], [ 4.04805, 44.33394 ], [ 4.0496, 44.33535 ], [ 4.05015, 44.33684 ], [ 4.05353, 44.33867 ], [ 4.05298, 44.34155 ], [ 4.05111, 44.34397 ], [ 4.05089, 44.34717 ], [ 4.05463, 44.35044 ], [ 4.055, 44.35297 ], [ 4.05406, 44.35491 ], [ 4.05368, 44.35878 ], [ 4.05576, 44.3597 ], [ 4.0572, 44.36135 ], [ 4.05757, 44.36346 ], [ 4.05579, 44.36497 ], [ 4.05521, 44.36629 ], [ 4.05322, 44.36708 ], [ 4.05311, 44.37014 ], [ 4.05079, 44.37436 ], [ 4.05197, 44.37564 ], [ 4.05164, 44.37723 ], [ 4.05298, 44.3787 ], [ 4.04865, 44.38052 ], [ 4.04657, 44.38248 ], [ 4.04617, 44.38361 ], [ 4.04375, 44.38455 ], [ 4.04048, 44.3913 ], [ 4.04137, 44.39353 ], [ 4.04247, 44.39464 ], [ 4.04428, 44.3944 ], [ 4.04783, 44.3975 ], [ 4.04815, 44.39591 ], [ 4.05035, 44.39615 ], [ 4.05304, 44.39543 ], [ 4.05301, 44.3944 ], [ 4.05634, 44.39259 ], [ 4.05872, 44.39427 ], [ 4.06096, 44.39415 ], [ 4.06285, 44.39499 ], [ 4.06453, 44.39456 ], [ 4.06268, 44.39866 ], [ 4.06394, 44.39905 ], [ 4.06677, 44.4013 ], [ 4.06844, 44.40506 ], [ 4.06579, 44.40649 ], [ 4.06403, 44.40827 ], [ 4.06123, 44.40908 ], [ 4.05899, 44.41209 ], [ 4.05721, 44.41378 ], [ 4.05422, 44.41473 ], [ 4.05157, 44.4163 ], [ 4.04655, 44.41844 ], [ 4.04291, 44.4185 ], [ 4.03969, 44.41805 ], [ 4.03634, 44.41918 ], [ 4.03549, 44.42009 ], [ 4.03794, 44.42263 ], [ 4.04045, 44.42448 ], [ 4.04072, 44.42555 ], [ 4.04269, 44.42637 ], [ 4.04192, 44.42792 ], [ 4.04518, 44.4299 ], [ 4.04646, 44.43271 ], [ 4.0451, 44.43539 ], [ 4.04243, 44.43686 ], [ 4.04192, 44.4407 ], [ 4.03964, 44.44263 ], [ 4.03948, 44.44353 ], [ 4.0371, 44.44595 ], [ 4.0348, 44.44427 ], [ 4.03222, 44.44629 ], [ 4.02882, 44.44639 ], [ 4.02661, 44.44574 ], [ 4.02321, 44.44558 ], [ 4.02113, 44.44741 ], [ 4.02151, 44.45014 ], [ 4.01899, 44.44987 ], [ 4.01763, 44.4507 ], [ 4.01487, 44.45055 ], [ 4.0144, 44.45164 ], [ 4.01508, 44.45348 ], [ 4.01449, 44.45471 ], [ 4.01102, 44.45452 ], [ 4.00907, 44.45666 ], [ 4.00736, 44.4561 ], [ 4.00435, 44.45651 ], [ 4.0021, 44.4592 ], [ 3.99816, 44.4598 ], [ 3.99737, 44.46049 ], [ 3.99744, 44.46305 ], [ 3.99692, 44.46606 ], [ 3.99552, 44.46673 ], [ 3.99258, 44.46699 ], [ 3.99222, 44.47005 ], [ 3.98863, 44.47177 ], [ 3.98765, 44.47278 ], [ 3.98585, 44.47816 ], [ 3.9869, 44.47968 ], [ 3.98708, 44.4817 ], [ 3.98468, 44.4834 ], [ 3.98502, 44.48484 ], [ 3.9871, 44.48696 ], [ 3.98514, 44.48856 ], [ 3.98689, 44.49092 ], [ 3.98442, 44.49405 ], [ 3.98707, 44.49526 ], [ 3.98588, 44.49711 ], [ 3.98805, 44.49824 ], [ 3.98846, 44.49963 ], [ 3.98654, 44.5002 ], [ 3.98596, 44.502 ], [ 3.98807, 44.50311 ], [ 3.9881, 44.50419 ], [ 3.98567, 44.50562 ], [ 3.98319, 44.50894 ], [ 3.98396, 44.51127 ], [ 3.98267, 44.5129 ], [ 3.98166, 44.51566 ], [ 3.98086, 44.51622 ], [ 3.97709, 44.51628 ], [ 3.97685, 44.517 ], [ 3.97876, 44.51758 ], [ 3.97953, 44.51988 ], [ 3.97916, 44.52246 ], [ 3.97623, 44.52317 ], [ 3.97271, 44.52587 ], [ 3.97104, 44.52662 ], [ 3.97195, 44.52786 ], [ 3.96966, 44.52889 ], [ 3.97114, 44.53 ], [ 3.97003, 44.531 ], [ 3.96923, 44.53381 ], [ 3.96607, 44.53578 ], [ 3.96569, 44.53768 ], [ 3.96593, 44.54006 ], [ 3.96247, 44.54438 ], [ 3.96265, 44.54591 ], [ 3.96148, 44.54732 ], [ 3.96178, 44.54907 ], [ 3.95971, 44.55139 ], [ 3.96091, 44.55381 ], [ 3.96069, 44.55503 ], [ 3.95823, 44.557 ], [ 3.95897, 44.55915 ], [ 3.95707, 44.56098 ], [ 3.95607, 44.56369 ], [ 3.95453, 44.56466 ], [ 3.95472, 44.56686 ], [ 3.95299, 44.56796 ], [ 3.95148, 44.57059 ], [ 3.94855, 44.57131 ], [ 3.94877, 44.57289 ], [ 3.94515, 44.57379 ], [ 3.94325, 44.57328 ], [ 3.93839, 44.57344 ], [ 3.93665, 44.57382 ], [ 3.93226, 44.57208 ], [ 3.93083, 44.57075 ], [ 3.93041, 44.56896 ], [ 3.92831, 44.57052 ], [ 3.92357, 44.57188 ], [ 3.92337, 44.57369 ], [ 3.91898, 44.57698 ], [ 3.91702, 44.57912 ], [ 3.91561, 44.58289 ], [ 3.91716, 44.58467 ], [ 3.91952, 44.58553 ], [ 3.91828, 44.58848 ], [ 3.91604, 44.589 ], [ 3.91493, 44.59064 ], [ 3.91104, 44.59114 ], [ 3.90654, 44.59237 ], [ 3.90517, 44.59271 ], [ 3.90616, 44.59485 ], [ 3.90371, 44.59746 ], [ 3.905, 44.59838 ], [ 3.90518, 44.60008 ], [ 3.90732, 44.60249 ], [ 3.90611, 44.6048 ], [ 3.90805, 44.60631 ], [ 3.90808, 44.6077 ], [ 3.9071, 44.61059 ], [ 3.9047, 44.61279 ], [ 3.89872, 44.61345 ], [ 3.89599, 44.61245 ], [ 3.894, 44.6137 ], [ 3.89431, 44.6158 ], [ 3.89261, 44.62303 ], [ 3.89272, 44.6273 ], [ 3.89322, 44.62941 ], [ 3.89474, 44.63182 ], [ 3.89396, 44.63332 ], [ 3.89591, 44.63775 ], [ 3.89358, 44.64052 ], [ 3.89577, 44.64229 ], [ 3.89769, 44.64348 ], [ 3.89705, 44.64548 ], [ 3.89507, 44.64667 ], [ 3.89478, 44.64996 ], [ 3.89421, 44.65235 ], [ 3.89277, 44.65273 ], [ 3.89158, 44.65526 ], [ 3.88967, 44.65691 ], [ 3.88739, 44.65686 ], [ 3.88491, 44.65586 ], [ 3.88288, 44.65768 ], [ 3.8826, 44.65935 ], [ 3.88356, 44.66231 ], [ 3.88383, 44.66514 ], [ 3.88283, 44.66591 ], [ 3.87982, 44.66632 ], [ 3.8778, 44.66846 ], [ 3.87878, 44.67209 ], [ 3.87882, 44.67393 ], [ 3.87765, 44.67503 ], [ 3.87386, 44.67476 ], [ 3.87099, 44.67579 ], [ 3.86954, 44.67825 ], [ 3.8729, 44.68149 ], [ 3.87389, 44.68306 ], [ 3.87691, 44.68534 ], [ 3.87741, 44.6871 ], [ 3.87667, 44.6885 ], [ 3.87893, 44.69009 ], [ 3.88108, 44.6902 ], [ 3.88331, 44.69138 ], [ 3.88456, 44.69343 ], [ 3.8843, 44.69758 ], [ 3.88211, 44.69793 ], [ 3.87804, 44.6969 ], [ 3.87618, 44.69594 ], [ 3.87416, 44.69601 ], [ 3.86965, 44.69696 ], [ 3.86867, 44.69833 ], [ 3.86997, 44.69958 ], [ 3.86943, 44.70084 ], [ 3.8672, 44.70227 ], [ 3.86806, 44.70387 ], [ 3.87234, 44.70561 ], [ 3.87256, 44.70723 ], [ 3.87084, 44.70865 ], [ 3.86798, 44.70837 ], [ 3.86458, 44.7104 ], [ 3.86187, 44.71057 ], [ 3.86151, 44.71202 ], [ 3.86274, 44.71317 ], [ 3.86285, 44.71479 ], [ 3.86464, 44.71795 ], [ 3.86196, 44.71889 ], [ 3.8623, 44.7201 ], [ 3.86632, 44.72657 ], [ 3.86686, 44.72842 ], [ 3.87059, 44.72822 ], [ 3.8712, 44.72985 ], [ 3.87488, 44.73078 ], [ 3.87484, 44.73155 ], [ 3.8782, 44.73231 ], [ 3.87698, 44.73579 ], [ 3.87752, 44.73745 ], [ 3.87546, 44.74063 ], [ 3.87306, 44.74067 ], [ 3.86805, 44.74204 ], [ 3.86573, 44.74339 ], [ 3.86395, 44.74303 ], [ 3.86253, 44.74386 ], [ 3.86009, 44.74458 ], [ 3.85935, 44.74539 ], [ 3.85527, 44.74625 ], [ 3.8518, 44.74598 ], [ 3.85005, 44.7465 ], [ 3.8473, 44.74528 ], [ 3.84334, 44.74678 ], [ 3.84218, 44.74576 ], [ 3.8397, 44.74708 ], [ 3.83543, 44.74804 ], [ 3.83619, 44.75109 ], [ 3.83428, 44.75273 ], [ 3.82982, 44.75479 ], [ 3.83046, 44.75616 ], [ 3.83293, 44.75677 ], [ 3.8345, 44.75882 ], [ 3.83725, 44.76004 ], [ 3.84113, 44.76598 ], [ 3.84287, 44.76766 ], [ 3.84319, 44.77022 ], [ 3.84185, 44.77212 ], [ 3.83752, 44.77331 ], [ 3.83512, 44.77339 ], [ 3.83356, 44.77647 ], [ 3.83154, 44.77668 ], [ 3.82872, 44.77454 ], [ 3.82534, 44.77387 ], [ 3.82351, 44.77399 ], [ 3.81937, 44.77256 ], [ 3.81772, 44.7719 ], [ 3.81811, 44.77014 ], [ 3.81585, 44.76827 ], [ 3.81233, 44.76878 ], [ 3.81214, 44.76603 ], [ 3.80927, 44.76516 ], [ 3.80854, 44.76665 ], [ 3.806, 44.768 ], [ 3.80333, 44.77042 ], [ 3.8049, 44.77247 ], [ 3.80339, 44.77735 ], [ 3.80229, 44.77916 ], [ 3.80323, 44.78158 ], [ 3.80101, 44.78332 ], [ 3.79853, 44.78609 ], [ 3.7971, 44.78643 ], [ 3.79392, 44.78831 ], [ 3.79014, 44.79115 ], [ 3.78763, 44.79231 ], [ 3.78716, 44.79366 ], [ 3.78285, 44.79538 ], [ 3.77989, 44.7956 ], [ 3.779, 44.79817 ], [ 3.778, 44.79873 ], [ 3.7753, 44.79656 ], [ 3.77307, 44.79627 ], [ 3.77126, 44.7972 ], [ 3.77168, 44.79881 ], [ 3.77338, 44.79892 ], [ 3.77394, 44.80044 ], [ 3.77175, 44.80173 ], [ 3.77141, 44.80318 ], [ 3.76871, 44.80384 ], [ 3.76661, 44.80306 ], [ 3.76414, 44.80038 ], [ 3.76238, 44.80067 ], [ 3.7612, 44.80186 ], [ 3.76063, 44.80452 ], [ 3.75877, 44.80558 ], [ 3.75878, 44.80652 ], [ 3.76238, 44.80882 ], [ 3.76304, 44.80981 ], [ 3.76138, 44.8119 ], [ 3.76174, 44.81373 ], [ 3.75983, 44.81605 ], [ 3.75589, 44.81705 ], [ 3.75507, 44.81994 ], [ 3.75156, 44.82137 ], [ 3.74994, 44.82288 ], [ 3.74979, 44.82405 ], [ 3.75139, 44.82507 ], [ 3.75155, 44.8284 ], [ 3.74915, 44.82851 ], [ 3.74663, 44.82945 ], [ 3.74521, 44.83634 ], [ 3.74444, 44.8378 ], [ 3.74255, 44.83895 ], [ 3.738, 44.83887 ], [ 3.73538, 44.84011 ], [ 3.73457, 44.83846 ], [ 3.73699, 44.83614 ], [ 3.73697, 44.83497 ], [ 3.73464, 44.83301 ], [ 3.7282, 44.83381 ], [ 3.72591, 44.83289 ], [ 3.72289, 44.83099 ], [ 3.71746, 44.8315 ], [ 3.71435, 44.83312 ], [ 3.71161, 44.83572 ], [ 3.70822, 44.83657 ], [ 3.70447, 44.83594 ], [ 3.70013, 44.83666 ], [ 3.69791, 44.83637 ], [ 3.69917, 44.83343 ], [ 3.69743, 44.83188 ], [ 3.69544, 44.83096 ], [ 3.69406, 44.83156 ], [ 3.68876, 44.83206 ], [ 3.68686, 44.83182 ], [ 3.6862, 44.83034 ], [ 3.68339, 44.82921 ], [ 3.68044, 44.8301 ], [ 3.67304, 44.83045 ], [ 3.67101, 44.83007 ], [ 3.66902, 44.82888 ], [ 3.66636, 44.82878 ], [ 3.66534, 44.83081 ], [ 3.66323, 44.82983 ], [ 3.66199, 44.83149 ], [ 3.66293, 44.83231 ], [ 3.65937, 44.8335 ], [ 3.65742, 44.83612 ], [ 3.66227, 44.83796 ], [ 3.66667, 44.83997 ], [ 3.66961, 44.84089 ], [ 3.67182, 44.84339 ], [ 3.67157, 44.84627 ], [ 3.67096, 44.84731 ], [ 3.67047, 44.85087 ], [ 3.67165, 44.85283 ], [ 3.67364, 44.85412 ], [ 3.67244, 44.85683 ], [ 3.66677, 44.85757 ], [ 3.66375, 44.86142 ], [ 3.66155, 44.86496 ], [ 3.66122, 44.86722 ], [ 3.65975, 44.86853 ], [ 3.65985, 44.87106 ], [ 3.65772, 44.87153 ], [ 3.65364, 44.87594 ], [ 3.65244, 44.87605 ], [ 3.65108, 44.87431 ], [ 3.64838, 44.87542 ], [ 3.64636, 44.87567 ], [ 3.6443, 44.87713 ], [ 3.64388, 44.87817 ], [ 3.6396, 44.8785 ], [ 3.63688, 44.87764 ], [ 3.63338, 44.87833 ], [ 3.63254, 44.87731 ], [ 3.63174, 44.87862 ], [ 3.63005, 44.8794 ], [ 3.63021, 44.88093 ], [ 3.62645, 44.88025 ], [ 3.62281, 44.87818 ], [ 3.62257, 44.87603 ], [ 3.61802, 44.87585 ], [ 3.61475, 44.87418 ], [ 3.61205, 44.87547 ], [ 3.60919, 44.8777 ], [ 3.60828, 44.87933 ], [ 3.60328, 44.87943 ], [ 3.59979, 44.87875 ], [ 3.59658, 44.87698 ], [ 3.59373, 44.87657 ], [ 3.59532, 44.8743 ], [ 3.59407, 44.87215 ], [ 3.59512, 44.87097 ], [ 3.59544, 44.86845 ], [ 3.59421, 44.86756 ], [ 3.59658, 44.86513 ], [ 3.5973, 44.8632 ], [ 3.59866, 44.86207 ], [ 3.59874, 44.85972 ], [ 3.59688, 44.85907 ], [ 3.5976, 44.85695 ], [ 3.5944, 44.85514 ], [ 3.59586, 44.85216 ], [ 3.59177, 44.84724 ], [ 3.59042, 44.84663 ], [ 3.59206, 44.8436 ], [ 3.5943, 44.8411 ], [ 3.59, 44.8384 ], [ 3.58663, 44.83812 ], [ 3.588, 44.83401 ], [ 3.58936, 44.83219 ], [ 3.5902, 44.82755 ], [ 3.58892, 44.8264 ], [ 3.58245, 44.82611 ], [ 3.57884, 44.82542 ], [ 3.57723, 44.82985 ], [ 3.57454, 44.83461 ], [ 3.57183, 44.83505 ], [ 3.57058, 44.83587 ], [ 3.56885, 44.83422 ], [ 3.56509, 44.83304 ], [ 3.56022, 44.83279 ], [ 3.56232, 44.8279 ], [ 3.5623, 44.82592 ], [ 3.56152, 44.82488 ], [ 3.55172, 44.82576 ], [ 3.5452, 44.82808 ], [ 3.54305, 44.82838 ], [ 3.53697, 44.82812 ], [ 3.53487, 44.82755 ], [ 3.53139, 44.82772 ], [ 3.52048, 44.82541 ], [ 3.51181, 44.82478 ], [ 3.51035, 44.82412 ], [ 3.50738, 44.82423 ], [ 3.50565, 44.82385 ], [ 3.49872, 44.81884 ], [ 3.49762, 44.81749 ], [ 3.49365, 44.8147 ], [ 3.49301, 44.81106 ], [ 3.49099, 44.80847 ], [ 3.48907, 44.807 ], [ 3.48704, 44.80644 ], [ 3.4819, 44.80807 ], [ 3.47824, 44.80968 ], [ 3.47757, 44.81355 ], [ 3.47409, 44.81651 ], [ 3.46897, 44.82354 ], [ 3.46771, 44.82395 ], [ 3.46469, 44.82727 ], [ 3.4647, 44.82794 ], [ 3.46167, 44.82883 ], [ 3.45599, 44.82916 ], [ 3.45535, 44.83177 ], [ 3.45761, 44.83454 ], [ 3.45841, 44.83614 ], [ 3.45885, 44.83993 ], [ 3.4556, 44.84468 ], [ 3.4542, 44.84456 ], [ 3.45131, 44.8454 ], [ 3.45039, 44.84712 ], [ 3.44683, 44.8499 ], [ 3.44379, 44.85299 ], [ 3.4418, 44.85423 ], [ 3.43862, 44.86082 ], [ 3.43777, 44.87253 ], [ 3.43571, 44.88024 ], [ 3.42706, 44.89047 ], [ 3.42045, 44.8951 ], [ 3.41798, 44.90077 ], [ 3.41926, 44.90524 ], [ 3.417, 44.90625 ], [ 3.41926, 44.90843 ], [ 3.4172, 44.91016 ], [ 3.41705, 44.91177 ], [ 3.41524, 44.91301 ], [ 3.41401, 44.91504 ], [ 3.41038, 44.91778 ], [ 3.41383, 44.91986 ], [ 3.41349, 44.92211 ], [ 3.41426, 44.92553 ], [ 3.41581, 44.92741 ], [ 3.41562, 44.93114 ], [ 3.41241, 44.93873 ], [ 3.41519, 44.94158 ], [ 3.41283, 44.94484 ], [ 3.4118, 44.94666 ], [ 3.40797, 44.95196 ], [ 3.40516, 44.95527 ], [ 3.40438, 44.95703 ], [ 3.39994, 44.95724 ], [ 3.39725, 44.95853 ], [ 3.39571, 44.95756 ], [ 3.39357, 44.95524 ], [ 3.39276, 44.95251 ], [ 3.38907, 44.95137 ], [ 3.38562, 44.9532 ], [ 3.38178, 44.95449 ], [ 3.37392, 44.95852 ], [ 3.37135, 44.96025 ], [ 3.37224, 44.96343 ], [ 3.37528, 44.96359 ], [ 3.37619, 44.96462 ], [ 3.37031, 44.96999 ], [ 3.37271, 44.97572 ], [ 3.36229, 44.97131 ], [ 3.36134, 44.97141 ], [ 3.35545, 44.9603 ], [ 3.35453, 44.95482 ], [ 3.35275, 44.95457 ], [ 3.34909, 44.95532 ], [ 3.34283, 44.95543 ], [ 3.33795, 44.95591 ], [ 3.33474, 44.95405 ], [ 3.32919, 44.95185 ], [ 3.32868, 44.95131 ], [ 3.31531, 44.94417 ], [ 3.31535, 44.94184 ], [ 3.31622, 44.94062 ], [ 3.31333, 44.93849 ], [ 3.31039, 44.93765 ], [ 3.30826, 44.93901 ], [ 3.30684, 44.94114 ], [ 3.30403, 44.93995 ], [ 3.30181, 44.94002 ], [ 3.29914, 44.93909 ], [ 3.29839, 44.93627 ], [ 3.29584, 44.93449 ], [ 3.29198, 44.9311 ], [ 3.28962, 44.92991 ], [ 3.28825, 44.92812 ], [ 3.28566, 44.92631 ], [ 3.27993, 44.92607 ], [ 3.27576, 44.92655 ], [ 3.27166, 44.9274 ], [ 3.26581, 44.93046 ], [ 3.26153, 44.93207 ], [ 3.26177, 44.93544 ], [ 3.26229, 44.93669 ], [ 3.26563, 44.93883 ], [ 3.26801, 44.94142 ], [ 3.26663, 44.94229 ], [ 3.26354, 44.94263 ], [ 3.25955, 44.94243 ], [ 3.25617, 44.9416 ], [ 3.25268, 44.94114 ], [ 3.25127, 44.94016 ], [ 3.24841, 44.93951 ], [ 3.24984, 44.93828 ], [ 3.25083, 44.93643 ], [ 3.25055, 44.93459 ], [ 3.24692, 44.93367 ], [ 3.24498, 44.93494 ], [ 3.24283, 44.93558 ], [ 3.24173, 44.9337 ], [ 3.24328, 44.93171 ], [ 3.24813, 44.92983 ], [ 3.24708, 44.92786 ], [ 3.24421, 44.92703 ], [ 3.24489, 44.92545 ], [ 3.2464, 44.92454 ], [ 3.24818, 44.9211 ], [ 3.24823, 44.91998 ], [ 3.24969, 44.91624 ], [ 3.24538, 44.91564 ], [ 3.24418, 44.91604 ], [ 3.2425, 44.91431 ], [ 3.23979, 44.9146 ], [ 3.23657, 44.91259 ], [ 3.22781, 44.90993 ], [ 3.22643, 44.90998 ], [ 3.22889, 44.90596 ], [ 3.22866, 44.9033 ], [ 3.22705, 44.89814 ], [ 3.22754, 44.89612 ], [ 3.23023, 44.8938 ], [ 3.23453, 44.88949 ], [ 3.23611, 44.88935 ], [ 3.23633, 44.88791 ], [ 3.23496, 44.88668 ], [ 3.23155, 44.88546 ], [ 3.2289, 44.8862 ], [ 3.22717, 44.88477 ], [ 3.22735, 44.88347 ], [ 3.22494, 44.88345 ], [ 3.22567, 44.88208 ], [ 3.22249, 44.88068 ], [ 3.22229, 44.87982 ], [ 3.22025, 44.8788 ], [ 3.21673, 44.87612 ], [ 3.21571, 44.87436 ], [ 3.21177, 44.87472 ], [ 3.21073, 44.87329 ], [ 3.20923, 44.87384 ], [ 3.20405, 44.87416 ], [ 3.2016, 44.87507 ], [ 3.19918, 44.87464 ], [ 3.19688, 44.87286 ], [ 3.19426, 44.87148 ], [ 3.19259, 44.86965 ], [ 3.19361, 44.86617 ], [ 3.19181, 44.86403 ], [ 3.19236, 44.86273 ], [ 3.18855, 44.86145 ], [ 3.18715, 44.86145 ], [ 3.18231, 44.86373 ], [ 3.18162, 44.86469 ], [ 3.17722, 44.8699 ], [ 3.17489, 44.87094 ], [ 3.17353, 44.87299 ], [ 3.16992, 44.87327 ], [ 3.16874, 44.87445 ], [ 3.16703, 44.87487 ], [ 3.16467, 44.87381 ], [ 3.16356, 44.87543 ], [ 3.16518, 44.87821 ], [ 3.16142, 44.8813 ], [ 3.1612, 44.8832 ], [ 3.16009, 44.88523 ], [ 3.15707, 44.88692 ], [ 3.15607, 44.88818 ], [ 3.15438, 44.88855 ], [ 3.15344, 44.89014 ], [ 3.15317, 44.89302 ], [ 3.15009, 44.89412 ], [ 3.14866, 44.89584 ], [ 3.14621, 44.89748 ], [ 3.14459, 44.89943 ], [ 3.14424, 44.90208 ], [ 3.1411, 44.90332 ], [ 3.13369, 44.90333 ], [ 3.13162, 44.90374 ], [ 3.12838, 44.90358 ], [ 3.12723, 44.90287 ], [ 3.12536, 44.9 ], [ 3.12513, 44.89713 ], [ 3.12232, 44.89589 ], [ 3.12142, 44.89486 ], [ 3.12391, 44.89173 ], [ 3.12401, 44.88989 ], [ 3.1228, 44.88949 ], [ 3.11788, 44.89024 ], [ 3.11702, 44.89173 ], [ 3.11742, 44.89379 ], [ 3.11509, 44.894 ], [ 3.11365, 44.8904 ], [ 3.11178, 44.88817 ], [ 3.10968, 44.8871 ], [ 3.10398, 44.88656 ], [ 3.10313, 44.88463 ], [ 3.1058, 44.88145 ], [ 3.10679, 44.8797 ], [ 3.10637, 44.87691 ], [ 3.1035, 44.87545 ], [ 3.10285, 44.87424 ], [ 3.10287, 44.87046 ], [ 3.10493, 44.86864 ], [ 3.10732, 44.86728 ], [ 3.10498, 44.86627 ], [ 3.10338, 44.86511 ], [ 3.10329, 44.86298 ], [ 3.10206, 44.86115 ], [ 3.09671, 44.8588 ], [ 3.09478, 44.85679 ], [ 3.09324, 44.85424 ], [ 3.09504, 44.85261 ], [ 3.0949, 44.85057 ], [ 3.09799, 44.85034 ], [ 3.0988, 44.84893 ], [ 3.0968, 44.84665 ], [ 3.09975, 44.84487 ], [ 3.10018, 44.84392 ], [ 3.09732, 44.84219 ], [ 3.09931, 44.84006 ], [ 3.09894, 44.83557 ], [ 3.09916, 44.83291 ], [ 3.09506, 44.8338 ], [ 3.09385, 44.83312 ], [ 3.09056, 44.83261 ], [ 3.08779, 44.8332 ], [ 3.0853, 44.83309 ], [ 3.08078, 44.83483 ], [ 3.07266, 44.83744 ], [ 3.07149, 44.83579 ], [ 3.07172, 44.83309 ], [ 3.07416, 44.82672 ], [ 3.07698, 44.82428 ], [ 3.07278, 44.82273 ], [ 3.06943, 44.8228 ], [ 3.06664, 44.82174 ], [ 3.06217, 44.81898 ], [ 3.0614, 44.81786 ], [ 3.06163, 44.81556 ], [ 3.06002, 44.81349 ], [ 3.0578, 44.81315 ], [ 3.05766, 44.81149 ], [ 3.05669, 44.80992 ], [ 3.0519, 44.80572 ], [ 3.04809, 44.80425 ], [ 3.0466, 44.80174 ], [ 3.04575, 44.79905 ], [ 3.04596, 44.79778 ], [ 3.04943, 44.79385 ], [ 3.04826, 44.79188 ], [ 3.04822, 44.78896 ], [ 3.05172, 44.78525 ], [ 3.04968, 44.78485 ], [ 3.04923, 44.7831 ], [ 3.04997, 44.78188 ], [ 3.05046, 44.78107 ], [ 3.04988, 44.77874 ], [ 3.04624, 44.77705 ], [ 3.04259, 44.77221 ], [ 3.04496, 44.76958 ], [ 3.04562, 44.76684 ], [ 3.048, 44.76547 ], [ 3.04904, 44.76272 ], [ 3.04612, 44.76157 ], [ 3.04379, 44.76131 ], [ 3.04224, 44.75938 ], [ 3.03921, 44.75891 ], [ 3.03647, 44.75677 ], [ 3.03486, 44.75421 ], [ 3.03534, 44.75272 ], [ 3.03482, 44.75128 ], [ 3.03108, 44.74941 ], [ 3.03104, 44.74716 ], [ 3.02995, 44.746 ], [ 3.03162, 44.74298 ], [ 3.03047, 44.74105 ], [ 3.0309, 44.73956 ], [ 3.03068, 44.73705 ], [ 3.02976, 44.73372 ], [ 3.02875, 44.73318 ], [ 3.02636, 44.72893 ], [ 3.02818, 44.72833 ], [ 3.0314, 44.72813 ], [ 3.03141, 44.72917 ], [ 3.03443, 44.72919 ], [ 3.03535, 44.72721 ], [ 3.03533, 44.72523 ], [ 3.03684, 44.72423 ], [ 3.03801, 44.72157 ], [ 3.03922, 44.71706 ], [ 3.03913, 44.71499 ], [ 3.03131, 44.71576 ], [ 3.02892, 44.71689 ], [ 3.0263, 44.71694 ], [ 3.02474, 44.71568 ], [ 3.02472, 44.71404 ], [ 3.01653, 44.71437 ], [ 3.01452, 44.71063 ], [ 3.01268, 44.70934 ], [ 3.0141, 44.70686 ], [ 3.01326, 44.70471 ], [ 3.01356, 44.7034 ], [ 3.01134, 44.70224 ], [ 3.01024, 44.70004 ], [ 3.00923, 44.70005 ], [ 3.00877, 44.69716 ], [ 3.00716, 44.69538 ], [ 3.00866, 44.69425 ], [ 3.00591, 44.69111 ], [ 3.00433, 44.69076 ], [ 3.00336, 44.68942 ], [ 3.00121, 44.68912 ], [ 3.00092, 44.68792 ], [ 3.00276, 44.68618 ], [ 3.00199, 44.68452 ], [ 3.00054, 44.68413 ], [ 3.00139, 44.68142 ], [ 2.99929, 44.67518 ], [ 2.99801, 44.67288 ], [ 2.99656, 44.67222 ], [ 2.99558, 44.66993 ], [ 2.98795, 44.6622 ], [ 2.98594, 44.65874 ], [ 2.98393, 44.6567 ], [ 2.98305, 44.65299 ], [ 2.98176, 44.652 ], [ 2.98306, 44.6502 ], [ 2.98494, 44.65037 ], [ 2.98168, 44.64468 ], [ 2.97545, 44.64472 ], [ 2.973, 44.64572 ], [ 2.972, 44.6473 ], [ 2.97025, 44.64826 ], [ 2.9675, 44.65061 ], [ 2.96607, 44.65242 ], [ 2.96376, 44.65431 ], [ 2.96187, 44.65447 ], [ 2.96318, 44.65868 ], [ 2.95972, 44.65969 ], [ 2.95618, 44.6598 ], [ 2.95493, 44.66076 ], [ 2.95541, 44.66331 ], [ 2.95482, 44.66778 ], [ 2.95037, 44.66992 ], [ 2.94894, 44.6719 ], [ 2.94821, 44.67443 ], [ 2.94388, 44.6771 ], [ 2.94167, 44.67685 ], [ 2.93935, 44.67758 ], [ 2.93774, 44.68055 ], [ 2.93858, 44.68248 ], [ 2.94137, 44.68395 ], [ 2.94383, 44.68376 ], [ 2.9444, 44.68466 ], [ 2.94141, 44.68662 ], [ 2.93885, 44.69081 ], [ 2.93981, 44.69206 ], [ 2.93824, 44.69333 ], [ 2.93566, 44.69357 ], [ 2.93274, 44.69665 ], [ 2.93387, 44.69741 ], [ 2.93509, 44.705 ], [ 2.93089, 44.71303 ], [ 2.92761, 44.7203 ], [ 2.92559, 44.7271 ], [ 2.92382, 44.72729 ], [ 2.92326, 44.72864 ], [ 2.92454, 44.72949 ], [ 2.92842, 44.73351 ], [ 2.93221, 44.73818 ], [ 2.93524, 44.74487 ], [ 2.9333, 44.74623 ], [ 2.93377, 44.74987 ], [ 2.93233, 44.75078 ], [ 2.93139, 44.75299 ], [ 2.92883, 44.75436 ], [ 2.92746, 44.7567 ], [ 2.92621, 44.75729 ], [ 2.92361, 44.7564 ], [ 2.92284, 44.75461 ], [ 2.92006, 44.7548 ], [ 2.91698, 44.7564 ], [ 2.91147, 44.76182 ], [ 2.91255, 44.76258 ], [ 2.91346, 44.76469 ], [ 2.91745, 44.76669 ], [ 2.92004, 44.76565 ], [ 2.92206, 44.76595 ], [ 2.92426, 44.76427 ], [ 2.92765, 44.76336 ], [ 2.93074, 44.76177 ], [ 2.9333, 44.76545 ], [ 2.93565, 44.76696 ], [ 2.9358, 44.76845 ], [ 2.93443, 44.7707 ], [ 2.9356, 44.77389 ], [ 2.93775, 44.77487 ], [ 2.93452, 44.7792 ], [ 2.93377, 44.78065 ], [ 2.93228, 44.78337 ], [ 2.92966, 44.78607 ], [ 2.92638, 44.7878 ], [ 2.92535, 44.79109 ], [ 2.92019, 44.79431 ], [ 2.916, 44.79158 ], [ 2.91156, 44.79057 ], [ 2.91111, 44.789 ], [ 2.9088, 44.78645 ], [ 2.90626, 44.78502 ], [ 2.90511, 44.78377 ], [ 2.89277, 44.7864 ], [ 2.89208, 44.78725 ], [ 2.88786, 44.78921 ], [ 2.88938, 44.79077 ], [ 2.88933, 44.79194 ], [ 2.88682, 44.79362 ], [ 2.88601, 44.79506 ], [ 2.88326, 44.79746 ], [ 2.87945, 44.8031 ], [ 2.87721, 44.8073 ], [ 2.87762, 44.80986 ], [ 2.87593, 44.81498 ], [ 2.87475, 44.81645 ], [ 2.87224, 44.8184 ], [ 2.87054, 44.82451 ], [ 2.87041, 44.82942 ], [ 2.86804, 44.83339 ], [ 2.86678, 44.83426 ], [ 2.86369, 44.8349 ], [ 2.86174, 44.83594 ], [ 2.86093, 44.83837 ], [ 2.85998, 44.83879 ], [ 2.85932, 44.84148 ], [ 2.86034, 44.84251 ], [ 2.864, 44.8425 ], [ 2.86559, 44.84362 ], [ 2.86513, 44.84725 ], [ 2.86259, 44.84749 ], [ 2.86211, 44.84962 ], [ 2.86016, 44.85062 ], [ 2.85907, 44.8489 ], [ 2.85755, 44.84878 ], [ 2.8549, 44.85041 ], [ 2.85625, 44.8519 ], [ 2.85506, 44.85326 ], [ 2.85608, 44.85469 ], [ 2.8556, 44.8559 ], [ 2.85671, 44.86022 ], [ 2.85649, 44.86539 ], [ 2.86075, 44.86716 ], [ 2.86126, 44.86838 ], [ 2.85945, 44.87042 ], [ 2.85968, 44.87446 ], [ 2.8564, 44.87529 ], [ 2.85493, 44.87431 ], [ 2.85378, 44.87296 ], [ 2.85149, 44.87184 ], [ 2.84795, 44.8715 ], [ 2.84327, 44.87273 ], [ 2.84188, 44.87274 ], [ 2.83878, 44.87158 ], [ 2.83674, 44.87146 ], [ 2.83232, 44.87256 ], [ 2.82992, 44.8723 ], [ 2.82605, 44.87061 ], [ 2.82459, 44.87071 ], [ 2.82074, 44.87207 ], [ 2.81928, 44.87194 ], [ 2.81616, 44.86953 ], [ 2.8135, 44.86939 ], [ 2.80797, 44.87415 ], [ 2.80418, 44.87439 ], [ 2.80196, 44.87363 ], [ 2.79915, 44.86946 ], [ 2.79781, 44.8687 ], [ 2.79521, 44.8688 ], [ 2.79046, 44.86724 ], [ 2.78403, 44.86276 ], [ 2.78276, 44.86165 ], [ 2.78161, 44.85954 ], [ 2.78131, 44.85769 ], [ 2.78073, 44.85719 ], [ 2.77581, 44.85775 ], [ 2.77385, 44.85474 ], [ 2.77173, 44.8563 ], [ 2.77027, 44.85941 ], [ 2.76961, 44.86322 ], [ 2.76778, 44.86431 ], [ 2.76741, 44.86558 ], [ 2.76838, 44.86746 ], [ 2.76896, 44.87057 ], [ 2.77062, 44.8707 ], [ 2.77007, 44.8738 ], [ 2.76888, 44.87482 ], [ 2.77116, 44.87605 ], [ 2.77063, 44.87984 ], [ 2.77348, 44.87985 ], [ 2.77571, 44.88349 ], [ 2.77541, 44.8848 ], [ 2.77859, 44.8875 ], [ 2.77676, 44.88863 ], [ 2.77447, 44.89453 ], [ 2.77307, 44.89584 ], [ 2.77352, 44.89673 ], [ 2.77209, 44.89849 ], [ 2.77186, 44.90227 ], [ 2.77328, 44.90514 ], [ 2.77609, 44.90896 ], [ 2.7761, 44.90964 ], [ 2.77534, 44.91031 ], [ 2.77353, 44.9141 ], [ 2.77354, 44.91509 ], [ 2.77185, 44.91802 ], [ 2.76667, 44.92105 ], [ 2.76536, 44.92255 ], [ 2.76095, 44.92557 ], [ 2.76022, 44.92994 ], [ 2.75524, 44.93297 ], [ 2.75164, 44.93393 ], [ 2.74841, 44.93277 ], [ 2.74593, 44.93144 ], [ 2.74362, 44.92928 ], [ 2.74178, 44.92961 ], [ 2.74123, 44.93276 ], [ 2.74315, 44.93468 ], [ 2.74304, 44.93657 ], [ 2.74153, 44.93802 ], [ 2.74053, 44.93999 ], [ 2.73825, 44.94122 ], [ 2.73769, 44.94037 ], [ 2.73349, 44.93831 ], [ 2.73348, 44.93737 ], [ 2.73101, 44.93675 ], [ 2.72924, 44.93693 ], [ 2.72662, 44.93352 ], [ 2.72673, 44.93106 ], [ 2.72569, 44.928 ], [ 2.72404, 44.92665 ], [ 2.72402, 44.92458 ], [ 2.72111, 44.92495 ], [ 2.72048, 44.92585 ], [ 2.71677, 44.92883 ], [ 2.71359, 44.92713 ], [ 2.71498, 44.92578 ], [ 2.71554, 44.92398 ], [ 2.71345, 44.92367 ], [ 2.71324, 44.92165 ], [ 2.71107, 44.91918 ], [ 2.71246, 44.91836 ], [ 2.71226, 44.9172 ], [ 2.71043, 44.91675 ], [ 2.70984, 44.91474 ], [ 2.70753, 44.91095 ], [ 2.70828, 44.90834 ], [ 2.70637, 44.90709 ], [ 2.70047, 44.90419 ], [ 2.69661, 44.90379 ], [ 2.69507, 44.90442 ], [ 2.69592, 44.90771 ], [ 2.69427, 44.90767 ], [ 2.69439, 44.90483 ], [ 2.69254, 44.90398 ], [ 2.69031, 44.90215 ], [ 2.68799, 44.90418 ], [ 2.68736, 44.9058 ], [ 2.68344, 44.90496 ], [ 2.68345, 44.90707 ], [ 2.68187, 44.90735 ], [ 2.68048, 44.90686 ], [ 2.68045, 44.90416 ], [ 2.67621, 44.90386 ], [ 2.67486, 44.9007 ], [ 2.67283, 44.89923 ], [ 2.67098, 44.89585 ], [ 2.66634, 44.89241 ], [ 2.66506, 44.89012 ], [ 2.66157, 44.88891 ], [ 2.65796, 44.88685 ], [ 2.65807, 44.88352 ], [ 2.65932, 44.88329 ], [ 2.65861, 44.88019 ], [ 2.65872, 44.87664 ], [ 2.65749, 44.87372 ], [ 2.65622, 44.87242 ], [ 2.65477, 44.87206 ], [ 2.65425, 44.86968 ], [ 2.65287, 44.87036 ], [ 2.65096, 44.86955 ], [ 2.64831, 44.86991 ], [ 2.6478, 44.87082 ], [ 2.64368, 44.87001 ], [ 2.64166, 44.87061 ], [ 2.64008, 44.87196 ], [ 2.63446, 44.87283 ], [ 2.63054, 44.87284 ], [ 2.62908, 44.87226 ], [ 2.62915, 44.87149 ], [ 2.6266, 44.86912 ], [ 2.62577, 44.86719 ], [ 2.62317, 44.86647 ], [ 2.62246, 44.86359 ], [ 2.62163, 44.86301 ], [ 2.62156, 44.86085 ], [ 2.62079, 44.85897 ], [ 2.61775, 44.85667 ], [ 2.61843, 44.85469 ], [ 2.61854, 44.85217 ], [ 2.61683, 44.85078 ], [ 2.61538, 44.85272 ], [ 2.61163, 44.84769 ], [ 2.61018, 44.84756 ], [ 2.60699, 44.84446 ], [ 2.60458, 44.84465 ], [ 2.60268, 44.84317 ], [ 2.60267, 44.84123 ], [ 2.60475, 44.84005 ], [ 2.60361, 44.83902 ], [ 2.60614, 44.83731 ], [ 2.60772, 44.8374 ], [ 2.60872, 44.835 ], [ 2.61011, 44.83447 ], [ 2.61137, 44.83266 ], [ 2.61161, 44.83068 ], [ 2.61046, 44.8292 ], [ 2.60989, 44.82597 ], [ 2.60793, 44.82597 ], [ 2.60747, 44.82394 ], [ 2.60633, 44.82327 ], [ 2.60298, 44.82368 ], [ 2.60127, 44.82153 ], [ 2.59842, 44.82077 ], [ 2.59695, 44.82028 ], [ 2.59853, 44.81843 ], [ 2.59921, 44.81506 ], [ 2.59883, 44.81388 ], [ 2.60097, 44.81343 ], [ 2.60058, 44.80993 ], [ 2.60196, 44.80798 ], [ 2.6, 44.80618 ], [ 2.60042, 44.80344 ], [ 2.59909, 44.80173 ], [ 2.60085, 44.80096 ], [ 2.60077, 44.79841 ], [ 2.5995, 44.79544 ], [ 2.6, 44.79305 ], [ 2.59822, 44.79243 ], [ 2.59715, 44.79076 ], [ 2.59284, 44.78856 ], [ 2.59145, 44.78717 ], [ 2.58656, 44.78399 ], [ 2.58282, 44.78386 ], [ 2.57817, 44.78599 ], [ 2.57355, 44.78496 ], [ 2.56924, 44.78168 ], [ 2.56716, 44.78065 ], [ 2.56589, 44.77849 ], [ 2.56449, 44.77809 ], [ 2.56284, 44.77787 ], [ 2.5627, 44.77473 ], [ 2.56484, 44.77265 ], [ 2.56371, 44.7709 ], [ 2.56236, 44.76708 ], [ 2.56305, 44.76582 ], [ 2.56116, 44.76424 ], [ 2.55994, 44.76235 ], [ 2.56126, 44.75915 ], [ 2.55614, 44.75773 ], [ 2.55368, 44.75742 ], [ 2.55284, 44.75584 ], [ 2.55058, 44.75608 ], [ 2.55057, 44.75414 ], [ 2.55189, 44.75346 ], [ 2.55327, 44.75094 ], [ 2.5537, 44.74806 ], [ 2.55143, 44.74882 ], [ 2.54998, 44.74838 ], [ 2.55275, 44.74558 ], [ 2.55489, 44.74472 ], [ 2.55393, 44.74266 ], [ 2.55166, 44.74168 ], [ 2.55424, 44.73915 ], [ 2.55329, 44.73803 ], [ 2.5512, 44.73821 ], [ 2.5507, 44.73664 ], [ 2.55391, 44.73496 ], [ 2.55561, 44.73487 ], [ 2.55572, 44.73352 ], [ 2.55239, 44.73339 ], [ 2.55213, 44.73145 ], [ 2.55093, 44.73128 ], [ 2.5494, 44.72934 ], [ 2.54952, 44.72853 ], [ 2.54574, 44.72791 ], [ 2.54453, 44.72513 ], [ 2.54718, 44.72489 ], [ 2.55368, 44.72525 ], [ 2.55443, 44.72574 ], [ 2.55514, 44.72911 ], [ 2.5595, 44.73149 ], [ 2.55995, 44.7309 ], [ 2.55785, 44.72938 ], [ 2.55735, 44.72811 ], [ 2.56075, 44.7273 ], [ 2.55796, 44.72519 ], [ 2.55827, 44.72272 ], [ 2.56042, 44.72118 ], [ 2.55864, 44.71984 ], [ 2.55549, 44.72124 ], [ 2.54975, 44.71944 ], [ 2.54891, 44.71639 ], [ 2.54493, 44.71527 ], [ 2.54077, 44.71352 ], [ 2.54019, 44.71169 ], [ 2.5364, 44.71196 ], [ 2.53267, 44.71098 ], [ 2.52756, 44.70796 ], [ 2.52629, 44.70657 ], [ 2.52376, 44.70504 ], [ 2.52206, 44.70518 ], [ 2.51802, 44.70415 ], [ 2.51971, 44.70118 ], [ 2.51889, 44.69903 ], [ 2.51794, 44.69849 ], [ 2.51642, 44.69539 ], [ 2.51414, 44.69309 ], [ 2.51105, 44.69576 ], [ 2.50947, 44.6935 ], [ 2.5058, 44.69284 ], [ 2.5048, 44.69184 ], [ 2.50012, 44.69019 ], [ 2.49866, 44.68677 ], [ 2.49859, 44.68434 ], [ 2.49651, 44.68205 ], [ 2.49409, 44.67643 ], [ 2.49264, 44.674 ], [ 2.49068, 44.67185 ], [ 2.48822, 44.67023 ], [ 2.48752, 44.66842 ], [ 2.48751, 44.66622 ], [ 2.48877, 44.66487 ], [ 2.4877, 44.66258 ], [ 2.48908, 44.66204 ], [ 2.48926, 44.66024 ], [ 2.49128, 44.65749 ], [ 2.49013, 44.65677 ], [ 2.48717, 44.65655 ], [ 2.48514, 44.65223 ], [ 2.48319, 44.65034 ], [ 2.48077, 44.64994 ], [ 2.47883, 44.649 ], [ 2.4731, 44.65216 ], [ 2.47196, 44.65202 ], [ 2.469, 44.64964 ], [ 2.46868, 44.64681 ], [ 2.46911, 44.64393 ], [ 2.46804, 44.64289 ], [ 2.46558, 44.64394 ], [ 2.46104, 44.64529 ], [ 2.45588, 44.64601 ], [ 2.45216, 44.64822 ], [ 2.44845, 44.64868 ], [ 2.44617, 44.64805 ], [ 2.44486, 44.64701 ], [ 2.44498, 44.64418 ], [ 2.44218, 44.6422 ], [ 2.4391, 44.64117 ], [ 2.435, 44.63888 ], [ 2.43022, 44.64028 ], [ 2.42846, 44.64298 ], [ 2.42481, 44.6441 ], [ 2.4231, 44.6441 ], [ 2.41654, 44.64254 ], [ 2.41226, 44.64411 ], [ 2.40685, 44.6469 ], [ 2.40477, 44.64718 ], [ 2.40362, 44.64727 ], [ 2.40135, 44.64542 ], [ 2.3989, 44.64524 ], [ 2.39713, 44.64619 ], [ 2.39436, 44.6461 ], [ 2.39071, 44.64359 ], [ 2.38781, 44.64426 ], [ 2.3873, 44.64561 ], [ 2.38926, 44.64822 ], [ 2.38894, 44.6493 ], [ 2.38542, 44.64926 ], [ 2.38005, 44.65129 ], [ 2.37867, 44.65075 ], [ 2.37627, 44.64678 ], [ 2.37501, 44.6457 ], [ 2.37155, 44.64489 ], [ 2.37009, 44.64413 ], [ 2.3667, 44.64121 ], [ 2.35698, 44.64139 ], [ 2.35453, 44.64013 ], [ 2.34911, 44.64094 ], [ 2.34841, 44.64265 ], [ 2.34646, 44.64382 ], [ 2.34368, 44.64454 ], [ 2.3375, 44.64769 ], [ 2.33448, 44.64774 ], [ 2.33296, 44.64873 ], [ 2.33246, 44.6504 ], [ 2.33448, 44.6517 ], [ 2.33417, 44.65435 ], [ 2.33606, 44.65485 ], [ 2.33788, 44.6566 ], [ 2.33618, 44.65975 ], [ 2.33624, 44.662 ], [ 2.33372, 44.6647 ], [ 2.33222, 44.66459 ], [ 2.32793, 44.66799 ], [ 2.32679, 44.66969 ], [ 2.32413, 44.66915 ], [ 2.32149, 44.66749 ], [ 2.3196, 44.66708 ], [ 2.31625, 44.66529 ], [ 2.31116, 44.66528 ], [ 2.30888, 44.66439 ], [ 2.30687, 44.66267 ], [ 2.30458, 44.66245 ], [ 2.30332, 44.66313 ], [ 2.30011, 44.66362 ], [ 2.29766, 44.66537 ], [ 2.29337, 44.66708 ], [ 2.28739, 44.66559 ], [ 2.28529, 44.66676 ], [ 2.28319, 44.66601 ], [ 2.28225, 44.66479 ], [ 2.27735, 44.66212 ], [ 2.27483, 44.66163 ], [ 2.27395, 44.66067 ], [ 2.27005, 44.66058 ], [ 2.26593, 44.66109 ], [ 2.26027, 44.65855 ], [ 2.25751, 44.65531 ], [ 2.25089, 44.65189 ], [ 2.24654, 44.65216 ], [ 2.24107, 44.65302 ], [ 2.2388, 44.654 ], [ 2.23561, 44.65468 ], [ 2.23415, 44.65547 ], [ 2.22863, 44.65511 ], [ 2.22504, 44.65247 ], [ 2.21754, 44.65046 ], [ 2.21591, 44.65069 ], [ 2.20929, 44.64492 ], [ 2.20841, 44.64384 ], [ 2.21146, 44.64033 ], [ 2.21127, 44.63835 ], [ 2.21323, 44.63741 ], [ 2.21096, 44.63592 ], [ 2.21177, 44.63377 ], [ 2.21191, 44.63129 ], [ 2.21375, 44.62917 ], [ 2.21458, 44.6267 ], [ 2.21615, 44.62445 ], [ 2.21785, 44.62468 ], [ 2.22069, 44.6232 ], [ 2.22057, 44.62203 ], [ 2.21755, 44.62198 ], [ 2.21566, 44.62045 ], [ 2.21068, 44.61873 ], [ 2.20885, 44.61631 ], [ 2.20748, 44.61553 ], [ 2.20552, 44.61648 ], [ 2.20627, 44.61778 ], [ 2.20431, 44.6181 ], [ 2.20299, 44.6198 ], [ 2.19953, 44.62089 ], [ 2.1994, 44.62228 ], [ 2.19757, 44.62339 ], [ 2.19321, 44.62496 ], [ 2.19459, 44.6264 ], [ 2.19377, 44.62802 ], [ 2.19219, 44.62663 ], [ 2.19043, 44.62916 ], [ 2.18634, 44.6286 ], [ 2.18336, 44.63108 ], [ 2.17989, 44.63471 ], [ 2.17655, 44.63547 ], [ 2.17435, 44.63462 ], [ 2.16942, 44.63798 ], [ 2.16841, 44.63919 ], [ 2.1689, 44.64298 ], [ 2.16864, 44.64473 ], [ 2.16926, 44.64788 ], [ 2.17083, 44.64815 ], [ 2.17267, 44.65027 ], [ 2.17449, 44.65136 ], [ 2.17404, 44.65365 ], [ 2.17197, 44.65509 ], [ 2.17007, 44.6581 ], [ 2.16601, 44.66129 ], [ 2.1626, 44.66227 ], [ 2.16184, 44.6634 ], [ 2.16575, 44.66462 ], [ 2.16846, 44.66426 ], [ 2.17193, 44.66633 ], [ 2.17425, 44.66873 ], [ 2.1762, 44.67165 ], [ 2.17625, 44.67251 ], [ 2.17915, 44.67445 ], [ 2.17701, 44.67615 ], [ 2.17429, 44.67737 ], [ 2.17302, 44.68051 ], [ 2.17056, 44.6819 ], [ 2.1667, 44.68649 ], [ 2.16303, 44.69022 ], [ 2.16061, 44.6944 ], [ 2.15953, 44.69741 ], [ 2.15665, 44.699 ], [ 2.1553, 44.70024 ], [ 2.15303, 44.70001 ], [ 2.15102, 44.69857 ], [ 2.14756, 44.69501 ], [ 2.14303, 44.69365 ], [ 2.13829, 44.69288 ], [ 2.13639, 44.69526 ], [ 2.13367, 44.69526 ], [ 2.13341, 44.69763 ], [ 2.13159, 44.69782 ], [ 2.13006, 44.69929 ], [ 2.13164, 44.70119 ], [ 2.13138, 44.70249 ], [ 2.13295, 44.7038 ], [ 2.13131, 44.70533 ], [ 2.13123, 44.70885 ], [ 2.13368, 44.70957 ], [ 2.13557, 44.71069 ], [ 2.13563, 44.71163 ], [ 2.13773, 44.71223 ], [ 2.13791, 44.71443 ], [ 2.14036, 44.71633 ], [ 2.14325, 44.71678 ], [ 2.14627, 44.72038 ], [ 2.14905, 44.72214 ], [ 2.14746, 44.72357 ], [ 2.14796, 44.72637 ], [ 2.15078, 44.72822 ], [ 2.1499, 44.73002 ], [ 2.15248, 44.73569 ], [ 2.15127, 44.7378 ], [ 2.15159, 44.73875 ], [ 2.15057, 44.74073 ], [ 2.15574, 44.74245 ], [ 2.15479, 44.74375 ], [ 2.15252, 44.74393 ], [ 2.15194, 44.74555 ], [ 2.15408, 44.7487 ], [ 2.1561, 44.74883 ], [ 2.15502, 44.75032 ], [ 2.15514, 44.75176 ], [ 2.15349, 44.75311 ], [ 2.15285, 44.75517 ], [ 2.15083, 44.75689 ], [ 2.1502, 44.75873 ], [ 2.15221, 44.75914 ], [ 2.1517, 44.76022 ], [ 2.14969, 44.76084 ], [ 2.14746, 44.76326 ], [ 2.14778, 44.76417 ], [ 2.15017, 44.76466 ], [ 2.14846, 44.76655 ], [ 2.15022, 44.76903 ], [ 2.14915, 44.7697 ], [ 2.15098, 44.77002 ], [ 2.15288, 44.76966 ], [ 2.15413, 44.77196 ], [ 2.15748, 44.77124 ], [ 2.15861, 44.77255 ], [ 2.16165, 44.77233 ], [ 2.16309, 44.77103 ], [ 2.16556, 44.77152 ], [ 2.16696, 44.77314 ], [ 2.16562, 44.77549 ], [ 2.16757, 44.77756 ], [ 2.16972, 44.77748 ], [ 2.16851, 44.78192 ], [ 2.16831, 44.783 ], [ 2.17146, 44.78562 ], [ 2.17163, 44.79025 ], [ 2.16936, 44.79269 ], [ 2.16751, 44.79529 ], [ 2.16751, 44.79808 ], [ 2.16605, 44.79902 ], [ 2.16643, 44.80105 ], [ 2.16573, 44.80325 ], [ 2.16478, 44.80383 ], [ 2.1652, 44.80789 ], [ 2.16772, 44.81096 ], [ 2.16588, 44.81212 ], [ 2.16526, 44.81356 ], [ 2.16304, 44.81391 ], [ 2.16057, 44.81566 ], [ 2.15874, 44.81638 ], [ 2.15424, 44.81655 ], [ 2.14828, 44.8205 ], [ 2.14664, 44.82103 ], [ 2.14461, 44.82369 ], [ 2.1398, 44.82383 ], [ 2.13879, 44.82517 ], [ 2.13531, 44.827 ], [ 2.13416, 44.82854 ], [ 2.13435, 44.83037 ], [ 2.13181, 44.83438 ], [ 2.12902, 44.83554 ], [ 2.12749, 44.83793 ], [ 2.12767, 44.84063 ], [ 2.12653, 44.84184 ], [ 2.12702, 44.84445 ], [ 2.12809, 44.84531 ], [ 2.12462, 44.84588 ], [ 2.12278, 44.8466 ], [ 2.12278, 44.84763 ], [ 2.11721, 44.84826 ], [ 2.11658, 44.85019 ], [ 2.11499, 44.85135 ], [ 2.11423, 44.85301 ], [ 2.11199, 44.85427 ], [ 2.10919, 44.85792 ], [ 2.10818, 44.85823 ], [ 2.10545, 44.8615 ], [ 2.10449, 44.86379 ], [ 2.10278, 44.86518 ], [ 2.10181, 44.86694 ], [ 2.09909, 44.86873 ], [ 2.097, 44.87112 ], [ 2.09351, 44.87237 ], [ 2.09249, 44.87543 ], [ 2.09078, 44.87569 ], [ 2.09051, 44.87875 ], [ 2.08968, 44.88212 ], [ 2.086, 44.88418 ], [ 2.08625, 44.88531 ], [ 2.08434, 44.88567 ], [ 2.08352, 44.8871 ], [ 2.08529, 44.88824 ], [ 2.08395, 44.89125 ], [ 2.08366, 44.89534 ], [ 2.08448, 44.89732 ], [ 2.08581, 44.89787 ], [ 2.087, 44.89994 ], [ 2.08591, 44.90384 ], [ 2.08704, 44.90403 ], [ 2.0899, 44.90304 ], [ 2.09217, 44.90431 ], [ 2.0956, 44.90485 ], [ 2.09826, 44.90473 ], [ 2.10117, 44.90568 ], [ 2.1011, 44.90703 ], [ 2.10501, 44.90817 ], [ 2.10811, 44.9106 ], [ 2.10671, 44.91118 ], [ 2.10353, 44.91581 ], [ 2.10212, 44.91644 ], [ 2.10458, 44.91977 ], [ 2.10224, 44.91963 ], [ 2.10002, 44.92098 ], [ 2.09906, 44.92241 ], [ 2.09628, 44.92286 ], [ 2.09476, 44.92366 ], [ 2.09279, 44.92564 ], [ 2.09171, 44.92582 ], [ 2.08923, 44.92856 ], [ 2.08739, 44.92923 ], [ 2.08371, 44.93214 ], [ 2.07901, 44.9324 ], [ 2.0778, 44.93393 ], [ 2.07671, 44.93658 ], [ 2.07696, 44.93955 ], [ 2.07601, 44.94103 ], [ 2.07675, 44.94194 ], [ 2.07973, 44.94275 ], [ 2.08023, 44.94388 ], [ 2.07857, 44.9463 ], [ 2.07882, 44.9482 ], [ 2.07977, 44.94915 ], [ 2.08083, 44.95171 ], [ 2.0807, 44.95329 ], [ 2.07801, 44.95625 ], [ 2.0758, 44.95742 ], [ 2.07477, 44.96011 ], [ 2.07229, 44.96203 ], [ 2.07064, 44.96257 ], [ 2.06923, 44.96572 ], [ 2.06891, 44.96766 ], [ 2.06757, 44.9691 ], [ 2.06761, 44.97251 ], [ 2.06602, 44.97431 ], [ 2.064, 44.97475 ], [ 2.06291, 44.97651 ], [ 2.0588, 44.97461 ], [ 2.05829, 44.97568 ], [ 2.05512, 44.97581 ], [ 2.05256, 44.97648 ], [ 2.05205, 44.9776 ], [ 2.04932, 44.97895 ], [ 2.04677, 44.98137 ], [ 2.04512, 44.98367 ], [ 2.04031, 44.98172 ], [ 2.03365, 44.98223 ], [ 2.03131, 44.98201 ], [ 2.02885, 44.98025 ], [ 2.02549, 44.98037 ], [ 2.02367, 44.97852 ], [ 2.01916, 44.97963 ], [ 2.01706, 44.97761 ], [ 2.01396, 44.97737 ], [ 2.01029, 44.97754 ], [ 2.00827, 44.97623 ], [ 2.00579, 44.97806 ], [ 2.00199, 44.97707 ], [ 1.9992, 44.9758 ], [ 1.9961, 44.97579 ], [ 1.99358, 44.97466 ], [ 1.99148, 44.97591 ], [ 1.98855, 44.97486 ], [ 1.98558, 44.97459 ], [ 1.98166, 44.97287 ], [ 1.97933, 44.97079 ], [ 1.97692, 44.96979 ], [ 1.9741, 44.96664 ], [ 1.97183, 44.96527 ], [ 1.96892, 44.96437 ], [ 1.9662, 44.96193 ], [ 1.96095, 44.96119 ], [ 1.9564, 44.95974 ], [ 1.95521, 44.95658 ], [ 1.95282, 44.95518 ], [ 1.95099, 44.95315 ], [ 1.94916, 44.95252 ], [ 1.94725, 44.95355 ], [ 1.94028, 44.95289 ], [ 1.94035, 44.95478 ], [ 1.94216, 44.95596 ], [ 1.94215, 44.95923 ], [ 1.94148, 44.964 ], [ 1.94165, 44.96652 ], [ 1.94017, 44.96995 ], [ 1.94015, 44.97183 ], [ 1.93907, 44.97322 ], [ 1.93673, 44.97303 ], [ 1.93341, 44.97455 ], [ 1.93226, 44.97662 ], [ 1.93049, 44.97683 ], [ 1.92883, 44.97867 ], [ 1.92718, 44.9788 ], [ 1.92497, 44.97677 ], [ 1.92194, 44.97613 ], [ 1.91957, 44.97742 ], [ 1.91691, 44.97701 ], [ 1.91658, 44.97831 ], [ 1.91398, 44.97898 ], [ 1.90982, 44.97789 ], [ 1.90778, 44.97824 ], [ 1.90502, 44.97471 ], [ 1.9028, 44.9749 ], [ 1.90231, 44.97326 ], [ 1.8992, 44.97244 ], [ 1.89809, 44.96942 ], [ 1.89899, 44.96772 ], [ 1.89665, 44.96744 ], [ 1.89462, 44.96563 ], [ 1.89064, 44.96418 ], [ 1.8895, 44.96454 ], [ 1.88729, 44.96272 ], [ 1.88743, 44.96182 ], [ 1.88605, 44.96002 ], [ 1.88582, 44.95786 ], [ 1.88709, 44.95634 ], [ 1.88083, 44.95536 ], [ 1.87892, 44.95568 ], [ 1.8743, 44.95458 ], [ 1.8714, 44.95331 ], [ 1.86861, 44.95406 ], [ 1.86659, 44.95207 ], [ 1.8632, 44.95022 ], [ 1.86321, 44.94783 ], [ 1.86056, 44.94778 ], [ 1.85612, 44.94708 ], [ 1.85354, 44.94603 ], [ 1.85105, 44.94625 ], [ 1.85011, 44.94503 ], [ 1.84741, 44.94349 ], [ 1.84488, 44.94307 ], [ 1.8451, 44.93979 ], [ 1.84435, 44.93803 ], [ 1.84277, 44.93708 ], [ 1.84169, 44.93779 ], [ 1.83644, 44.93746 ], [ 1.83774, 44.94088 ], [ 1.83752, 44.9439 ], [ 1.83687, 44.94534 ], [ 1.83313, 44.94609 ], [ 1.83117, 44.94549 ], [ 1.82996, 44.93969 ], [ 1.82936, 44.93396 ], [ 1.82843, 44.93176 ], [ 1.82643, 44.92927 ], [ 1.82391, 44.92768 ], [ 1.82082, 44.92722 ], [ 1.81359, 44.92719 ], [ 1.81149, 44.92879 ], [ 1.80915, 44.92825 ], [ 1.80815, 44.92689 ], [ 1.80436, 44.92571 ], [ 1.80311, 44.92367 ], [ 1.80129, 44.92209 ], [ 1.8008, 44.92038 ], [ 1.80017, 44.92029 ], [ 1.80089, 44.92421 ], [ 1.8024, 44.92562 ], [ 1.79901, 44.9286 ], [ 1.7983, 44.93032 ], [ 1.79526, 44.93057 ], [ 1.79246, 44.93208 ], [ 1.79087, 44.93216 ], [ 1.78914, 44.93418 ], [ 1.7857, 44.93691 ], [ 1.78482, 44.93673 ], [ 1.78707, 44.93224 ], [ 1.78632, 44.93093 ], [ 1.78027, 44.92874 ], [ 1.77461, 44.92354 ], [ 1.77403, 44.92452 ], [ 1.7716, 44.92699 ], [ 1.76999, 44.92959 ], [ 1.76775, 44.93215 ], [ 1.76729, 44.93368 ], [ 1.76393, 44.9342 ], [ 1.76068, 44.93612 ], [ 1.75834, 44.93651 ], [ 1.75365, 44.93657 ], [ 1.75129, 44.9376 ], [ 1.74934, 44.93758 ], [ 1.74888, 44.93889 ], [ 1.75398, 44.94085 ], [ 1.75523, 44.94289 ], [ 1.75589, 44.94627 ], [ 1.75125, 44.94732 ], [ 1.7505, 44.9524 ], [ 1.7508, 44.95573 ], [ 1.74877, 44.95693 ], [ 1.74731, 44.95706 ], [ 1.74431, 44.95908 ], [ 1.74073, 44.96058 ], [ 1.73667, 44.96065 ], [ 1.7339, 44.95943 ], [ 1.73242, 44.96211 ], [ 1.73302, 44.96477 ], [ 1.7315, 44.96454 ], [ 1.72494, 44.9681 ], [ 1.72271, 44.96828 ], [ 1.71943, 44.96781 ], [ 1.71432, 44.96826 ], [ 1.71345, 44.96779 ], [ 1.71103, 44.96729 ], [ 1.71003, 44.96951 ], [ 1.70877, 44.96964 ], [ 1.7088, 44.97139 ], [ 1.70702, 44.97291 ], [ 1.70681, 44.97485 ], [ 1.70747, 44.97804 ], [ 1.70705, 44.98079 ], [ 1.70634, 44.98195 ], [ 1.70264, 44.98436 ], [ 1.70338, 44.98658 ], [ 1.70266, 44.98783 ], [ 1.70031, 44.9892 ], [ 1.69681, 44.99017 ], [ 1.69527, 44.99151 ], [ 1.69227, 44.99258 ], [ 1.68826, 44.99508 ], [ 1.68716, 44.99638 ], [ 1.68437, 45.00266 ], [ 1.68062, 45.00314 ], [ 1.67617, 45.00423 ], [ 1.67319, 45.00367 ], [ 1.67141, 45.0043 ], [ 1.67011, 45.00677 ], [ 1.67124, 45.00763 ], [ 1.67021, 45.00875 ], [ 1.66661, 45.00827 ], [ 1.66381, 45.00884 ], [ 1.66505, 45.01074 ], [ 1.66498, 45.01205 ], [ 1.65932, 45.01354 ], [ 1.65956, 45.01466 ], [ 1.65714, 45.01497 ], [ 1.6558, 45.01576 ], [ 1.65444, 45.01793 ], [ 1.65291, 45.01814 ], [ 1.65263, 45.02034 ], [ 1.65083, 45.02236 ], [ 1.65204, 45.02385 ], [ 1.65189, 45.02529 ], [ 1.64854, 45.02382 ], [ 1.64762, 45.02594 ], [ 1.6478, 45.02751 ], [ 1.64621, 45.02849 ], [ 1.64424, 45.02825 ], [ 1.63845, 45.02939 ], [ 1.63546, 45.02933 ], [ 1.63238, 45.03233 ], [ 1.62996, 45.03357 ], [ 1.62596, 45.03377 ], [ 1.62467, 45.03093 ], [ 1.62327, 45.03047 ], [ 1.6209, 45.03247 ], [ 1.6187, 45.03156 ], [ 1.61385, 45.03329 ], [ 1.61011, 45.03273 ], [ 1.60843, 45.03038 ], [ 1.60896, 45.02889 ], [ 1.60788, 45.02943 ], [ 1.60738, 45.03294 ], [ 1.60807, 45.03353 ], [ 1.60668, 45.03383 ], [ 1.60538, 45.03531 ], [ 1.59987, 45.03541 ], [ 1.59753, 45.0344 ], [ 1.59346, 45.03478 ], [ 1.59015, 45.0357 ], [ 1.58816, 45.03727 ], [ 1.58504, 45.03828 ], [ 1.58052, 45.03861 ], [ 1.57796, 45.0404 ], [ 1.57631, 45.0407 ], [ 1.57005, 45.03944 ], [ 1.56517, 45.03601 ], [ 1.56383, 45.03461 ], [ 1.5587, 45.03205 ], [ 1.55435, 45.02931 ], [ 1.55204, 45.02847 ], [ 1.54512, 45.02888 ], [ 1.54351, 45.03139 ], [ 1.54353, 45.0345 ], [ 1.54165, 45.03682 ], [ 1.54092, 45.03906 ], [ 1.54152, 45.04167 ], [ 1.54006, 45.04667 ], [ 1.53493, 45.04618 ], [ 1.53386, 45.04527 ], [ 1.52814, 45.04537 ], [ 1.52676, 45.04428 ], [ 1.52532, 45.04301 ], [ 1.5229, 45.04308 ], [ 1.52061, 45.03996 ], [ 1.51583, 45.04145 ], [ 1.51165, 45.04066 ], [ 1.50936, 45.04073 ], [ 1.50286, 45.03844 ], [ 1.50035, 45.03604 ], [ 1.49795, 45.03562 ], [ 1.49379, 45.03343 ], [ 1.49295, 45.03085 ], [ 1.49176, 45.0299 ], [ 1.48982, 45.032 ], [ 1.48791, 45.03248 ], [ 1.48501, 45.03098 ], [ 1.48254, 45.03019 ], [ 1.48138, 45.02725 ], [ 1.47993, 45.02675 ], [ 1.47713, 45.02691 ], [ 1.4766, 45.02506 ], [ 1.47847, 45.02265 ], [ 1.47689, 45.01854 ], [ 1.47251, 45.01801 ], [ 1.46607, 45.01644 ], [ 1.46406, 45.01439 ], [ 1.46199, 45.0137 ], [ 1.45977, 45.01368 ], [ 1.45556, 45.01528 ], [ 1.45273, 45.01741 ], [ 1.44826, 45.01931 ], [ 1.44537, 45.01798 ], [ 1.44131, 45.01533 ], [ 1.44438, 45.01409 ], [ 1.43713, 45.01221 ], [ 1.43586, 45.0122 ], [ 1.43191, 45.01019 ], [ 1.42818, 45.00922 ], [ 1.4247, 45.00888 ], [ 1.42242, 45.00813 ], [ 1.41968, 45.00847 ], [ 1.41185, 45.00671 ], [ 1.40913, 45.00672 ], [ 1.4133, 44.99939 ], [ 1.41444, 44.99489 ], [ 1.41435, 44.99327 ], [ 1.41324, 44.99119 ], [ 1.41143, 44.9896 ], [ 1.41215, 44.9879 ], [ 1.41179, 44.98663 ], [ 1.41582, 44.98464 ], [ 1.41762, 44.98295 ], [ 1.41747, 44.98052 ], [ 1.41458, 44.97779 ], [ 1.41407, 44.97442 ], [ 1.41232, 44.9735 ], [ 1.41259, 44.97238 ], [ 1.41438, 44.97149 ], [ 1.416, 44.96956 ], [ 1.42164, 44.96858 ], [ 1.42098, 44.96699 ], [ 1.42102, 44.96462 ], [ 1.41851, 44.96275 ], [ 1.41694, 44.9622 ], [ 1.41663, 44.96062 ], [ 1.41867, 44.96068 ], [ 1.41952, 44.95947 ], [ 1.41912, 44.95596 ], [ 1.42178, 44.95562 ], [ 1.42181, 44.95401 ], [ 1.42413, 44.9519 ], [ 1.42565, 44.95137 ], [ 1.42587, 44.9494 ], [ 1.42794, 44.94658 ], [ 1.43075, 44.94553 ], [ 1.43346, 44.94604 ], [ 1.4347, 44.94452 ], [ 1.43543, 44.94196 ], [ 1.4364, 44.94062 ], [ 1.43561, 44.93858 ], [ 1.43359, 44.9383 ], [ 1.4331, 44.93721 ], [ 1.43699, 44.93536 ], [ 1.43728, 44.93266 ], [ 1.43534, 44.93143 ], [ 1.4364, 44.92856 ], [ 1.43893, 44.92871 ], [ 1.43842, 44.92516 ], [ 1.44196, 44.9209 ], [ 1.44235, 44.91655 ], [ 1.44173, 44.916 ], [ 1.43531, 44.91748 ], [ 1.43225, 44.91907 ], [ 1.42863, 44.91905 ], [ 1.42532, 44.91997 ], [ 1.42306, 44.9186 ], [ 1.42253, 44.91626 ], [ 1.42121, 44.91549 ], [ 1.41881, 44.91578 ], [ 1.41699, 44.91446 ], [ 1.41372, 44.91331 ], [ 1.41355, 44.91182 ], [ 1.41225, 44.90979 ], [ 1.41053, 44.90878 ], [ 1.41265, 44.90853 ], [ 1.41675, 44.90901 ], [ 1.41798, 44.90723 ], [ 1.42142, 44.90626 ], [ 1.41968, 44.90404 ], [ 1.41952, 44.90232 ], [ 1.41797, 44.90061 ], [ 1.42028, 44.89864 ], [ 1.42184, 44.89641 ], [ 1.42312, 44.89539 ], [ 1.42597, 44.89487 ], [ 1.42682, 44.89357 ], [ 1.43052, 44.89134 ], [ 1.4358, 44.88945 ], [ 1.4373, 44.89018 ], [ 1.43986, 44.88895 ], [ 1.44009, 44.88652 ], [ 1.44216, 44.88302 ], [ 1.44253, 44.8797 ], [ 1.44218, 44.87834 ], [ 1.44099, 44.87626 ], [ 1.43812, 44.87382 ], [ 1.43454, 44.8723 ], [ 1.43109, 44.87129 ], [ 1.42938, 44.87136 ], [ 1.42715, 44.87233 ], [ 1.42436, 44.8725 ], [ 1.42189, 44.87189 ], [ 1.42039, 44.87085 ], [ 1.41678, 44.8709 ], [ 1.41145, 44.8727 ], [ 1.41187, 44.86978 ], [ 1.41264, 44.86911 ], [ 1.41161, 44.86591 ], [ 1.40929, 44.86473 ], [ 1.40538, 44.86329 ], [ 1.40579, 44.86186 ], [ 1.40436, 44.85733 ], [ 1.40512, 44.85645 ], [ 1.40333, 44.85405 ], [ 1.40286, 44.85081 ], [ 1.40251, 44.84905 ], [ 1.40142, 44.84985 ], [ 1.39828, 44.84893 ], [ 1.39436, 44.84948 ], [ 1.3929, 44.84915 ], [ 1.38731, 44.85104 ], [ 1.38488, 44.84887 ], [ 1.3861, 44.84743 ], [ 1.37714, 44.84183 ], [ 1.37383, 44.84351 ], [ 1.37293, 44.84444 ], [ 1.37283, 44.84669 ], [ 1.37105, 44.8474 ], [ 1.36866, 44.84581 ], [ 1.36546, 44.84497 ], [ 1.36308, 44.84284 ], [ 1.36086, 44.83958 ], [ 1.36096, 44.8375 ], [ 1.35995, 44.83425 ], [ 1.36099, 44.83188 ], [ 1.36064, 44.82674 ], [ 1.36015, 44.82517 ], [ 1.36118, 44.82432 ], [ 1.36224, 44.82122 ], [ 1.36417, 44.81917 ], [ 1.36587, 44.81617 ], [ 1.36595, 44.81518 ], [ 1.36338, 44.81435 ], [ 1.3641, 44.81157 ], [ 1.35962, 44.81112 ], [ 1.35655, 44.81025 ], [ 1.35417, 44.80896 ], [ 1.35077, 44.80816 ], [ 1.34768, 44.80791 ], [ 1.34282, 44.80689 ], [ 1.33887, 44.80555 ], [ 1.33626, 44.80629 ], [ 1.3305, 44.80705 ], [ 1.32551, 44.80601 ], [ 1.31937, 44.80308 ], [ 1.31333, 44.80218 ], [ 1.30793, 44.80001 ], [ 1.30151, 44.79793 ], [ 1.29827, 44.79619 ], [ 1.29847, 44.79529 ], [ 1.29331, 44.78984 ], [ 1.2975, 44.78885 ], [ 1.30465, 44.78909 ], [ 1.30354, 44.7871 ], [ 1.30473, 44.78454 ], [ 1.30216, 44.78295 ], [ 1.29977, 44.78239 ], [ 1.29816, 44.78075 ], [ 1.29624, 44.77781 ], [ 1.29846, 44.77424 ], [ 1.30564, 44.77195 ], [ 1.30813, 44.7709 ], [ 1.31054, 44.76979 ], [ 1.31433, 44.76609 ], [ 1.31605, 44.76476 ], [ 1.32282, 44.76504 ], [ 1.3212, 44.75954 ], [ 1.32027, 44.75855 ], [ 1.32021, 44.75517 ], [ 1.31879, 44.75321 ], [ 1.31702, 44.74947 ], [ 1.31727, 44.74596 ], [ 1.31605, 44.74037 ], [ 1.3038, 44.74395 ], [ 1.30019, 44.74428 ], [ 1.30053, 44.74306 ], [ 1.29803, 44.74138 ], [ 1.29697, 44.73742 ], [ 1.29554, 44.73596 ], [ 1.30032, 44.7337 ], [ 1.29898, 44.73054 ], [ 1.29856, 44.72591 ], [ 1.29612, 44.72472 ], [ 1.29375, 44.7228 ], [ 1.29187, 44.72229 ], [ 1.28937, 44.72065 ], [ 1.28971, 44.71957 ], [ 1.2886, 44.71834 ], [ 1.28869, 44.717 ], [ 1.28702, 44.71446 ], [ 1.2833, 44.71465 ], [ 1.27943, 44.71583 ], [ 1.27476, 44.71862 ], [ 1.2751, 44.72155 ], [ 1.27204, 44.7227 ], [ 1.27004, 44.72209 ], [ 1.26968, 44.7207 ], [ 1.268, 44.71897 ], [ 1.26819, 44.71618 ], [ 1.26615, 44.71382 ], [ 1.26484, 44.71305 ], [ 1.26342, 44.71055 ], [ 1.26028, 44.71021 ], [ 1.25936, 44.70854 ], [ 1.25576, 44.70945 ], [ 1.25248, 44.70883 ], [ 1.25055, 44.708 ], [ 1.24871, 44.70807 ], [ 1.2454, 44.70579 ], [ 1.24336, 44.70375 ], [ 1.24449, 44.69778 ], [ 1.24389, 44.69565 ], [ 1.24101, 44.69424 ], [ 1.24193, 44.69288 ], [ 1.23947, 44.69282 ], [ 1.23872, 44.69209 ], [ 1.23544, 44.69202 ], [ 1.2332, 44.69074 ], [ 1.23008, 44.69142 ], [ 1.22841, 44.68988 ], [ 1.22604, 44.68864 ], [ 1.22546, 44.68612 ], [ 1.22471, 44.68571 ], [ 1.22455, 44.68427 ], [ 1.21726, 44.68262 ], [ 1.2148, 44.683 ], [ 1.21145, 44.68288 ], [ 1.20696, 44.6836 ], [ 1.20219, 44.68292 ], [ 1.19799, 44.68063 ], [ 1.19709, 44.6821 ], [ 1.19736, 44.68382 ], [ 1.19523, 44.68343 ], [ 1.19412, 44.68225 ], [ 1.18983, 44.68203 ], [ 1.18857, 44.6826 ], [ 1.18402, 44.68265 ], [ 1.18149, 44.68312 ], [ 1.17847, 44.68264 ], [ 1.17215, 44.68005 ], [ 1.16881, 44.68002 ], [ 1.16501, 44.67728 ], [ 1.16399, 44.6748 ], [ 1.16069, 44.67264 ], [ 1.15932, 44.67222 ], [ 1.14882, 44.67028 ], [ 1.14673, 44.6708 ], [ 1.14702, 44.66553 ], [ 1.14763, 44.66297 ], [ 1.14938, 44.66092 ], [ 1.14903, 44.65953 ], [ 1.14976, 44.65819 ], [ 1.14929, 44.65674 ], [ 1.14995, 44.65517 ], [ 1.14867, 44.6534 ], [ 1.14652, 44.65284 ], [ 1.14887, 44.64903 ], [ 1.15191, 44.6452 ], [ 1.15152, 44.64308 ], [ 1.15272, 44.64251 ], [ 1.15379, 44.63941 ], [ 1.15333, 44.63774 ], [ 1.15089, 44.63286 ], [ 1.14813, 44.63247 ], [ 1.14255, 44.628 ], [ 1.13851, 44.62521 ], [ 1.1353, 44.6223 ], [ 1.13272, 44.61926 ], [ 1.13116, 44.61825 ], [ 1.12729, 44.61677 ], [ 1.12522, 44.61607 ], [ 1.12218, 44.61397 ], [ 1.1214, 44.61198 ], [ 1.11986, 44.61021 ], [ 1.11566, 44.60854 ], [ 1.11116, 44.60724 ], [ 1.1074, 44.60395 ], [ 1.10208, 44.59909 ], [ 1.09906, 44.59595 ], [ 1.09459, 44.59234 ], [ 1.09382, 44.59058 ], [ 1.09771, 44.59054 ], [ 1.09958, 44.58854 ], [ 1.10253, 44.58644 ], [ 1.10214, 44.5841 ], [ 1.10347, 44.58097 ], [ 1.09894, 44.57993 ], [ 1.10026, 44.57756 ], [ 1.10166, 44.57672 ], [ 1.10348, 44.57435 ], [ 1.10321, 44.57173 ], [ 1.10101, 44.57203 ], [ 1.0949, 44.57174 ], [ 1.08882, 44.57068 ], [ 1.08769, 44.57076 ], [ 1.08387, 44.57265 ], [ 1.08204, 44.57272 ], [ 1.07841, 44.5748 ], [ 1.07709, 44.5736 ], [ 1.07556, 44.57576 ], [ 1.07514, 44.57732 ], [ 1.07368, 44.57479 ], [ 1.07381, 44.57178 ], [ 1.07258, 44.57055 ], [ 1.0717, 44.56785 ], [ 1.0697, 44.56611 ], [ 1.06376, 44.56455 ], [ 1.05893, 44.5641 ], [ 1.05653, 44.5647 ], [ 1.05151, 44.56329 ], [ 1.04758, 44.56186 ], [ 1.04524, 44.56237 ], [ 1.04439, 44.56159 ], [ 1.04312, 44.55853 ], [ 1.04231, 44.55793 ], [ 1.04148, 44.55754 ], [ 1.04054, 44.55666 ], [ 1.03829, 44.55669 ], [ 1.03389, 44.55488 ], [ 1.02974, 44.55198 ], [ 1.03125, 44.54948 ], [ 1.03094, 44.5488 ], [ 1.02725, 44.54817 ], [ 1.02475, 44.54702 ], [ 1.02389, 44.54593 ], [ 1.02196, 44.54541 ], [ 1.01568, 44.53863 ], [ 1.01539, 44.5376 ], [ 1.01317, 44.53613 ], [ 1.01098, 44.54109 ], [ 1.01032, 44.54176 ], [ 1.01023, 44.54582 ], [ 1.00888, 44.54711 ], [ 1.00578, 44.54788 ], [ 1.00013, 44.54776 ], [ 0.99811, 44.54825 ], [ 0.99504, 44.54973 ], [ 0.99148, 44.54915 ], [ 0.98654, 44.54738 ], [ 0.98243, 44.54548 ], [ 0.98152, 44.54444 ], [ 0.98231, 44.54265 ], [ 0.9856, 44.54193 ], [ 0.98828, 44.54034 ], [ 0.98932, 44.5386 ], [ 0.98855, 44.53359 ], [ 0.98787, 44.53304 ], [ 0.99076, 44.53065 ], [ 0.9927, 44.52806 ], [ 0.99664, 44.52675 ], [ 0.99978, 44.52688 ], [ 1.00099, 44.52383 ], [ 1.00339, 44.52031 ], [ 1.00618, 44.51922 ], [ 1.0058, 44.51701 ], [ 1.00695, 44.51296 ], [ 1.00834, 44.51267 ], [ 1.01206, 44.50939 ], [ 1.01436, 44.50787 ], [ 1.01623, 44.50587 ], [ 1.01681, 44.50237 ], [ 1.01651, 44.49899 ], [ 1.01273, 44.49674 ], [ 1.01162, 44.49565 ], [ 1.01613, 44.49327 ], [ 1.01768, 44.4918 ], [ 1.01699, 44.48905 ], [ 1.01251, 44.48962 ], [ 1.01168, 44.48862 ], [ 1.0142, 44.4874 ], [ 1.01061, 44.48186 ], [ 1.00903, 44.48004 ], [ 1.01277, 44.47829 ], [ 1.02301, 44.47544 ], [ 1.02167, 44.47335 ], [ 1.02401, 44.47307 ], [ 1.02181, 44.47056 ], [ 1.02336, 44.4682 ], [ 1.02591, 44.46701 ], [ 1.02436, 44.46555 ], [ 1.02267, 44.46252 ], [ 1.0234, 44.46055 ], [ 1.02462, 44.45971 ], [ 1.02203, 44.45783 ], [ 1.02099, 44.45624 ], [ 1.02305, 44.4537 ], [ 1.02373, 44.45146 ], [ 1.02177, 44.44937 ], [ 1.02104, 44.44535 ], [ 1.02301, 44.44411 ], [ 1.02425, 44.44259 ], [ 1.02695, 44.44241 ], [ 1.02924, 44.44149 ], [ 1.03238, 44.44133 ], [ 1.02955, 44.43564 ], [ 1.0282, 44.434 ], [ 1.03421, 44.43226 ], [ 1.04065, 44.43374 ], [ 1.04226, 44.43497 ], [ 1.04528, 44.43433 ], [ 1.04718, 44.43103 ], [ 1.04923, 44.42933 ], [ 1.05144, 44.43093 ], [ 1.05394, 44.4319 ], [ 1.05524, 44.42742 ], [ 1.05749, 44.42767 ], [ 1.05762, 44.42466 ], [ 1.05862, 44.42169 ], [ 1.06067, 44.41992 ], [ 1.06051, 44.41532 ], [ 1.06187, 44.4139 ], [ 1.06026, 44.41285 ], [ 1.06016, 44.41127 ], [ 1.06128, 44.40899 ], [ 1.05993, 44.40452 ], [ 1.06169, 44.40193 ], [ 1.05896, 44.40028 ], [ 1.0583, 44.39901 ], [ 1.05587, 44.3983 ], [ 1.0556, 44.3961 ], [ 1.0545, 44.39438 ], [ 1.05189, 44.39318 ], [ 1.05117, 44.39227 ], [ 1.05724, 44.39 ], [ 1.06035, 44.39106 ], [ 1.06133, 44.38635 ], [ 1.06309, 44.38367 ], [ 1.06306, 44.3821 ], [ 1.06448, 44.38054 ], [ 1.06408, 44.37851 ], [ 1.06353, 44.37742 ], [ 1.05972, 44.37653 ], [ 1.06067, 44.37145 ], [ 1.05932, 44.37096 ], [ 1.05904, 44.36683 ], [ 1.06065, 44.3656 ], [ 1.05246, 44.36456 ], [ 1.0493, 44.36236 ], [ 1.0422, 44.36278 ], [ 1.03987, 44.36379 ], [ 1.02821, 44.36424 ], [ 1.02711, 44.3636 ], [ 1.0221, 44.3639 ], [ 1.01929, 44.36333 ], [ 1.01539, 44.364 ], [ 1.0138, 44.36507 ], [ 1.01066, 44.3649 ], [ 1.00456, 44.36559 ], [ 0.99986, 44.36837 ], [ 0.99671, 44.36914 ], [ 0.99356, 44.36677 ], [ 0.99303, 44.36523 ], [ 0.99069, 44.36322 ], [ 0.98597, 44.36124 ], [ 0.98182, 44.35844 ], [ 0.97969, 44.35841 ], [ 0.9773, 44.35618 ], [ 0.97515, 44.35798 ], [ 0.97571, 44.35891 ], [ 0.97517, 44.36152 ], [ 0.97042, 44.36082 ], [ 0.96852, 44.36197 ], [ 0.95924, 44.35875 ], [ 0.95669, 44.36075 ], [ 0.9547, 44.35942 ], [ 0.95151, 44.36158 ], [ 0.95, 44.35932 ], [ 0.95141, 44.35781 ], [ 0.94892, 44.35768 ], [ 0.94862, 44.35647 ], [ 0.94603, 44.35455 ], [ 0.9418, 44.35319 ], [ 0.94519, 44.3503 ], [ 0.94576, 44.34783 ], [ 0.94238, 44.34442 ], [ 0.94125, 44.3444 ], [ 0.94142, 44.34535 ], [ 0.93986, 44.35051 ], [ 0.93916, 44.35594 ], [ 0.93915, 44.35924 ], [ 0.93761, 44.36362 ], [ 0.93759, 44.36682 ], [ 0.93649, 44.37041 ], [ 0.93324, 44.37279 ], [ 0.93095, 44.37394 ], [ 0.92686, 44.37506 ], [ 0.92313, 44.37853 ], [ 0.92121, 44.38254 ], [ 0.91985, 44.38442 ], [ 0.91502, 44.38409 ], [ 0.91085, 44.38296 ], [ 0.90448, 44.38171 ], [ 0.90463, 44.38064 ], [ 0.8979, 44.38127 ], [ 0.89638, 44.38184 ], [ 0.89512, 44.37903 ], [ 0.89499, 44.3743 ], [ 0.89396, 44.37312 ], [ 0.89144, 44.37075 ], [ 0.88999, 44.36843 ], [ 0.88733, 44.36637 ], [ 0.8872, 44.36462 ], [ 0.88916, 44.36153 ], [ 0.89258, 44.35987 ], [ 0.89357, 44.35804 ], [ 0.8933, 44.35645 ], [ 0.89369, 44.35348 ], [ 0.89097, 44.35354 ], [ 0.89201, 44.34991 ], [ 0.89286, 44.34835 ], [ 0.89611, 44.34623 ], [ 0.89526, 44.3451 ], [ 0.89427, 44.34207 ], [ 0.89153, 44.33888 ], [ 0.88846, 44.33866 ], [ 0.88734, 44.33631 ], [ 0.88758, 44.33357 ], [ 0.88924, 44.33223 ], [ 0.88397, 44.33231 ], [ 0.88248, 44.33184 ], [ 0.88265, 44.33049 ], [ 0.88135, 44.32971 ], [ 0.88333, 44.32838 ], [ 0.87908, 44.32721 ], [ 0.87744, 44.32547 ], [ 0.87327, 44.32357 ], [ 0.87531, 44.31995 ], [ 0.87439, 44.31692 ], [ 0.87337, 44.31538 ], [ 0.87124, 44.31455 ], [ 0.87167, 44.31235 ], [ 0.86957, 44.31115 ], [ 0.86945, 44.30925 ], [ 0.87204, 44.31064 ], [ 0.87257, 44.3092 ], [ 0.87478, 44.30833 ], [ 0.87697, 44.3085 ], [ 0.883, 44.30817 ], [ 0.88619, 44.30623 ], [ 0.88738, 44.3035 ], [ 0.88879, 44.30185 ], [ 0.88961, 44.29956 ], [ 0.89412, 44.29693 ], [ 0.89507, 44.2967 ], [ 0.89689, 44.29917 ], [ 0.90069, 44.29992 ], [ 0.90291, 44.29901 ], [ 0.90528, 44.29922 ], [ 0.91431, 44.30145 ], [ 0.91643, 44.3022 ], [ 0.91943, 44.29962 ], [ 0.91982, 44.29666 ], [ 0.92351, 44.29157 ], [ 0.92343, 44.28977 ], [ 0.92441, 44.28843 ], [ 0.92611, 44.28809 ], [ 0.92582, 44.28647 ], [ 0.92892, 44.28648 ], [ 0.93392, 44.28543 ], [ 0.93544, 44.28284 ], [ 0.93726, 44.28222 ], [ 0.94038, 44.28213 ], [ 0.94218, 44.2799 ], [ 0.94257, 44.27802 ], [ 0.94508, 44.27757 ], [ 0.94213, 44.27582 ], [ 0.94249, 44.27471 ], [ 0.94988, 44.27614 ], [ 0.95079, 44.27506 ], [ 0.9491, 44.27185 ], [ 0.94679, 44.26962 ], [ 0.94713, 44.26805 ], [ 0.9456, 44.2665 ], [ 0.94298, 44.26571 ], [ 0.9427, 44.26485 ], [ 0.94029, 44.26333 ], [ 0.93617, 44.26566 ], [ 0.93119, 44.26637 ], [ 0.92778, 44.26741 ], [ 0.92803, 44.26521 ], [ 0.92736, 44.2621 ], [ 0.9293, 44.2618 ], [ 0.92965, 44.26058 ], [ 0.93362, 44.25686 ], [ 0.93204, 44.25437 ], [ 0.93178, 44.25229 ], [ 0.93288, 44.25059 ], [ 0.93263, 44.24834 ], [ 0.92994, 44.24849 ], [ 0.92668, 44.24813 ], [ 0.92483, 44.24698 ], [ 0.92443, 44.24576 ], [ 0.91938, 44.23958 ], [ 0.91909, 44.23827 ], [ 0.92333, 44.2363 ], [ 0.92431, 44.23482 ], [ 0.9267, 44.23418 ], [ 0.92924, 44.23025 ], [ 0.92676, 44.22927 ], [ 0.92514, 44.22633 ], [ 0.92404, 44.22528 ], [ 0.92056, 44.21618 ], [ 0.91803, 44.21471 ], [ 0.91588, 44.21041 ], [ 0.91456, 44.20851 ], [ 0.91409, 44.20671 ], [ 0.90949, 44.20318 ], [ 0.90861, 44.20015 ], [ 0.90713, 44.19941 ], [ 0.90518, 44.19732 ], [ 0.9054, 44.19624 ], [ 0.90743, 44.19501 ], [ 0.907, 44.19189 ], [ 0.90597, 44.19012 ], [ 0.90311, 44.19005 ], [ 0.9014, 44.1907 ], [ 0.89126, 44.19106 ], [ 0.88734, 44.19026 ], [ 0.88482, 44.1913 ], [ 0.88199, 44.1914 ], [ 0.87632, 44.193 ], [ 0.87378, 44.19242 ], [ 0.86711, 44.19328 ], [ 0.86174, 44.19339 ], [ 0.86099, 44.19298 ], [ 0.85969, 44.19274 ], [ 0.86043, 44.19103 ], [ 0.859, 44.19079 ], [ 0.85633, 44.18922 ], [ 0.8557, 44.18727 ], [ 0.85447, 44.18631 ], [ 0.85302, 44.18391 ], [ 0.85332, 44.17969 ], [ 0.85228, 44.17648 ], [ 0.85363, 44.17478 ], [ 0.86123, 44.17362 ], [ 0.86391, 44.17357 ], [ 0.86504, 44.17354 ], [ 0.86493, 44.17065 ], [ 0.86605, 44.17068 ], [ 0.87099, 44.1679 ], [ 0.87471, 44.16938 ], [ 0.87643, 44.17107 ], [ 0.88302, 44.17547 ], [ 0.88663, 44.17203 ], [ 0.88918, 44.17199 ], [ 0.89034, 44.16968 ], [ 0.88979, 44.16688 ], [ 0.88829, 44.16389 ], [ 0.88584, 44.1622 ], [ 0.88482, 44.16082 ], [ 0.8851, 44.15916 ], [ 0.8874, 44.15712 ], [ 0.89004, 44.15342 ], [ 0.88836, 44.15088 ], [ 0.88835, 44.14881 ], [ 0.88852, 44.14684 ], [ 0.89422, 44.14389 ], [ 0.89455, 44.14084 ], [ 0.894, 44.13789 ], [ 0.89207, 44.13733 ], [ 0.88948, 44.13829 ], [ 0.88698, 44.13858 ], [ 0.88362, 44.14047 ], [ 0.88269, 44.14207 ], [ 0.87982, 44.13814 ], [ 0.87798, 44.13657 ], [ 0.88298, 44.13329 ], [ 0.88262, 44.13251 ], [ 0.88011, 44.13211 ], [ 0.87973, 44.13051 ], [ 0.87678, 44.12881 ], [ 0.87545, 44.1297 ], [ 0.87274, 44.12823 ], [ 0.87041, 44.12846 ], [ 0.86905, 44.1279 ], [ 0.86909, 44.12652 ], [ 0.86697, 44.12635 ], [ 0.86302, 44.12697 ], [ 0.85999, 44.12814 ], [ 0.85781, 44.12757 ], [ 0.85762, 44.13004 ], [ 0.85692, 44.13048 ], [ 0.84902, 44.13174 ], [ 0.84787, 44.13263 ], [ 0.84183, 44.13426 ], [ 0.84046, 44.13428 ], [ 0.83855, 44.13557 ], [ 0.83463, 44.13686 ], [ 0.83201, 44.13719 ], [ 0.82821, 44.13953 ], [ 0.82189, 44.14215 ], [ 0.8189, 44.14385 ], [ 0.80946, 44.14405 ], [ 0.80731, 44.14483 ], [ 0.80494, 44.14498 ], [ 0.8011, 44.14303 ], [ 0.7961, 44.14562 ], [ 0.78857, 44.14439 ], [ 0.78773, 44.14276 ], [ 0.78997, 44.14108 ], [ 0.79235, 44.13837 ], [ 0.79518, 44.13333 ], [ 0.79757, 44.13038 ], [ 0.79505, 44.12859 ], [ 0.79594, 44.12546 ], [ 0.7954, 44.12184 ], [ 0.79299, 44.11871 ], [ 0.79327, 44.11781 ], [ 0.79549, 44.11614 ], [ 0.79698, 44.11412 ], [ 0.79882, 44.11316 ], [ 0.79859, 44.1101 ], [ 0.79535, 44.11234 ], [ 0.79126, 44.11315 ], [ 0.78873, 44.11416 ], [ 0.78623, 44.11191 ], [ 0.78309, 44.11231 ], [ 0.78044, 44.1134 ], [ 0.77864, 44.11315 ], [ 0.77569, 44.11582 ], [ 0.77504, 44.11689 ], [ 0.77206, 44.11292 ], [ 0.76987, 44.11258 ], [ 0.76764, 44.1108 ], [ 0.76603, 44.11112 ], [ 0.76385, 44.10869 ], [ 0.76246, 44.10812 ], [ 0.75928, 44.10823 ], [ 0.75683, 44.1074 ], [ 0.75337, 44.1047 ], [ 0.75283, 44.10182 ], [ 0.75371, 44.09945 ], [ 0.75215, 44.09864 ], [ 0.74887, 44.0978 ], [ 0.74743, 44.09616 ], [ 0.7482, 44.09496 ], [ 0.748, 44.09328 ], [ 0.74742, 44.0913 ], [ 0.74763, 44.08851 ], [ 0.7483, 44.08677 ], [ 0.74533, 44.08538 ], [ 0.74377, 44.08306 ], [ 0.74412, 44.08185 ], [ 0.74168, 44.08023 ], [ 0.73979, 44.07814 ], [ 0.73836, 44.07542 ], [ 0.73904, 44.07333 ], [ 0.73789, 44.06982 ], [ 0.7388, 44.0693 ], [ 0.73971, 44.06662 ], [ 0.74188, 44.0652 ], [ 0.73992, 44.06405 ], [ 0.73868, 44.06102 ], [ 0.73391, 44.06226 ], [ 0.73154, 44.06223 ], [ 0.72818, 44.06155 ], [ 0.72505, 44.05993 ], [ 0.72065, 44.05838 ], [ 0.71638, 44.05737 ], [ 0.71455, 44.05802 ], [ 0.70792, 44.05829 ], [ 0.70752, 44.05702 ], [ 0.70339, 44.05525 ], [ 0.70039, 44.05287 ], [ 0.69673, 44.04534 ], [ 0.69526, 44.04437 ], [ 0.69328, 44.04624 ], [ 0.68766, 44.04589 ], [ 0.68567, 44.04617 ], [ 0.68437, 44.04368 ], [ 0.68253, 44.0423 ], [ 0.68166, 44.03959 ], [ 0.67936, 44.03695 ], [ 0.67916, 44.03329 ], [ 0.67994, 44.03209 ], [ 0.67959, 44.02935 ], [ 0.67709, 44.02697 ], [ 0.67074, 44.02678 ], [ 0.66659, 44.02515 ], [ 0.66264, 44.02411 ], [ 0.6604, 44.02542 ], [ 0.65771, 44.02852 ], [ 0.65718, 44.02965 ], [ 0.65234, 44.03312 ], [ 0.654, 44.03365 ], [ 0.65559, 44.03691 ], [ 0.6534, 44.03724 ], [ 0.65401, 44.04031 ], [ 0.65491, 44.04167 ], [ 0.65408, 44.04243 ], [ 0.64927, 44.04457 ], [ 0.6436, 44.04389 ], [ 0.63621, 44.04992 ], [ 0.63165, 44.0495 ], [ 0.63069, 44.05158 ], [ 0.63062, 44.05461 ], [ 0.63134, 44.05569 ], [ 0.62915, 44.05803 ], [ 0.62789, 44.06063 ], [ 0.62394, 44.06345 ], [ 0.62273, 44.06388 ], [ 0.62031, 44.06596 ], [ 0.61496, 44.0676 ], [ 0.61506, 44.06823 ], [ 0.61191, 44.06921 ], [ 0.60735, 44.06955 ], [ 0.60743, 44.07095 ], [ 0.60512, 44.07294 ], [ 0.59921, 44.07487 ], [ 0.60122, 44.07801 ], [ 0.5971, 44.07839 ], [ 0.59376, 44.07929 ], [ 0.5907, 44.07686 ], [ 0.58591, 44.07702 ], [ 0.58511, 44.07669 ], [ 0.57972, 44.07656 ], [ 0.57588, 44.07591 ], [ 0.57839, 44.07319 ], [ 0.57501, 44.07139 ], [ 0.57456, 44.0699 ], [ 0.57315, 44.06915 ], [ 0.57288, 44.0674 ], [ 0.5693, 44.06406 ], [ 0.56903, 44.06284 ], [ 0.56692, 44.06033 ], [ 0.56508, 44.05922 ], [ 0.55874, 44.05822 ], [ 0.55769, 44.05762 ], [ 0.55547, 44.05475 ], [ 0.5515, 44.05596 ], [ 0.54637, 44.05632 ], [ 0.54231, 44.05621 ], [ 0.5403, 44.05509 ], [ 0.53843, 44.05295 ], [ 0.53564, 44.05457 ], [ 0.5323, 44.05717 ], [ 0.53055, 44.0576 ], [ 0.52676, 44.05673 ], [ 0.52108, 44.05718 ], [ 0.51736, 44.05982 ], [ 0.5153, 44.06181 ], [ 0.51214, 44.0633 ], [ 0.51037, 44.06183 ], [ 0.50605, 44.05613 ], [ 0.50594, 44.05185 ], [ 0.50472, 44.05066 ], [ 0.50369, 44.05159 ], [ 0.50409, 44.05335 ], [ 0.50325, 44.05401 ], [ 0.50233, 44.05751 ], [ 0.50097, 44.0569 ], [ 0.49565, 44.05776 ], [ 0.48975, 44.05646 ], [ 0.48781, 44.0566 ], [ 0.4857, 44.05869 ], [ 0.48522, 44.05791 ], [ 0.4856, 44.05364 ], [ 0.48406, 44.05272 ], [ 0.48053, 44.054 ], [ 0.4758, 44.05515 ], [ 0.4705, 44.05523 ], [ 0.46641, 44.05468 ], [ 0.45976, 44.05538 ], [ 0.45822, 44.05229 ], [ 0.45696, 44.0526 ], [ 0.45344, 44.04787 ], [ 0.45125, 44.04682 ], [ 0.45068, 44.04572 ], [ 0.45031, 44.04437 ], [ 0.45015, 44.04361 ], [ 0.44504, 44.03943 ], [ 0.44397, 44.03739 ], [ 0.44387, 44.0349 ], [ 0.44236, 44.0336 ], [ 0.44365, 44.03074 ], [ 0.44245, 44.02876 ], [ 0.43925, 44.02916 ], [ 0.43313, 44.02928 ], [ 0.43079, 44.02821 ], [ 0.425, 44.02613 ], [ 0.42165, 44.02755 ], [ 0.41834, 44.02953 ], [ 0.41722, 44.0295 ], [ 0.41454, 44.02752 ], [ 0.4127, 44.02254 ], [ 0.41119, 44.02068 ], [ 0.40802, 44.02177 ], [ 0.40649, 44.02177 ], [ 0.40231, 44.0228 ], [ 0.39687, 44.02231 ], [ 0.39725, 44.0199 ], [ 0.39446, 44.01998 ], [ 0.39335, 44.0192 ], [ 0.39108, 44.01982 ], [ 0.39117, 44.01686 ], [ 0.38439, 44.0086 ], [ 0.38152, 44.00638 ], [ 0.37137, 44.00816 ], [ 0.36794, 44.01003 ], [ 0.36608, 44.01369 ], [ 0.36491, 44.01515 ], [ 0.36244, 44.01588 ], [ 0.35989, 44.01583 ], [ 0.3581, 44.01701 ], [ 0.35647, 44.01578 ], [ 0.35335, 44.01536 ], [ 0.35432, 44.01263 ], [ 0.35092, 44.01356 ], [ 0.34571, 44.01275 ], [ 0.34433, 44.01282 ], [ 0.33579, 44.01077 ], [ 0.32706, 44.00734 ], [ 0.32079, 44.00821 ], [ 0.31653, 44.01012 ], [ 0.31548, 44.00996 ], [ 0.31372, 44.00867 ], [ 0.31463, 44.00783 ], [ 0.31421, 44.00531 ], [ 0.31613, 44.00408 ], [ 0.31584, 44.00313 ], [ 0.31815, 44.00115 ], [ 0.3195, 43.9986 ], [ 0.3177, 43.99461 ], [ 0.31342, 43.99575 ], [ 0.31353, 43.99422 ], [ 0.31224, 43.9937 ], [ 0.30906, 43.99549 ], [ 0.30549, 43.99398 ], [ 0.30409, 43.99306 ], [ 0.30285, 43.99098 ], [ 0.3005, 43.99246 ], [ 0.29596, 43.99373 ], [ 0.29158, 43.99437 ], [ 0.28616, 43.99607 ], [ 0.2855, 43.99678 ], [ 0.28053, 43.99853 ], [ 0.27502, 43.99862 ], [ 0.27355, 43.99805 ], [ 0.27088, 44.00133 ], [ 0.27004, 44.00357 ], [ 0.26808, 44.00286 ], [ 0.26311, 44.00426 ], [ 0.25881, 44.00611 ], [ 0.25724, 44.00784 ], [ 0.25606, 44.008 ], [ 0.25492, 44.00631 ], [ 0.25462, 44.00442 ], [ 0.25242, 44.00329 ], [ 0.24749, 44.00473 ], [ 0.24499, 44.00641 ], [ 0.2427, 44.00613 ], [ 0.23962, 44.00711 ], [ 0.23908, 44.00786 ], [ 0.23619, 44.00863 ], [ 0.23338, 44.00889 ], [ 0.23027, 44.01028 ], [ 0.22968, 44.01112 ], [ 0.23168, 44.01251 ], [ 0.23145, 44.01363 ], [ 0.23437, 44.01624 ], [ 0.23506, 44.01784 ], [ 0.23278, 44.02238 ], [ 0.23046, 44.02247 ], [ 0.22877, 44.02087 ], [ 0.22471, 44.01917 ], [ 0.22126, 44.01974 ], [ 0.21872, 44.02113 ], [ 0.21654, 44.02253 ], [ 0.21404, 44.02299 ], [ 0.21281, 44.02071 ], [ 0.21135, 44.0196 ], [ 0.20587, 44.02102 ], [ 0.2041, 44.01829 ], [ 0.2038, 44.01594 ], [ 0.20489, 44.01539 ], [ 0.20373, 44.01298 ], [ 0.20281, 44.01265 ], [ 0.19788, 44.01606 ], [ 0.1946, 44.01353 ], [ 0.19347, 44.01369 ], [ 0.18981, 44.01501 ], [ 0.18775, 44.01285 ], [ 0.18546, 44.00956 ], [ 0.1835, 44.00836 ], [ 0.18226, 44.0046 ], [ 0.18035, 44.00055 ], [ 0.17662, 44.00175 ], [ 0.17515, 44.00114 ], [ 0.17375, 43.99935 ], [ 0.16676, 43.99683 ], [ 0.16471, 43.99499 ], [ 0.16558, 43.99326 ], [ 0.1664, 43.98423 ], [ 0.16591, 43.98088 ], [ 0.16348, 43.97593 ], [ 0.16098, 43.9757 ], [ 0.16103, 43.97435 ], [ 0.15754, 43.97284 ], [ 0.15348, 43.9729 ], [ 0.15046, 43.97365 ], [ 0.14521, 43.97436 ], [ 0.14312, 43.97531 ], [ 0.13864, 43.97477 ], [ 0.13794, 43.97688 ], [ 0.14122, 43.98959 ], [ 0.14166, 43.99424 ], [ 0.14006, 43.9952 ], [ 0.13861, 43.99755 ], [ 0.13181, 44.00079 ], [ 0.12844, 44.00109 ], [ 0.12685, 44.00192 ], [ 0.1264, 44.00034 ], [ 0.12808, 43.99893 ], [ 0.12642, 43.9965 ], [ 0.12535, 43.99681 ], [ 0.12004, 43.9954 ], [ 0.11877, 43.99272 ], [ 0.11758, 43.99134 ], [ 0.11875, 43.99009 ], [ 0.11682, 43.98804 ], [ 0.11432, 43.98813 ], [ 0.10837, 43.98576 ], [ 0.1062, 43.98549 ], [ 0.10511, 43.98457 ], [ 0.10217, 43.98451 ], [ 0.0979, 43.9856 ], [ 0.09457, 43.98598 ], [ 0.09166, 43.98534 ], [ 0.08873, 43.9856 ], [ 0.08709, 43.98448 ], [ 0.08546, 43.98458 ], [ 0.08371, 43.98302 ], [ 0.07974, 43.98118 ], [ 0.07812, 43.98112 ], [ 0.07628, 43.98202 ], [ 0.07605, 43.98314 ], [ 0.07381, 43.98242 ], [ 0.0725, 43.98095 ], [ 0.07493, 43.97961 ], [ 0.0726, 43.97862 ], [ 0.06949, 43.97648 ], [ 0.06754, 43.97423 ], [ 0.06607, 43.97318 ], [ 0.06656, 43.97192 ], [ 0.06595, 43.96971 ], [ 0.06762, 43.96708 ], [ 0.06633, 43.96472 ], [ 0.06238, 43.96549 ], [ 0.06102, 43.96523 ], [ 0.06114, 43.96257 ], [ 0.05941, 43.96137 ], [ 0.05773, 43.96184 ], [ 0.05555, 43.96144 ], [ 0.05472, 43.96006 ], [ 0.05497, 43.95696 ], [ 0.05644, 43.95466 ], [ 0.05567, 43.95333 ], [ 0.05683, 43.94926 ], [ 0.05853, 43.95006 ], [ 0.06064, 43.94893 ], [ 0.06039, 43.94744 ], [ 0.0627, 43.94555 ], [ 0.06335, 43.94357 ], [ 0.06236, 43.94127 ], [ 0.06442, 43.93987 ], [ 0.06855, 43.93891 ], [ 0.06847, 43.93792 ], [ 0.07058, 43.93517 ], [ 0.0716, 43.92943 ], [ 0.07277, 43.92819 ], [ 0.07246, 43.92674 ], [ 0.07255, 43.92089 ], [ 0.07448, 43.91769 ], [ 0.07665, 43.91647 ], [ 0.07657, 43.91521 ], [ 0.07508, 43.91468 ], [ 0.07248, 43.91436 ], [ 0.07286, 43.91288 ], [ 0.07221, 43.91013 ], [ 0.0698, 43.90985 ], [ 0.07016, 43.90833 ], [ 0.06926, 43.90436 ], [ 0.06755, 43.90342 ], [ 0.06506, 43.90342 ], [ 0.06183, 43.90164 ], [ 0.05955, 43.89943 ], [ 0.05902, 43.89681 ], [ 0.05569, 43.89764 ], [ 0.0524, 43.8992 ], [ 0.04792, 43.90072 ], [ 0.04333, 43.90338 ], [ 0.04063, 43.90378 ], [ 0.03749, 43.90304 ], [ 0.03449, 43.89996 ], [ 0.03318, 43.89998 ], [ 0.03079, 43.90056 ], [ 0.02486, 43.90599 ], [ 0.0245, 43.90715 ], [ 0.0225, 43.90868 ], [ 0.0204, 43.90882 ], [ 0.01927, 43.90982 ], [ 0.01722, 43.91032 ], [ 0.01766, 43.91169 ], [ 0.01473, 43.91311 ], [ 0.01052, 43.91424 ], [ 0.00689, 43.91619 ], [ 0.00401, 43.91676 ], [ 0.002, 43.91875 ], [ -0.00038, 43.91997 ], [ -0.00243, 43.9219 ], [ -0.00606, 43.92389 ], [ -0.01151, 43.92338 ], [ -0.01472, 43.92416 ], [ -0.01718, 43.92641 ], [ -0.01863, 43.92854 ], [ -0.0239, 43.92984 ], [ -0.02339, 43.93051 ], [ -0.02026, 43.93002 ], [ -0.01719, 43.93303 ], [ -0.01536, 43.93415 ], [ -0.01123, 43.93508 ], [ -0.00968, 43.93842 ], [ -0.00773, 43.93958 ], [ -0.00314, 43.94016 ], [ 0.00186, 43.94292 ], [ 0.00551, 43.9435 ], [ 0.00656, 43.9473 ], [ 0.00673, 43.95374 ], [ 0.00549, 43.95664 ], [ 0.00145, 43.95989 ], [ -0.00096, 43.96061 ], [ -0.00521, 43.96267 ], [ -0.01582, 43.9693 ], [ -0.01868, 43.97069 ], [ -0.03617, 43.98374 ], [ -0.03763, 43.97853 ], [ -0.04057, 43.96947 ], [ -0.04204, 43.96714 ], [ -0.0436, 43.96571 ], [ -0.04401, 43.96283 ], [ -0.04692, 43.96082 ], [ -0.05155, 43.96156 ], [ -0.05851, 43.96125 ], [ -0.06222, 43.9584 ], [ -0.06326, 43.9554 ], [ -0.06908, 43.95104 ], [ -0.07031, 43.94606 ], [ -0.0727, 43.9453 ], [ -0.07735, 43.94461 ], [ -0.07882, 43.94325 ], [ -0.08114, 43.94258 ], [ -0.08548, 43.9453 ], [ -0.08667, 43.94734 ], [ -0.08899, 43.94899 ], [ -0.09336, 43.9485 ], [ -0.09429, 43.9473 ], [ -0.09442, 43.94528 ], [ -0.09537, 43.94402 ], [ -0.09857, 43.94256 ], [ -0.09725, 43.94162 ], [ -0.09925, 43.93622 ], [ -0.09937, 43.93485 ], [ -0.09389, 43.933 ], [ -0.09379, 43.93209 ], [ -0.09551, 43.93008 ], [ -0.09524, 43.92946 ], [ -0.10091, 43.92834 ], [ -0.10256, 43.92728 ], [ -0.10434, 43.92814 ], [ -0.10818, 43.92914 ], [ -0.10859, 43.93129 ], [ -0.1077, 43.93261 ], [ -0.1098, 43.9329 ], [ -0.11318, 43.93556 ], [ -0.11547, 43.93637 ], [ -0.11624, 43.93785 ], [ -0.11927, 43.93999 ], [ -0.12031, 43.94152 ], [ -0.12335, 43.94277 ], [ -0.12468, 43.94435 ], [ -0.12736, 43.94232 ], [ -0.12661, 43.94085 ], [ -0.13092, 43.93964 ], [ -0.13468, 43.93774 ], [ -0.13513, 43.9363 ], [ -0.13582, 43.93607 ], [ -0.14028, 43.93813 ], [ -0.14252, 43.93819 ], [ -0.1464, 43.93946 ], [ -0.15347, 43.93981 ], [ -0.1531, 43.93667 ], [ -0.15416, 43.93355 ], [ -0.15392, 43.93233 ], [ -0.16066, 43.93119 ], [ -0.15946, 43.92856 ], [ -0.1598, 43.92771 ], [ -0.16397, 43.92729 ], [ -0.16562, 43.92761 ], [ -0.16788, 43.92964 ], [ -0.17061, 43.93052 ], [ -0.17209, 43.93167 ], [ -0.17225, 43.93299 ], [ -0.17597, 43.93647 ], [ -0.17911, 43.93792 ], [ -0.1809, 43.93477 ], [ -0.1804, 43.93409 ], [ -0.18107, 43.93042 ], [ -0.18313, 43.92917 ], [ -0.18979, 43.92766 ], [ -0.19203, 43.92618 ], [ -0.19147, 43.9248 ], [ -0.19205, 43.92347 ], [ -0.19505, 43.92228 ], [ -0.19781, 43.91996 ], [ -0.19796, 43.91907 ], [ -0.20058, 43.91464 ], [ -0.20212, 43.91447 ], [ -0.20557, 43.91201 ], [ -0.20967, 43.91173 ], [ -0.21306, 43.90959 ], [ -0.21442, 43.90933 ], [ -0.21627, 43.90736 ], [ -0.21774, 43.90679 ], [ -0.22026, 43.90726 ], [ -0.22129, 43.90964 ], [ -0.22148, 43.91255 ], [ -0.22458, 43.91384 ], [ -0.22539, 43.91214 ], [ -0.22834, 43.91145 ], [ -0.22858, 43.90964 ], [ -0.2298, 43.90773 ], [ -0.2311, 43.9076 ], [ -0.23115, 43.90288 ], [ -0.23337, 43.90265 ], [ -0.23337, 43.89914 ], [ -0.23561, 43.89919 ], [ -0.24026, 43.89795 ], [ -0.23906, 43.89723 ], [ -0.23669, 43.89705 ], [ -0.23465, 43.89553 ], [ -0.23856, 43.89479 ], [ -0.23848, 43.8938 ], [ -0.2353, 43.8922 ], [ -0.23394, 43.89107 ], [ -0.22668, 43.89015 ], [ -0.22556, 43.89021 ], [ -0.2239, 43.89215 ], [ -0.22246, 43.89266 ], [ -0.22231, 43.89417 ], [ -0.21886, 43.89195 ], [ -0.21891, 43.89055 ], [ -0.21717, 43.8905 ], [ -0.21562, 43.88927 ], [ -0.21412, 43.88777 ], [ -0.21131, 43.88724 ], [ -0.21128, 43.88527 ], [ -0.20917, 43.8854 ], [ -0.20641, 43.88493 ], [ -0.20333, 43.88576 ], [ -0.20123, 43.88547 ], [ -0.20128, 43.88421 ], [ -0.19796, 43.88396 ], [ -0.1973, 43.88286 ], [ -0.19554, 43.88274 ], [ -0.19519, 43.88115 ], [ -0.19049, 43.88075 ], [ -0.19197, 43.87669 ], [ -0.19151, 43.87548 ], [ -0.18932, 43.87396 ], [ -0.18845, 43.87255 ], [ -0.18852, 43.86992 ], [ -0.18629, 43.86885 ], [ -0.18572, 43.86689 ], [ -0.18676, 43.86623 ], [ -0.18666, 43.86407 ], [ -0.18556, 43.86301 ], [ -0.18726, 43.86185 ], [ -0.18941, 43.8627 ], [ -0.1908, 43.86771 ], [ -0.19216, 43.87049 ], [ -0.19508, 43.87055 ], [ -0.19641, 43.87162 ], [ -0.19799, 43.86966 ], [ -0.19847, 43.8676 ], [ -0.19601, 43.86653 ], [ -0.19572, 43.86531 ], [ -0.19705, 43.86455 ], [ -0.19856, 43.86242 ], [ -0.20422, 43.86039 ], [ -0.20891, 43.85767 ], [ -0.2073, 43.85469 ], [ -0.20391, 43.8527 ], [ -0.20178, 43.85211 ], [ -0.19993, 43.84982 ], [ -0.19965, 43.8478 ], [ -0.19778, 43.84613 ], [ -0.19597, 43.84595 ], [ -0.1944, 43.84282 ], [ -0.19446, 43.84102 ], [ -0.19342, 43.84001 ], [ -0.19074, 43.83562 ], [ -0.19102, 43.83484 ], [ -0.18858, 43.83341 ], [ -0.18813, 43.83256 ], [ -0.18948, 43.83065 ], [ -0.19095, 43.8303 ], [ -0.19726, 43.83079 ], [ -0.19812, 43.82937 ], [ -0.19701, 43.82673 ], [ -0.19705, 43.82305 ], [ -0.19639, 43.82076 ], [ -0.19488, 43.81891 ], [ -0.19202, 43.8177 ], [ -0.19365, 43.81623 ], [ -0.19285, 43.81216 ], [ -0.19177, 43.8101 ], [ -0.19458, 43.81018 ], [ -0.19449, 43.80846 ], [ -0.20082, 43.80671 ], [ -0.20246, 43.80864 ], [ -0.2082, 43.80915 ], [ -0.21263, 43.80928 ], [ -0.2138, 43.81181 ], [ -0.216, 43.81254 ], [ -0.21751, 43.80993 ], [ -0.22635, 43.80905 ], [ -0.22714, 43.80827 ], [ -0.22685, 43.80472 ], [ -0.22474, 43.80324 ], [ -0.22434, 43.80118 ], [ -0.22287, 43.80004 ], [ -0.2178, 43.79817 ], [ -0.21975, 43.79534 ], [ -0.22057, 43.79271 ], [ -0.22228, 43.78933 ], [ -0.22213, 43.78709 ], [ -0.21839, 43.78555 ], [ -0.21486, 43.78307 ], [ -0.21476, 43.7805 ], [ -0.21281, 43.77879 ], [ -0.21322, 43.7763 ], [ -0.21471, 43.77519 ], [ -0.2173, 43.77149 ], [ -0.2166, 43.77002 ], [ -0.2124, 43.7688 ], [ -0.21143, 43.764 ], [ -0.21053, 43.76164 ], [ -0.20707, 43.76046 ], [ -0.2067, 43.75921 ], [ -0.2075, 43.75608 ], [ -0.21216, 43.75625 ], [ -0.21393, 43.75566 ], [ -0.21621, 43.75525 ], [ -0.2181, 43.75417 ], [ -0.21927, 43.75248 ], [ -0.21886, 43.75033 ], [ -0.21675, 43.74965 ], [ -0.21414, 43.75005 ], [ -0.21299, 43.74963 ], [ -0.20873, 43.75015 ], [ -0.20549, 43.74995 ], [ -0.20353, 43.74892 ], [ -0.20041, 43.74868 ], [ -0.19732, 43.74766 ], [ -0.19556, 43.74576 ], [ -0.19546, 43.74185 ], [ -0.19595, 43.74022 ], [ -0.19447, 43.73894 ], [ -0.19414, 43.73702 ], [ -0.19799, 43.73567 ], [ -0.20091, 43.7343 ], [ -0.20241, 43.73291 ], [ -0.20278, 43.73128 ], [ -0.20227, 43.72972 ], [ -0.2096, 43.72546 ], [ -0.21085, 43.72426 ], [ -0.21411, 43.72369 ], [ -0.21712, 43.72137 ], [ -0.22224, 43.71887 ], [ -0.22437, 43.71824 ], [ -0.22722, 43.7166 ], [ -0.22945, 43.7147 ], [ -0.23319, 43.71389 ], [ -0.23451, 43.71409 ], [ -0.2381, 43.71235 ], [ -0.24036, 43.7117 ], [ -0.24325, 43.71222 ], [ -0.2446, 43.71052 ], [ -0.24665, 43.71067 ], [ -0.25063, 43.70779 ], [ -0.24838, 43.70611 ], [ -0.24504, 43.70502 ], [ -0.2454, 43.70326 ], [ -0.24351, 43.70142 ], [ -0.24504, 43.69926 ], [ -0.24124, 43.69719 ], [ -0.24027, 43.69496 ], [ -0.2391, 43.69395 ], [ -0.23942, 43.69282 ], [ -0.24277, 43.69116 ], [ -0.24461, 43.68775 ], [ -0.24685, 43.68931 ], [ -0.24819, 43.68869 ], [ -0.24824, 43.68568 ], [ -0.25201, 43.68379 ], [ -0.25682, 43.68319 ], [ -0.25685, 43.68098 ], [ -0.25573, 43.67947 ], [ -0.25599, 43.6755 ], [ -0.25802, 43.67375 ], [ -0.25274, 43.67225 ], [ -0.24576, 43.67119 ], [ -0.23973, 43.67124 ], [ -0.23981, 43.66998 ], [ -0.2421, 43.6684 ], [ -0.24446, 43.66554 ], [ -0.24328, 43.66396 ], [ -0.24428, 43.66151 ], [ -0.24346, 43.65953 ], [ -0.24552, 43.65868 ], [ -0.24423, 43.6574 ], [ -0.243, 43.65783 ], [ -0.24214, 43.65506 ], [ -0.24316, 43.65451 ], [ -0.24787, 43.65547 ], [ -0.25023, 43.65452 ], [ -0.25254, 43.65302 ], [ -0.25635, 43.65231 ], [ -0.25831, 43.6533 ], [ -0.26075, 43.65366 ], [ -0.26338, 43.65278 ], [ -0.26426, 43.65163 ], [ -0.26184, 43.65034 ], [ -0.26103, 43.64901 ], [ -0.2618, 43.64795 ], [ -0.26322, 43.64652 ], [ -0.26402, 43.64178 ], [ -0.26324, 43.63828 ], [ -0.26376, 43.63592 ], [ -0.27382, 43.63917 ], [ -0.2786, 43.64198 ], [ -0.28211, 43.64307 ], [ -0.2819, 43.6411 ], [ -0.28072, 43.63977 ], [ -0.28166, 43.63867 ], [ -0.28065, 43.63643 ], [ -0.28141, 43.63426 ], [ -0.28104, 43.63046 ], [ -0.27933, 43.62886 ], [ -0.28102, 43.62687 ], [ -0.28151, 43.62374 ], [ -0.2796, 43.61818 ], [ -0.27764, 43.61589 ], [ -0.27213, 43.61619 ], [ -0.26987, 43.61674 ], [ -0.26668, 43.61631 ], [ -0.26138, 43.61671 ], [ -0.25917, 43.61576 ], [ -0.25531, 43.61546 ], [ -0.25048, 43.61556 ], [ -0.2472, 43.61595 ], [ -0.24758, 43.61171 ], [ -0.24869, 43.61006 ], [ -0.24798, 43.60932 ], [ -0.24759, 43.60693 ], [ -0.24994, 43.60364 ], [ -0.25226, 43.60199 ], [ -0.25362, 43.59994 ], [ -0.25475, 43.59929 ], [ -0.25401, 43.59671 ], [ -0.25271, 43.59705 ], [ -0.24817, 43.59666 ], [ -0.24837, 43.59437 ], [ -0.24734, 43.59312 ], [ -0.24752, 43.59019 ], [ -0.2458, 43.58888 ], [ -0.24369, 43.58883 ], [ -0.24286, 43.58692 ], [ -0.24284, 43.58498 ], [ -0.24233, 43.58342 ], [ -0.23821, 43.58266 ], [ -0.23503, 43.58335 ], [ -0.23327, 43.58448 ], [ -0.23307, 43.58863 ], [ -0.22937, 43.59007 ], [ -0.22738, 43.58997 ], [ -0.21837, 43.59089 ], [ -0.21374, 43.59258 ], [ -0.21061, 43.59324 ], [ -0.20842, 43.59135 ], [ -0.20771, 43.58924 ], [ -0.20627, 43.58761 ], [ -0.2058, 43.5851 ], [ -0.20501, 43.58399 ], [ -0.20426, 43.58379 ], [ -0.19861, 43.58652 ], [ -0.19056, 43.58783 ], [ -0.18995, 43.58983 ], [ -0.18687, 43.59015 ], [ -0.18202, 43.59279 ], [ -0.18074, 43.59467 ], [ -0.17877, 43.59637 ], [ -0.17656, 43.59683 ], [ -0.17491, 43.59424 ], [ -0.17005, 43.59081 ], [ -0.1699, 43.58887 ], [ -0.16872, 43.58728 ], [ -0.16645, 43.5862 ], [ -0.16626, 43.58459 ], [ -0.16456, 43.58274 ], [ -0.16211, 43.58166 ], [ -0.16045, 43.58057 ], [ -0.15782, 43.58145 ], [ -0.15622, 43.58449 ], [ -0.15229, 43.58562 ], [ -0.1481, 43.58579 ], [ -0.14137, 43.5832 ], [ -0.13935, 43.5828 ], [ -0.13924, 43.58121 ], [ -0.13819, 43.57989 ], [ -0.13405, 43.58161 ], [ -0.13233, 43.58192 ], [ -0.12891, 43.58122 ], [ -0.12822, 43.58313 ], [ -0.12595, 43.58349 ], [ -0.12309, 43.58481 ], [ -0.12146, 43.58422 ], [ -0.12163, 43.58678 ], [ -0.12052, 43.58671 ], [ -0.1164, 43.58483 ], [ -0.11065, 43.58346 ], [ -0.10835, 43.58176 ], [ -0.10549, 43.58141 ], [ -0.10194, 43.58247 ], [ -0.09919, 43.58178 ], [ -0.09678, 43.58241 ], [ -0.09605, 43.57792 ], [ -0.09472, 43.57695 ], [ -0.09601, 43.57522 ], [ -0.09418, 43.57302 ], [ -0.09415, 43.57211 ], [ -0.09136, 43.57041 ], [ -0.09119, 43.56811 ], [ -0.09214, 43.56701 ], [ -0.09356, 43.56371 ], [ -0.09003, 43.56072 ], [ -0.08977, 43.55998 ], [ -0.08894, 43.5572 ], [ -0.09029, 43.55562 ], [ -0.0927, 43.55166 ], [ -0.09389, 43.55082 ], [ -0.09497, 43.54814 ], [ -0.09411, 43.54393 ], [ -0.09195, 43.54253 ], [ -0.08712, 43.54238 ], [ -0.085, 43.54363 ], [ -0.08182, 43.54464 ], [ -0.08062, 43.54688 ], [ -0.06844, 43.54708 ], [ -0.06599, 43.54813 ], [ -0.06437, 43.54627 ], [ -0.06393, 43.54295 ], [ -0.06572, 43.54134 ], [ -0.06068, 43.54212 ], [ -0.06044, 43.54054 ], [ -0.05853, 43.53649 ], [ -0.05618, 43.53303 ], [ -0.0543, 43.53297 ], [ -0.05232, 43.52973 ], [ -0.04923, 43.52975 ], [ -0.04796, 43.5259 ], [ -0.04465, 43.5253 ], [ -0.0437, 43.52299 ], [ -0.04347, 43.52033 ], [ -0.04457, 43.51864 ], [ -0.04385, 43.51577 ], [ -0.0421, 43.51518 ], [ -0.04122, 43.51327 ], [ -0.04013, 43.51261 ], [ -0.04409, 43.50658 ], [ -0.0455, 43.50142 ], [ -0.04675, 43.49829 ], [ -0.04895, 43.49464 ], [ -0.04957, 43.49192 ], [ -0.04557, 43.49056 ], [ -0.04399, 43.48961 ], [ -0.04002, 43.48969 ], [ -0.03491, 43.48854 ], [ -0.03489, 43.48499 ], [ -0.03352, 43.47993 ], [ -0.03472, 43.47494 ], [ -0.029, 43.4733 ], [ -0.02639, 43.47485 ], [ -0.02634, 43.47341 ], [ -0.01782, 43.47215 ], [ -0.01891, 43.47005 ], [ -0.01933, 43.46653 ], [ -0.01909, 43.46505 ], [ -0.02112, 43.46488 ], [ -0.02603, 43.46599 ], [ -0.02633, 43.46684 ], [ -0.0304, 43.46674 ], [ -0.03211, 43.46604 ], [ -0.03551, 43.46584 ], [ -0.03854, 43.46478 ], [ -0.04243, 43.46443 ], [ -0.04532, 43.4655 ], [ -0.05192, 43.46522 ], [ -0.05443, 43.46463 ], [ -0.05839, 43.46467 ], [ -0.06131, 43.46214 ], [ -0.06303, 43.46346 ], [ -0.06575, 43.46348 ], [ -0.06638, 43.46068 ], [ -0.06469, 43.45864 ], [ -0.0646, 43.45762 ], [ -0.06249, 43.45576 ], [ -0.06148, 43.45408 ], [ -0.06167, 43.45245 ], [ -0.06408, 43.44781 ], [ -0.06604, 43.44587 ], [ -0.06682, 43.44383 ], [ -0.06618, 43.44042 ], [ -0.06795, 43.43814 ], [ -0.07005, 43.43651 ], [ -0.07074, 43.43528 ], [ -0.0696, 43.43297 ], [ -0.066, 43.43102 ], [ -0.06327, 43.43053 ], [ -0.05815, 43.42794 ], [ -0.0567, 43.4254 ], [ -0.05658, 43.42419 ], [ -0.05358, 43.42304 ], [ -0.05078, 43.41959 ], [ -0.05229, 43.41901 ], [ -0.06017, 43.41831 ], [ -0.06231, 43.4178 ], [ -0.06461, 43.41321 ], [ -0.06727, 43.41042 ], [ -0.0647, 43.40934 ], [ -0.06056, 43.41091 ], [ -0.05708, 43.41189 ], [ -0.05288, 43.41202 ], [ -0.04649, 43.40977 ], [ -0.04298, 43.4102 ], [ -0.04288, 43.41368 ], [ -0.04165, 43.41533 ], [ -0.03936, 43.41527 ], [ -0.03849, 43.41652 ], [ -0.03933, 43.41758 ], [ -0.03814, 43.41886 ], [ -0.0388, 43.41979 ], [ -0.03586, 43.42202 ], [ -0.03593, 43.42369 ], [ -0.03307, 43.42815 ], [ -0.03459, 43.42906 ], [ -0.03465, 43.43038 ], [ -0.0337, 43.43269 ], [ -0.03218, 43.43371 ], [ -0.02881, 43.43257 ], [ -0.02751, 43.43102 ], [ -0.02481, 43.43003 ], [ -0.02223, 43.43334 ], [ -0.02204, 43.43649 ], [ -0.0207, 43.43697 ], [ -0.01727, 43.44109 ], [ -0.01653, 43.44395 ], [ -0.01285, 43.44311 ], [ -0.00996, 43.44376 ], [ -0.00632, 43.44384 ], [ -0.0053, 43.44458 ], [ -0.00248, 43.44508 ], [ -0.00075, 43.44194 ], [ -0.00084, 43.43972 ], [ -0.00178, 43.43826 ], [ -0.00288, 43.43486 ], [ -0.00421, 43.43389 ], [ -0.00479, 43.43162 ], [ -0.0035, 43.43068 ], [ 0.00767, 43.42374 ], [ 0.00966, 43.4222 ], [ 0.00772, 43.41982 ], [ 0.00657, 43.41709 ], [ 0.00666, 43.41345 ], [ 0.00414, 43.41169 ], [ 0.00221, 43.40868 ], [ -0.00119, 43.40571 ], [ -0.00128, 43.40162 ], [ -0.0023, 43.40079 ], [ -0.00187, 43.39922 ], [ -0.00381, 43.39805 ], [ -0.00039, 43.39624 ], [ -0.00358, 43.39505 ], [ -0.00429, 43.39337 ], [ 0.00123, 43.39577 ], [ 0.00495, 43.39378 ], [ 0.00155, 43.39101 ], [ -0.0019, 43.38729 ], [ 0.0007, 43.38564 ], [ 0.00102, 43.3837 ], [ -0.00152, 43.38068 ], [ -0.00408, 43.37878 ], [ -0.00483, 43.37706 ], [ -0.00497, 43.37449 ], [ -0.00578, 43.37302 ], [ -0.0039, 43.37248 ], [ 0.00154, 43.36894 ], [ 0.00455, 43.37072 ], [ 0.00476, 43.37181 ], [ 0.00724, 43.36978 ], [ 0.0084, 43.36702 ], [ 0.00535, 43.36303 ], [ 0.00838, 43.3613 ], [ 0.01215, 43.36008 ], [ 0.0142, 43.35745 ], [ 0.01476, 43.35576 ], [ 0.01772, 43.35263 ], [ 0.02123, 43.34968 ], [ 0.02602, 43.34865 ], [ 0.0295, 43.34615 ], [ 0.0282, 43.34352 ], [ 0.02554, 43.34023 ], [ 0.02418, 43.33862 ], [ 0.02093, 43.3367 ], [ 0.01724, 43.33334 ], [ 0.01277, 43.32753 ], [ 0.01032, 43.32532 ], [ 0.00686, 43.32574 ], [ 0.007, 43.32683 ], [ 0.00135, 43.33077 ], [ -0.00325, 43.33211 ], [ -0.01398, 43.33156 ], [ -0.0181, 43.33153 ], [ -0.0215, 43.32872 ], [ -0.02537, 43.32962 ], [ -0.02771, 43.32358 ], [ -0.02882, 43.32023 ], [ -0.0292, 43.31585 ], [ -0.03266, 43.3111 ], [ -0.03426, 43.30958 ], [ -0.03626, 43.30869 ], [ -0.03775, 43.30585 ], [ -0.04077, 43.30426 ], [ -0.04392, 43.30446 ], [ -0.04475, 43.30197 ], [ -0.04612, 43.30086 ], [ -0.04546, 43.29804 ], [ -0.0455, 43.29583 ], [ -0.04411, 43.29208 ], [ -0.04401, 43.28973 ], [ -0.04327, 43.2866 ], [ -0.04439, 43.28528 ], [ -0.04025, 43.28324 ], [ -0.03476, 43.28165 ], [ -0.02397, 43.28021 ], [ -0.02708, 43.27591 ], [ -0.02321, 43.27456 ], [ -0.02137, 43.27491 ], [ -0.0177, 43.27458 ], [ -0.01701, 43.27045 ], [ -0.01864, 43.26821 ], [ -0.02442, 43.2631 ], [ -0.02563, 43.26099 ], [ -0.02514, 43.25786 ], [ -0.02356, 43.25541 ], [ -0.02603, 43.25221 ], [ -0.02873, 43.25044 ], [ -0.03156, 43.24759 ], [ -0.03418, 43.24664 ], [ -0.03542, 43.24526 ], [ -0.03505, 43.24387 ], [ -0.03688, 43.24342 ], [ -0.03893, 43.24037 ], [ -0.04114, 43.23888 ], [ -0.04114, 43.23758 ], [ -0.04431, 43.23503 ], [ -0.04582, 43.23261 ], [ -0.04585, 43.23018 ], [ -0.04463, 43.22903 ], [ -0.04468, 43.22737 ], [ -0.04645, 43.22512 ], [ -0.04675, 43.22373 ], [ -0.04946, 43.21718 ], [ -0.05438, 43.21869 ], [ -0.06176, 43.22151 ], [ -0.0623, 43.22248 ], [ -0.07086, 43.22429 ], [ -0.07253, 43.22439 ], [ -0.07397, 43.22238 ], [ -0.07228, 43.22151 ], [ -0.0716, 43.21982 ], [ -0.07176, 43.21602 ], [ -0.07251, 43.21493 ], [ -0.07233, 43.21025 ], [ -0.07287, 43.20821 ], [ -0.0712, 43.20686 ], [ -0.07031, 43.20449 ], [ -0.06976, 43.20143 ], [ -0.06972, 43.1987 ], [ -0.06867, 43.19713 ], [ -0.06949, 43.19487 ], [ -0.0707, 43.19435 ], [ -0.0716, 43.19222 ], [ -0.07077, 43.1898 ], [ -0.07083, 43.18831 ], [ -0.06846, 43.18277 ], [ -0.06783, 43.17951 ], [ -0.06787, 43.17712 ], [ -0.0748, 43.17675 ], [ -0.0804, 43.17681 ], [ -0.08181, 43.17646 ], [ -0.08644, 43.17676 ], [ -0.08844, 43.17623 ], [ -0.09125, 43.17733 ], [ -0.09549, 43.17719 ], [ -0.09753, 43.1682 ], [ -0.09753, 43.16662 ], [ -0.1022, 43.16683 ], [ -0.10595, 43.16653 ], [ -0.10666, 43.16737 ], [ -0.1064, 43.17174 ], [ -0.10919, 43.17502 ], [ -0.10989, 43.1772 ], [ -0.11133, 43.17934 ], [ -0.11278, 43.18015 ], [ -0.1177, 43.18033 ], [ -0.1186, 43.17674 ], [ -0.12041, 43.17578 ], [ -0.12206, 43.17276 ], [ -0.12244, 43.17112 ], [ -0.12416, 43.16834 ], [ -0.12531, 43.16741 ], [ -0.12526, 43.16643 ], [ -0.12688, 43.1654 ], [ -0.12685, 43.16022 ], [ -0.12625, 43.15766 ], [ -0.12929, 43.15724 ], [ -0.13206, 43.15362 ], [ -0.13481, 43.15172 ], [ -0.1386, 43.14911 ], [ -0.13931, 43.14616 ], [ -0.13828, 43.14371 ], [ -0.14155, 43.14373 ], [ -0.14288, 43.1432 ], [ -0.14282, 43.14015 ], [ -0.14184, 43.13886 ], [ -0.14104, 43.13587 ], [ -0.14486, 43.12993 ], [ -0.14631, 43.12819 ], [ -0.148, 43.12887 ], [ -0.15008, 43.12702 ], [ -0.15361, 43.12599 ], [ -0.15511, 43.12515 ], [ -0.15577, 43.12325 ], [ -0.1574, 43.12253 ], [ -0.16428, 43.12256 ], [ -0.16635, 43.12188 ], [ -0.17038, 43.1186 ], [ -0.17094, 43.117 ], [ -0.1691, 43.11425 ], [ -0.17196, 43.11356 ], [ -0.17394, 43.11235 ], [ -0.17501, 43.11012 ], [ -0.17751, 43.11105 ], [ -0.18341, 43.1122 ], [ -0.1847, 43.11401 ], [ -0.19257, 43.11551 ], [ -0.19384, 43.11502 ], [ -0.19153, 43.11254 ], [ -0.19098, 43.1112 ], [ -0.19193, 43.1047 ], [ -0.19511, 43.1044 ], [ -0.19795, 43.10187 ], [ -0.19768, 43.09817 ], [ -0.19649, 43.09608 ], [ -0.19508, 43.09481 ], [ -0.18672, 43.09187 ], [ -0.18807, 43.08776 ], [ -0.18644, 43.08427 ], [ -0.1891, 43.08239 ], [ -0.19264, 43.076 ], [ -0.19387, 43.07494 ], [ -0.19614, 43.07444 ], [ -0.19922, 43.06779 ], [ -0.19915, 43.06441 ], [ -0.1962, 43.05969 ], [ -0.194, 43.05895 ], [ -0.19232, 43.05687 ], [ -0.19096, 43.05649 ], [ -0.18556, 43.05661 ], [ -0.18156, 43.05254 ], [ -0.18965, 43.05202 ], [ -0.19619, 43.04751 ], [ -0.19699, 43.04569 ], [ -0.20011, 43.0427 ], [ -0.20228, 43.04255 ], [ -0.20586, 43.0416 ], [ -0.20949, 43.04167 ], [ -0.21075, 43.04101 ], [ -0.21109, 43.03897 ], [ -0.21219, 43.03894 ], [ -0.21424, 43.03638 ], [ -0.22086, 43.03488 ], [ -0.22395, 43.03369 ], [ -0.23011, 43.03736 ], [ -0.23572, 43.03918 ], [ -0.23942, 43.03968 ], [ -0.25266, 43.03938 ], [ -0.25818, 43.03816 ], [ -0.26051, 43.03827 ], [ -0.25926, 43.03679 ], [ -0.26062, 43.03595 ], [ -0.26007, 43.03466 ], [ -0.2611, 43.03278 ], [ -0.25855, 43.03203 ], [ -0.25743, 43.03008 ], [ -0.25617, 43.0293 ], [ -0.25653, 43.0278 ], [ -0.25536, 43.02625 ], [ -0.25643, 43.02425 ], [ -0.25607, 43.02273 ], [ -0.25774, 43.02029 ], [ -0.25912, 43.0195 ], [ -0.25898, 43.01495 ], [ -0.25967, 43.01368 ], [ -0.26472, 43.01001 ], [ -0.26662, 43.00856 ], [ -0.27078, 43.00811 ], [ -0.27596, 43.00588 ], [ -0.28057, 43.00621 ], [ -0.28239, 43.00572 ], [ -0.2848, 43.00603 ], [ -0.28767, 43.00556 ], [ -0.28949, 42.99672 ], [ -0.29324, 42.99273 ], [ -0.29131, 42.9894 ], [ -0.29241, 42.98748 ], [ -0.29157, 42.98534 ], [ -0.29048, 42.98424 ], [ -0.29086, 42.98305 ], [ -0.28984, 42.97921 ], [ -0.29124, 42.97652 ], [ -0.28954, 42.97422 ], [ -0.28931, 42.9726 ], [ -0.28762, 42.9693 ], [ -0.28727, 42.96703 ], [ -0.28841, 42.96605 ], [ -0.28869, 42.96275 ], [ -0.2902, 42.96226 ], [ -0.29073, 42.9605 ], [ -0.28873, 42.95964 ], [ -0.28767, 42.95787 ], [ -0.28603, 42.95678 ], [ -0.28374, 42.95621 ], [ -0.28191, 42.95094 ], [ -0.28205, 42.94823 ], [ -0.28072, 42.94322 ], [ -0.27927, 42.94235 ], [ -0.27914, 42.93921 ], [ -0.2803, 42.93773 ], [ -0.28159, 42.93356 ], [ -0.28459, 42.93043 ], [ -0.28656, 42.92939 ], [ -0.29003, 42.92909 ], [ -0.29284, 42.92996 ], [ -0.29778, 42.93097 ], [ -0.30344, 42.92729 ], [ -0.30525, 42.92652 ], [ -0.308, 42.92646 ], [ -0.30904, 42.92373 ], [ -0.31093, 42.92045 ], [ -0.31075, 42.919 ], [ -0.31508, 42.91756 ], [ -0.32075, 42.91805 ], [ -0.32303, 42.9171 ], [ -0.32688, 42.91687 ], [ -0.32673, 42.91479 ], [ -0.3252, 42.91192 ], [ -0.32406, 42.90698 ], [ -0.32529, 42.90439 ], [ -0.32276, 42.90251 ], [ -0.32253, 42.90149 ], [ -0.32032, 42.90004 ], [ -0.32064, 42.89883 ], [ -0.31625, 42.89659 ], [ -0.3162, 42.89393 ], [ -0.31534, 42.89264 ], [ -0.31592, 42.89061 ], [ -0.31544, 42.889 ], [ -0.31717, 42.88676 ], [ -0.31507, 42.88347 ], [ -0.31587, 42.88223 ], [ -0.31313, 42.87996 ], [ -0.31301, 42.87852 ], [ -0.30904, 42.87451 ], [ -0.30707, 42.86997 ], [ -0.30705, 42.86818 ], [ -0.30913, 42.86704 ], [ -0.30993, 42.8654 ], [ -0.31002, 42.86341 ], [ -0.31112, 42.86181 ], [ -0.31104, 42.85993 ], [ -0.30997, 42.85513 ], [ -0.31086, 42.85314 ], [ -0.31261, 42.85133 ], [ -0.31344, 42.84938 ], [ -0.31173, 42.84789 ], [ -0.30867, 42.84359 ], [ -0.30636, 42.84121 ], [ -0.30257, 42.84121 ], [ -0.30156, 42.83984 ], [ -0.29713, 42.83869 ], [ -0.29452, 42.83906 ], [ -0.29284, 42.83847 ], [ -0.29064, 42.83875 ], [ -0.28761, 42.8377 ], [ -0.28325, 42.83758 ], [ -0.27668, 42.83547 ], [ -0.27554, 42.83321 ], [ -0.27538, 42.82916 ], [ -0.27474, 42.82849 ], [ -0.27158, 42.82776 ], [ -0.27056, 42.82702 ], [ -0.26648, 42.8258 ], [ -0.26372, 42.8243 ], [ -0.26202, 42.82452 ], [ -0.2612, 42.82259 ], [ -0.25801, 42.821 ], [ -0.25597, 42.81907 ], [ -0.24888, 42.82036 ], [ -0.24557, 42.82044 ], [ -0.24542, 42.82265 ], [ -0.24336, 42.82314 ], [ -0.24222, 42.82232 ], [ -0.24264, 42.82041 ], [ -0.24086, 42.8187 ], [ -0.23879, 42.8178 ], [ -0.23773, 42.81427 ], [ -0.23928, 42.81333 ], [ -0.23884, 42.81181 ], [ -0.23915, 42.80888 ], [ -0.23764, 42.80788 ], [ -0.23494, 42.80785 ], [ -0.2316, 42.80545 ], [ -0.22798, 42.80486 ], [ -0.22614, 42.80215 ], [ -0.22409, 42.80103 ], [ -0.21994, 42.80275 ], [ -0.21804, 42.80131 ], [ -0.21737, 42.79853 ], [ -0.21609, 42.79716 ], [ -0.2139, 42.79604 ], [ -0.21196, 42.79613 ], [ -0.20896, 42.79773 ], [ -0.20389, 42.79649 ], [ -0.20064, 42.79612 ], [ -0.1976, 42.7952 ], [ -0.19597, 42.79275 ], [ -0.19291, 42.79121 ], [ -0.19115, 42.79151 ], [ -0.18908, 42.78999 ], [ -0.18942, 42.7866 ], [ -0.18661, 42.78667 ], [ -0.18408, 42.78753 ], [ -0.18161, 42.78683 ], [ -0.17849, 42.78536 ], [ -0.17566, 42.78646 ], [ -0.17145, 42.78952 ], [ -0.16759, 42.79101 ], [ -0.16529, 42.7943 ], [ -0.16515, 42.79539 ], [ -0.16221, 42.79671 ], [ -0.16087, 42.79832 ], [ -0.15822, 42.79635 ], [ -0.15781, 42.79537 ], [ -0.15555, 42.79411 ], [ -0.15458, 42.79275 ], [ -0.15608, 42.78596 ], [ -0.15504, 42.78444 ], [ -0.15421, 42.78077 ], [ -0.15151, 42.77894 ], [ -0.14795, 42.77718 ], [ -0.1471, 42.77562 ], [ -0.14757, 42.77386 ], [ -0.1498, 42.77299 ], [ -0.14994, 42.76921 ], [ -0.14669, 42.76842 ], [ -0.14345, 42.76859 ], [ -0.13843, 42.76694 ], [ -0.13596, 42.76349 ], [ -0.13632, 42.76168 ], [ -0.13429, 42.76113 ], [ -0.13186, 42.75867 ], [ -0.12982, 42.75803 ], [ -0.12718, 42.75323 ], [ -0.12291, 42.75162 ], [ -0.1231, 42.74913 ], [ -0.11966, 42.74571 ], [ -0.11728, 42.74246 ], [ -0.11759, 42.73832 ], [ -0.11424, 42.73686 ], [ -0.11347, 42.73589 ], [ -0.10932, 42.73449 ], [ -0.10799, 42.73204 ], [ -0.10861, 42.72907 ], [ -0.1117, 42.72674 ], [ -0.11153, 42.72566 ], [ -0.10812, 42.72285 ], [ -0.1068, 42.7205 ], [ -0.1007, 42.72212 ], [ -0.09807, 42.72205 ], [ -0.09605, 42.72047 ], [ -0.09223, 42.72114 ], [ -0.08778, 42.72114 ], [ -0.08349, 42.71795 ], [ -0.08122, 42.71755 ], [ -0.07856, 42.71648 ], [ -0.07361, 42.71807 ], [ -0.07299, 42.71764 ], [ -0.06884, 42.7179 ], [ -0.06537, 42.71348 ], [ -0.064, 42.71009 ], [ -0.06463, 42.70853 ], [ -0.06599, 42.70778 ], [ -0.06383, 42.70257 ], [ -0.06461, 42.70057 ], [ -0.06334, 42.69623 ], [ -0.06231, 42.69504 ], [ -0.05981, 42.69343 ], [ -0.05672, 42.69215 ], [ -0.0542, 42.6921 ], [ -0.04947, 42.69419 ], [ -0.04487, 42.69199 ], [ -0.04227, 42.69133 ], [ -0.03923, 42.69157 ], [ -0.03494, 42.69117 ], [ -0.032, 42.69055 ], [ -0.02962, 42.68953 ], [ -0.02699, 42.68768 ], [ -0.02166, 42.68708 ], [ -0.01877, 42.6862 ], [ -0.01658, 42.68489 ], [ -0.01482, 42.68502 ], [ -0.01064, 42.68439 ], [ -0.00353, 42.68485 ], [ 0.00189, 42.68582 ], [ 0.0045, 42.68745 ], [ 0.00477, 42.68858 ], [ 0.00911, 42.68998 ], [ 0.011, 42.69136 ], [ 0.01162, 42.6926 ], [ 0.01367, 42.69336 ], [ 0.01546, 42.69605 ], [ 0.0153, 42.70019 ], [ 0.01445, 42.70165 ], [ 0.01969, 42.70173 ], [ 0.02071, 42.70224 ], [ 0.02459, 42.70246 ], [ 0.03018, 42.70068 ], [ 0.03516, 42.69962 ], [ 0.03899, 42.69852 ], [ 0.04116, 42.69753 ], [ 0.0444, 42.69733 ], [ 0.04823, 42.69587 ], [ 0.04995, 42.69622 ], [ 0.05207, 42.6978 ], [ 0.05451, 42.69816 ], [ 0.05855, 42.69766 ], [ 0.06179, 42.69917 ], [ 0.06284, 42.70059 ], [ 0.06807, 42.70259 ], [ 0.07071, 42.70394 ], [ 0.07212, 42.70685 ], [ 0.07145, 42.70833 ], [ 0.07237, 42.70987 ], [ 0.07648, 42.71288 ], [ 0.07631, 42.71409 ], [ 0.07836, 42.7149 ], [ 0.08212, 42.71521 ], [ 0.08441, 42.71624 ], [ 0.08564, 42.71595 ], [ 0.09042, 42.71713 ], [ 0.09634, 42.71423 ], [ 0.09904, 42.71329 ], [ 0.10149, 42.71167 ], [ 0.10593, 42.71054 ], [ 0.11125, 42.71021 ], [ 0.11605, 42.71084 ], [ 0.11988, 42.71316 ], [ 0.12475, 42.71349 ], [ 0.12875, 42.71407 ], [ 0.13325, 42.71614 ], [ 0.13401, 42.71723 ], [ 0.13469, 42.72021 ], [ 0.13657, 42.72233 ], [ 0.14098, 42.72182 ], [ 0.14254, 42.72262 ], [ 0.14474, 42.72266 ], [ 0.14856, 42.72346 ], [ 0.15152, 42.72451 ], [ 0.15621, 42.72455 ], [ 0.15884, 42.72308 ], [ 0.16201, 42.723 ], [ 0.16248, 42.72359 ], [ 0.16207, 42.72773 ], [ 0.1635, 42.72923 ], [ 0.16623, 42.72957 ], [ 0.17023, 42.73211 ], [ 0.17196, 42.73355 ], [ 0.17407, 42.73408 ], [ 0.17573, 42.737 ], [ 0.18135, 42.73571 ], [ 0.18403, 42.73559 ], [ 0.18529, 42.73439 ], [ 0.18843, 42.73387 ], [ 0.19093, 42.73206 ], [ 0.19459, 42.73246 ], [ 0.19744, 42.73106 ], [ 0.19927, 42.73106 ], [ 0.20231, 42.72999 ], [ 0.20599, 42.7293 ], [ 0.20783, 42.72739 ], [ 0.2103, 42.72686 ], [ 0.21402, 42.72319 ], [ 0.21676, 42.72154 ], [ 0.22649, 42.71726 ], [ 0.22773, 42.71868 ], [ 0.23128, 42.71852 ], [ 0.2336, 42.7188 ], [ 0.23626, 42.7174 ], [ 0.24276, 42.7182 ], [ 0.24682, 42.71764 ], [ 0.24929, 42.71854 ], [ 0.25271, 42.71829 ], [ 0.25613, 42.71665 ], [ 0.25988, 42.71581 ], [ 0.26057, 42.71165 ], [ 0.26352, 42.70774 ], [ 0.26579, 42.70382 ], [ 0.26753, 42.70281 ], [ 0.26812, 42.69985 ], [ 0.26575, 42.69585 ], [ 0.26346, 42.69324 ], [ 0.26633, 42.69177 ], [ 0.27018, 42.69129 ], [ 0.27211, 42.68993 ], [ 0.27629, 42.68772 ], [ 0.27783, 42.68536 ], [ 0.28306, 42.68213 ], [ 0.28417, 42.68012 ], [ 0.29063, 42.67673 ], [ 0.29514, 42.67316 ], [ 0.2979, 42.67456 ], [ 0.3011, 42.6776 ], [ 0.3088, 42.68075 ], [ 0.31194, 42.68158 ], [ 0.31286, 42.68348 ], [ 0.31586, 42.68453 ], [ 0.31926, 42.68363 ], [ 0.32149, 42.68408 ], [ 0.32347, 42.68714 ], [ 0.32239, 42.69013 ], [ 0.32158, 42.69098 ], [ 0.32403, 42.69399 ], [ 0.32625, 42.69732 ], [ 0.32462, 42.7003 ], [ 0.32507, 42.70517 ], [ 0.32756, 42.70549 ], [ 0.33135, 42.70709 ], [ 0.33421, 42.70782 ], [ 0.33893, 42.71033 ], [ 0.34129, 42.71082 ], [ 0.34544, 42.71098 ], [ 0.34725, 42.71368 ], [ 0.35004, 42.71616 ], [ 0.35364, 42.71824 ], [ 0.3578, 42.71989 ], [ 0.35915, 42.72122 ], [ 0.3601, 42.72429 ], [ 0.37051, 42.71935 ], [ 0.37208, 42.71619 ], [ 0.37575, 42.71422 ], [ 0.37972, 42.71412 ], [ 0.38304, 42.71318 ], [ 0.38558, 42.71174 ], [ 0.39074, 42.71308 ], [ 0.39263, 42.71312 ], [ 0.39382, 42.71021 ], [ 0.39312, 42.70904 ], [ 0.39327, 42.70652 ], [ 0.3942, 42.7059 ], [ 0.39579, 42.70197 ], [ 0.39532, 42.69957 ], [ 0.40024, 42.69804 ], [ 0.40299, 42.69606 ], [ 0.40546, 42.69552 ], [ 0.40721, 42.69573 ], [ 0.41676, 42.69487 ], [ 0.42016, 42.69366 ], [ 0.42163, 42.69129 ], [ 0.42275, 42.69082 ], [ 0.42623, 42.69102 ], [ 0.42764, 42.6904 ], [ 0.43237, 42.69148 ], [ 0.43457, 42.69129 ], [ 0.43627, 42.69002 ], [ 0.44006, 42.6913 ], [ 0.44505, 42.6916 ], [ 0.45014, 42.69295 ], [ 0.45192, 42.69456 ], [ 0.45463, 42.69375 ], [ 0.45608, 42.69269 ], [ 0.46155, 42.69342 ], [ 0.46456, 42.6945 ], [ 0.46797, 42.69501 ], [ 0.46954, 42.69724 ], [ 0.47157, 42.69867 ], [ 0.47226, 42.69994 ], [ 0.47775, 42.69999 ], [ 0.48199, 42.6993 ], [ 0.48438, 42.69856 ], [ 0.49188, 42.69501 ], [ 0.49291, 42.69308 ], [ 0.49923, 42.69206 ], [ 0.50342, 42.69294 ], [ 0.51123, 42.69239 ], [ 0.51658, 42.69144 ], [ 0.51852, 42.69188 ], [ 0.52104, 42.69512 ], [ 0.52079, 42.69755 ], [ 0.52317, 42.69925 ], [ 0.52643, 42.70102 ], [ 0.52637, 42.70258 ], [ 0.52961, 42.70268 ], [ 0.53214, 42.70179 ], [ 0.53549, 42.69977 ], [ 0.5389, 42.70027 ], [ 0.54201, 42.70032 ], [ 0.5454, 42.70141 ], [ 0.54969, 42.70031 ], [ 0.55251, 42.70017 ], [ 0.55448, 42.69944 ], [ 0.5576, 42.6994 ], [ 0.56042, 42.69886 ], [ 0.56507, 42.69862 ], [ 0.56933, 42.6967 ], [ 0.57318, 42.69686 ], [ 0.5765, 42.69551 ], [ 0.57981, 42.69552 ], [ 0.58188, 42.69511 ], [ 0.58497, 42.69597 ], [ 0.58732, 42.69483 ], [ 0.58916, 42.69495 ], [ 0.59105, 42.69907 ], [ 0.59313, 42.7009 ], [ 0.59388, 42.70429 ], [ 0.59672, 42.70555 ], [ 0.59732, 42.70584 ], [ 0.60082, 42.70314 ], [ 0.60323, 42.70196 ], [ 0.60451, 42.70001 ], [ 0.60562, 42.69939 ], [ 0.61115, 42.6984 ], [ 0.61318, 42.69761 ], [ 0.61587, 42.69739 ], [ 0.61701, 42.69619 ], [ 0.62362, 42.69526 ], [ 0.62806, 42.69569 ], [ 0.63065, 42.69518 ], [ 0.6379, 42.69304 ], [ 0.6409, 42.69286 ], [ 0.64234, 42.69361 ], [ 0.64679, 42.69404 ], [ 0.64837, 42.69388 ], [ 0.65128, 42.69252 ], [ 0.65666, 42.69202 ], [ 0.65833, 42.69106 ], [ 0.66278, 42.69149 ], [ 0.66456, 42.69111 ], [ 0.66838, 42.68945 ], [ 0.67647, 42.69101 ], [ 0.676, 42.69438 ], [ 0.67422, 42.69517 ], [ 0.67377, 42.69984 ], [ 0.67565, 42.70293 ], [ 0.67758, 42.70355 ], [ 0.6804, 42.70521 ], [ 0.68226, 42.70897 ], [ 0.68074, 42.71071 ], [ 0.67938, 42.71117 ], [ 0.67683, 42.71303 ], [ 0.67649, 42.71415 ], [ 0.67387, 42.71658 ], [ 0.67472, 42.71926 ], [ 0.68003, 42.72347 ], [ 0.67891, 42.72436 ], [ 0.67704, 42.72806 ], [ 0.67437, 42.72956 ], [ 0.67067, 42.73072 ], [ 0.66953, 42.7325 ], [ 0.66958, 42.73453 ], [ 0.66677, 42.73709 ], [ 0.6664, 42.7393 ], [ 0.6669, 42.74147 ], [ 0.66337, 42.74298 ], [ 0.66269, 42.74532 ], [ 0.66384, 42.74798 ], [ 0.66294, 42.7501 ], [ 0.66102, 42.75087 ], [ 0.65994, 42.75243 ], [ 0.64744, 42.75166 ], [ 0.64185, 42.75482 ], [ 0.64616, 42.7561 ], [ 0.64895, 42.75862 ], [ 0.65121, 42.7627 ], [ 0.65013, 42.76452 ], [ 0.65132, 42.76576 ], [ 0.65592, 42.76777 ], [ 0.65852, 42.76826 ], [ 0.66124, 42.76961 ], [ 0.66423, 42.77167 ], [ 0.66681, 42.7754 ], [ 0.65946, 42.7761 ], [ 0.65699, 42.77729 ], [ 0.65474, 42.77702 ], [ 0.65086, 42.7781 ], [ 0.64826, 42.78148 ], [ 0.64454, 42.78308 ], [ 0.64735, 42.7851 ], [ 0.65041, 42.78573 ], [ 0.65229, 42.78765 ], [ 0.65358, 42.79006 ], [ 0.6543, 42.79246 ], [ 0.65647, 42.79397 ], [ 0.65822, 42.79656 ], [ 0.66001, 42.79839 ], [ 0.66251, 42.79852 ], [ 0.66583, 42.8 ], [ 0.66713, 42.80134 ], [ 0.66969, 42.80209 ], [ 0.67057, 42.80543 ], [ 0.66789, 42.80999 ], [ 0.66537, 42.81252 ], [ 0.66475, 42.81517 ], [ 0.66701, 42.81893 ], [ 0.67025, 42.82177 ], [ 0.66986, 42.82438 ], [ 0.66193, 42.82871 ], [ 0.65911, 42.83519 ], [ 0.65862, 42.83771 ], [ 0.65901, 42.83853 ], [ 0.66406, 42.84207 ], [ 0.66666, 42.84328 ], [ 0.67296, 42.84539 ], [ 0.67579, 42.84692 ], [ 0.67859, 42.84795 ], [ 0.67937, 42.85031 ], [ 0.67789, 42.85511 ], [ 0.68006, 42.85459 ], [ 0.6831, 42.85473 ], [ 0.68474, 42.8553 ], [ 0.68823, 42.85544 ], [ 0.69099, 42.85498 ], [ 0.69986, 42.85732 ], [ 0.70838, 42.8614 ], [ 0.71262, 42.86043 ], [ 0.71624, 42.85792 ], [ 0.72102, 42.85762 ], [ 0.7241, 42.85686 ], [ 0.72672, 42.8573 ], [ 0.72839, 42.85692 ], [ 0.73106, 42.85494 ], [ 0.73315, 42.85501 ], [ 0.73506, 42.85431 ], [ 0.73511, 42.8526 ], [ 0.73611, 42.84879 ], [ 0.73864, 42.8487 ], [ 0.74645, 42.84679 ], [ 0.75007, 42.84647 ], [ 0.75139, 42.8455 ], [ 0.75655, 42.84418 ], [ 0.76174, 42.84241 ], [ 0.76276, 42.8403 ], [ 0.76501, 42.84004 ], [ 0.76628, 42.83922 ], [ 0.77169, 42.83841 ], [ 0.77639, 42.83654 ], [ 0.77927, 42.83595 ], [ 0.78262, 42.83659 ], [ 0.786, 42.83595 ], [ 0.78906, 42.83617 ], [ 0.79323, 42.83785 ], [ 0.79572, 42.84004 ], [ 0.80148, 42.84048 ], [ 0.80684, 42.8388 ], [ 0.81083, 42.83872 ], [ 0.81613, 42.83681 ], [ 0.81796, 42.83467 ], [ 0.82077, 42.83471 ], [ 0.82322, 42.832 ], [ 0.82581, 42.83154 ], [ 0.83012, 42.82997 ], [ 0.8331, 42.82845 ], [ 0.8372, 42.82796 ], [ 0.84219, 42.82919 ], [ 0.84355, 42.82926 ], [ 0.84827, 42.82802 ], [ 0.85191, 42.82676 ], [ 0.85546, 42.82663 ], [ 0.85831, 42.82572 ], [ 0.85835, 42.82374 ], [ 0.86141, 42.821 ], [ 0.86965, 42.81655 ], [ 0.87419, 42.81576 ], [ 0.87729, 42.81422 ], [ 0.88507, 42.8133 ], [ 0.88824, 42.81108 ], [ 0.89003, 42.81048 ], [ 0.89192, 42.80834 ], [ 0.89377, 42.80738 ], [ 0.89715, 42.807 ], [ 0.8987, 42.80586 ], [ 0.89966, 42.80398 ], [ 0.90243, 42.80311 ], [ 0.90332, 42.80196 ], [ 0.9064, 42.80078 ], [ 0.90696, 42.79763 ], [ 0.90844, 42.79658 ], [ 0.91304, 42.79659 ], [ 0.91543, 42.79626 ], [ 0.91708, 42.79395 ], [ 0.92008, 42.79326 ], [ 0.92079, 42.79188 ], [ 0.92612, 42.7891 ], [ 0.93077, 42.78867 ], [ 0.93366, 42.78979 ], [ 0.93424, 42.79146 ], [ 0.93716, 42.7946 ], [ 0.93792, 42.79605 ], [ 0.94107, 42.79713 ], [ 0.94325, 42.79872 ], [ 0.94731, 42.79972 ], [ 0.94747, 42.80134 ], [ 0.95847, 42.80386 ], [ 0.95977, 42.80564 ], [ 0.96414, 42.80416 ], [ 0.9667, 42.80203 ], [ 0.96799, 42.79885 ], [ 0.97096, 42.79754 ], [ 0.97347, 42.79744 ], [ 0.97618, 42.79593 ], [ 0.97807, 42.79362 ], [ 0.9784, 42.79249 ], [ 0.97677, 42.79158 ], [ 0.97834, 42.78994 ], [ 0.98007, 42.78919 ], [ 0.98311, 42.78707 ], [ 0.98649, 42.78652 ], [ 0.99137, 42.78658 ], [ 0.99307, 42.78718 ], [ 0.99648, 42.78745 ], [ 1.00187, 42.78972 ], [ 1.00559, 42.7908 ], [ 1.00705, 42.7905 ], [ 1.01034, 42.78833 ], [ 1.01194, 42.7879 ], [ 1.01461, 42.78838 ], [ 1.01714, 42.78706 ], [ 1.01941, 42.78731 ], [ 1.02229, 42.78658 ], [ 1.02908, 42.78612 ], [ 1.03106, 42.78494 ], [ 1.03265, 42.78527 ], [ 1.0334, 42.7869 ], [ 1.03562, 42.78642 ], [ 1.03872, 42.78682 ], [ 1.04167, 42.78614 ], [ 1.0442, 42.78509 ], [ 1.0431, 42.78224 ], [ 1.04447, 42.78095 ], [ 1.0468, 42.78076 ], [ 1.05342, 42.78254 ], [ 1.05631, 42.78199 ], [ 1.05854, 42.78296 ], [ 1.0652, 42.7829 ], [ 1.06668, 42.78238 ], [ 1.07335, 42.78236 ], [ 1.07472, 42.78395 ], [ 1.07541, 42.78594 ], [ 1.0775, 42.78835 ], [ 1.07871, 42.78837 ], [ 1.08125, 42.78672 ], [ 1.08307, 42.78495 ], [ 1.08373, 42.78198 ], [ 1.08603, 42.78047 ], [ 1.08645, 42.77846 ], [ 1.08927, 42.77777 ], [ 1.09156, 42.7759 ], [ 1.09322, 42.77574 ], [ 1.0957, 42.77419 ], [ 1.10165, 42.77251 ], [ 1.10698, 42.77229 ], [ 1.10914, 42.77079 ], [ 1.1093, 42.7657 ], [ 1.11249, 42.76537 ], [ 1.11962, 42.76303 ], [ 1.12164, 42.75949 ], [ 1.12305, 42.7591 ], [ 1.12578, 42.75738 ], [ 1.1287, 42.75462 ], [ 1.13047, 42.75158 ], [ 1.1327, 42.75029 ], [ 1.13146, 42.74772 ], [ 1.12969, 42.74564 ], [ 1.13127, 42.74263 ], [ 1.13054, 42.74182 ], [ 1.13059, 42.73947 ], [ 1.13171, 42.73836 ], [ 1.13388, 42.73757 ], [ 1.13507, 42.73556 ], [ 1.13289, 42.73148 ], [ 1.13327, 42.72807 ], [ 1.13522, 42.7275 ], [ 1.13703, 42.72599 ], [ 1.14, 42.72428 ], [ 1.14412, 42.72238 ], [ 1.14595, 42.72227 ], [ 1.14878, 42.72122 ], [ 1.15113, 42.71949 ], [ 1.15222, 42.71665 ], [ 1.15605, 42.71499 ], [ 1.16185, 42.71105 ], [ 1.16364, 42.71039 ], [ 1.16593, 42.70871 ], [ 1.16986, 42.70798 ], [ 1.17277, 42.7081 ], [ 1.17557, 42.70894 ], [ 1.17691, 42.71174 ], [ 1.17927, 42.71326 ], [ 1.18219, 42.71369 ], [ 1.18674, 42.7154 ], [ 1.18884, 42.71731 ], [ 1.19109, 42.71747 ], [ 1.1922, 42.71667 ], [ 1.19689, 42.71767 ], [ 1.20042, 42.71766 ], [ 1.20498, 42.71914 ], [ 1.20575, 42.72024 ], [ 1.20952, 42.72086 ], [ 1.21674, 42.72002 ], [ 1.21763, 42.72125 ], [ 1.22066, 42.72241 ], [ 1.22222, 42.72369 ], [ 1.2246, 42.72425 ], [ 1.22772, 42.72698 ], [ 1.22929, 42.72771 ], [ 1.23254, 42.72738 ], [ 1.23391, 42.72561 ], [ 1.23521, 42.72503 ], [ 1.23876, 42.72461 ], [ 1.2412, 42.725 ], [ 1.243, 42.72286 ], [ 1.24722, 42.72249 ], [ 1.24792, 42.72093 ], [ 1.25051, 42.71964 ], [ 1.25316, 42.71463 ], [ 1.25711, 42.71529 ], [ 1.26528, 42.71547 ], [ 1.26692, 42.71629 ], [ 1.2672, 42.71751 ], [ 1.26914, 42.71807 ], [ 1.27494, 42.71826 ], [ 1.27698, 42.71643 ], [ 1.27783, 42.71387 ], [ 1.28117, 42.71463 ], [ 1.29256, 42.71906 ], [ 1.29696, 42.71937 ], [ 1.29942, 42.71849 ], [ 1.30381, 42.71817 ], [ 1.30747, 42.71847 ], [ 1.30937, 42.71741 ], [ 1.31138, 42.71828 ], [ 1.31669, 42.71869 ], [ 1.32538, 42.72422 ], [ 1.33283, 42.7245 ], [ 1.33527, 42.72404 ], [ 1.33835, 42.71857 ], [ 1.3409, 42.71928 ], [ 1.34372, 42.71884 ], [ 1.3509, 42.72003 ], [ 1.35738, 42.71941 ], [ 1.35803, 42.71694 ], [ 1.35801, 42.71493 ], [ 1.35528, 42.71355 ], [ 1.35288, 42.71128 ], [ 1.35303, 42.70971 ], [ 1.35195, 42.70835 ], [ 1.35235, 42.70623 ], [ 1.35103, 42.7046 ], [ 1.35124, 42.70266 ], [ 1.35317, 42.70035 ], [ 1.35693, 42.69867 ], [ 1.3617, 42.69776 ], [ 1.3651, 42.69451 ], [ 1.36955, 42.69563 ], [ 1.37248, 42.69475 ], [ 1.37737, 42.69452 ], [ 1.381, 42.69181 ], [ 1.38469, 42.69067 ], [ 1.3866, 42.68952 ], [ 1.38933, 42.68679 ], [ 1.3896, 42.68508 ], [ 1.38752, 42.68151 ], [ 1.38876, 42.67991 ], [ 1.38703, 42.67741 ], [ 1.38891, 42.67427 ], [ 1.38888, 42.67289 ], [ 1.38773, 42.67099 ], [ 1.38778, 42.66837 ], [ 1.38986, 42.66804 ], [ 1.39424, 42.66839 ], [ 1.39664, 42.66805 ], [ 1.40132, 42.66457 ], [ 1.40196, 42.66188 ], [ 1.40377, 42.66002 ], [ 1.40315, 42.65887 ], [ 1.40537, 42.65721 ], [ 1.40837, 42.65759 ], [ 1.41366, 42.65552 ], [ 1.41441, 42.65402 ], [ 1.41359, 42.65145 ], [ 1.41466, 42.6496 ], [ 1.41366, 42.64766 ], [ 1.41444, 42.64407 ], [ 1.41691, 42.64184 ], [ 1.4173, 42.64 ], [ 1.41617, 42.63913 ], [ 1.41593, 42.63764 ], [ 1.41652, 42.63568 ], [ 1.41807, 42.63348 ], [ 1.41974, 42.63223 ], [ 1.41872, 42.63069 ], [ 1.41996, 42.62949 ], [ 1.42019, 42.62607 ], [ 1.4207, 42.62473 ], [ 1.42206, 42.62397 ], [ 1.42379, 42.62201 ], [ 1.42728, 42.62095 ], [ 1.4281, 42.61845 ], [ 1.43056, 42.61733 ], [ 1.42933, 42.61444 ], [ 1.42923, 42.61269 ], [ 1.43085, 42.61136 ], [ 1.43302, 42.60831 ], [ 1.4334, 42.60692 ], [ 1.43567, 42.60581 ], [ 1.43783, 42.60321 ], [ 1.44282, 42.60366 ], [ 1.44782, 42.60379 ], [ 1.4504, 42.6026 ], [ 1.45704, 42.60229 ], [ 1.45981, 42.60475 ], [ 1.46175, 42.60562 ], [ 1.46339, 42.60562 ], [ 1.46478, 42.60685 ], [ 1.46777, 42.60638 ], [ 1.46946, 42.60689 ], [ 1.47042, 42.60869 ], [ 1.47423, 42.61089 ], [ 1.47656, 42.61302 ], [ 1.47727, 42.61497 ], [ 1.47573, 42.61656 ], [ 1.47428, 42.61939 ], [ 1.47382, 42.62141 ], [ 1.47105, 42.62467 ], [ 1.47053, 42.62626 ], [ 1.47142, 42.62824 ], [ 1.47098, 42.62918 ], [ 1.46834, 42.63082 ], [ 1.46993, 42.63385 ], [ 1.46991, 42.63565 ], [ 1.4757, 42.63957 ], [ 1.47691, 42.64074 ], [ 1.47796, 42.6435 ], [ 1.47702, 42.64524 ], [ 1.47809, 42.64675 ], [ 1.47874, 42.6494 ], [ 1.47877, 42.65165 ], [ 1.4801, 42.65139 ], [ 1.48474, 42.65206 ], [ 1.48814, 42.65194 ], [ 1.49106, 42.65297 ], [ 1.49375, 42.65321 ], [ 1.49758, 42.64873 ], [ 1.49925, 42.6474 ], [ 1.50061, 42.64515 ], [ 1.50288, 42.64544 ], [ 1.5058, 42.6452 ], [ 1.51262, 42.64615 ], [ 1.51891, 42.64548 ], [ 1.52143, 42.64743 ], [ 1.52215, 42.64918 ], [ 1.52458, 42.64956 ], [ 1.52638, 42.65084 ], [ 1.52864, 42.65144 ], [ 1.53083, 42.65124 ], [ 1.53384, 42.64968 ], [ 1.53548, 42.65009 ], [ 1.53832, 42.65255 ], [ 1.54093, 42.65284 ], [ 1.54396, 42.6542 ], [ 1.54925, 42.65578 ], [ 1.5528, 42.65395 ], [ 1.55562, 42.6533 ], [ 1.55832, 42.65215 ], [ 1.5605, 42.65333 ], [ 1.56239, 42.65348 ], [ 1.56607, 42.65148 ], [ 1.56707, 42.64973 ], [ 1.56879, 42.64843 ], [ 1.57192, 42.64796 ], [ 1.57489, 42.64803 ], [ 1.57589, 42.6462 ], [ 1.57599, 42.64336 ], [ 1.57845, 42.64229 ], [ 1.57944, 42.64117 ], [ 1.57921, 42.63902 ], [ 1.57978, 42.63753 ], [ 1.58236, 42.63589 ], [ 1.5842, 42.6341 ], [ 1.58568, 42.63357 ], [ 1.59313, 42.63313 ], [ 1.59527, 42.63179 ], [ 1.59974, 42.62619 ], [ 1.60205, 42.62548 ], [ 1.60357, 42.62585 ], [ 1.60762, 42.62832 ], [ 1.60934, 42.62855 ], [ 1.61149, 42.62667 ], [ 1.61691, 42.62662 ], [ 1.61953, 42.62583 ], [ 1.62232, 42.62728 ], [ 1.62788, 42.62633 ], [ 1.63072, 42.62779 ], [ 1.63716, 42.6303 ], [ 1.63883, 42.62842 ], [ 1.65372, 42.62631 ], [ 1.65496, 42.62447 ], [ 1.65553, 42.62255 ], [ 1.65689, 42.62115 ], [ 1.66086, 42.62037 ], [ 1.66203, 42.61948 ], [ 1.6644, 42.61904 ], [ 1.66687, 42.62153 ], [ 1.67205, 42.62125 ], [ 1.67346, 42.62081 ], [ 1.67577, 42.6223 ], [ 1.67838, 42.6225 ], [ 1.68056, 42.62481 ], [ 1.6836, 42.62486 ], [ 1.68671, 42.6239 ], [ 1.69031, 42.62325 ], [ 1.69204, 42.62195 ], [ 1.69818, 42.62274 ], [ 1.70063, 42.62119 ], [ 1.70705, 42.6187 ], [ 1.7102, 42.61633 ], [ 1.71411, 42.61461 ], [ 1.7202, 42.61504 ], [ 1.72281, 42.61636 ], [ 1.72628, 42.61548 ], [ 1.72817, 42.61563 ], [ 1.72951, 42.61482 ], [ 1.73353, 42.61579 ], [ 1.73657, 42.61783 ], [ 1.73622, 42.61503 ], [ 1.73727, 42.61424 ], [ 1.73796, 42.61131 ], [ 1.73663, 42.61077 ], [ 1.73519, 42.60851 ], [ 1.7319, 42.60741 ], [ 1.73114, 42.60569 ], [ 1.73127, 42.60399 ], [ 1.72899, 42.60123 ], [ 1.72631, 42.60031 ], [ 1.72612, 42.58969 ], [ 1.72826, 42.58841 ], [ 1.73173, 42.58806 ], [ 1.73375, 42.58853 ], [ 1.73539, 42.58791 ], [ 1.74197, 42.58775 ], [ 1.74846, 42.58468 ], [ 1.74961, 42.58469 ], [ 1.75286, 42.58264 ], [ 1.75475, 42.58292 ], [ 1.75859, 42.58195 ], [ 1.76074, 42.58092 ], [ 1.76805, 42.58052 ], [ 1.77316, 42.58068 ], [ 1.77741, 42.58205 ], [ 1.78094, 42.5826 ], [ 1.78313, 42.58012 ], [ 1.78441, 42.57587 ], [ 1.78661, 42.57431 ], [ 1.78613, 42.57362 ], [ 1.78456, 42.57218 ], [ 1.78231, 42.57149 ], [ 1.78147, 42.5705 ], [ 1.77651, 42.56769 ], [ 1.77553, 42.56768 ], [ 1.77329, 42.5661 ], [ 1.77122, 42.56604 ], [ 1.7696, 42.56451 ], [ 1.76789, 42.56436 ], [ 1.76539, 42.56533 ], [ 1.75802, 42.56462 ], [ 1.75376, 42.56469 ], [ 1.75048, 42.564 ], [ 1.7483, 42.563 ], [ 1.73919, 42.55561 ], [ 1.73853, 42.55354 ], [ 1.73638, 42.55016 ], [ 1.73453, 42.54908 ], [ 1.73559, 42.54622 ], [ 1.73565, 42.5433 ], [ 1.73426, 42.54172 ], [ 1.73453, 42.54001 ], [ 1.73352, 42.53816 ], [ 1.7345, 42.5365 ], [ 1.73496, 42.53372 ], [ 1.73381, 42.53222 ], [ 1.73322, 42.53028 ], [ 1.73352, 42.52786 ], [ 1.73164, 42.52894 ], [ 1.73058, 42.52648 ], [ 1.72888, 42.5247 ], [ 1.72878, 42.52263 ], [ 1.72964, 42.52034 ], [ 1.72683, 42.51838 ], [ 1.72322, 42.51853 ], [ 1.72181, 42.51704 ], [ 1.72516, 42.51548 ], [ 1.72596, 42.51428 ], [ 1.726, 42.50973 ], [ 1.72573, 42.50779 ], [ 1.72583, 42.5036 ], [ 1.72677, 42.50131 ], [ 1.72817, 42.50015 ], [ 1.72928, 42.49805 ], [ 1.73067, 42.49275 ], [ 1.73724, 42.49368 ], [ 1.73863, 42.49445 ], [ 1.74434, 42.49462 ], [ 1.74653, 42.49561 ], [ 1.74951, 42.49469 ], [ 1.75074, 42.49299 ], [ 1.75302, 42.49146 ], [ 1.75533, 42.49085 ], [ 1.75922, 42.49056 ], [ 1.76062, 42.48979 ], [ 1.76179, 42.48774 ], [ 1.76326, 42.48684 ], [ 1.77963, 42.48639 ], [ 1.79167, 42.48578 ], [ 1.79658, 42.48728 ], [ 1.80459, 42.4901 ], [ 1.80795, 42.48701 ], [ 1.8168, 42.48306 ], [ 1.82352, 42.48624 ], [ 1.82696, 42.48373 ], [ 1.83092, 42.48308 ], [ 1.83443, 42.48292 ], [ 1.83462, 42.48179 ], [ 1.83792, 42.48019 ], [ 1.84061, 42.47839 ], [ 1.84336, 42.47714 ], [ 1.84411, 42.47445 ], [ 1.84612, 42.47257 ], [ 1.84731, 42.46965 ], [ 1.84744, 42.46785 ], [ 1.85232, 42.46634 ], [ 1.85422, 42.46414 ], [ 1.8597, 42.46246 ], [ 1.86283, 42.4663 ], [ 1.86429, 42.46658 ], [ 1.86716, 42.46564 ], [ 1.87289, 42.46282 ], [ 1.87392, 42.46278 ], [ 1.87873, 42.46123 ], [ 1.88143, 42.45971 ], [ 1.88296, 42.45792 ], [ 1.88266, 42.45611 ], [ 1.88404, 42.4523 ], [ 1.8841, 42.45086 ], [ 1.88545, 42.44929 ], [ 1.888, 42.44921 ], [ 1.89001, 42.44981 ], [ 1.89136, 42.44779 ], [ 1.89548, 42.44772 ], [ 1.89657, 42.44943 ], [ 1.89827, 42.45006 ], [ 1.90027, 42.44998 ], [ 1.90521, 42.44838 ], [ 1.90867, 42.44817 ], [ 1.9088, 42.44682 ], [ 1.91183, 42.44751 ], [ 1.91664, 42.44631 ], [ 1.92065, 42.44682 ], [ 1.93238, 42.45446 ], [ 1.93384, 42.45416 ], [ 1.93688, 42.45359 ], [ 1.93965, 42.44945 ], [ 1.94027, 42.44788 ], [ 1.94289, 42.44443 ], [ 1.94316, 42.44159 ], [ 1.94233, 42.43781 ], [ 1.94091, 42.43415 ], [ 1.94099, 42.4302 ], [ 1.94367, 42.42823 ], [ 1.95371, 42.4266 ], [ 1.95829, 42.42396 ], [ 1.95633, 42.41616 ], [ 1.95644, 42.41495 ], [ 1.95539, 42.41032 ], [ 1.95588, 42.40942 ], [ 1.96078, 42.40399 ], [ 1.96133, 42.40192 ], [ 1.96082, 42.39679 ], [ 1.96015, 42.3954 ], [ 1.96079, 42.39116 ], [ 1.96335, 42.38861 ], [ 1.96452, 42.38798 ], [ 1.96474, 42.38164 ], [ 1.96754, 42.37855 ], [ 1.9698, 42.37698 ], [ 1.9717, 42.37379 ], [ 1.97548, 42.37204 ], [ 1.97795, 42.37188 ], [ 1.9796, 42.37117 ], [ 1.98059, 42.3694 ], [ 1.98591, 42.36205 ], [ 1.98815, 42.36129 ], [ 1.98895, 42.36012 ], [ 1.99242, 42.35901 ], [ 1.99454, 42.35995 ], [ 1.99758, 42.35763 ], [ 1.99795, 42.35609 ], [ 1.99905, 42.35543 ], [ 2.00383, 42.35557 ], [ 2.00622, 42.35333 ], [ 2.00889, 42.35271 ], [ 2.01199, 42.3529 ], [ 2.01237, 42.34957 ], [ 2.01541, 42.34678 ], [ 2.01842, 42.35067 ], [ 2.02222, 42.35446 ], [ 2.0235, 42.35523 ], [ 2.02907, 42.35592 ], [ 2.03258, 42.35831 ], [ 2.03551, 42.35751 ], [ 2.04836, 42.35759 ], [ 2.05589, 42.35851 ], [ 2.05911, 42.3578 ], [ 2.06242, 42.35897 ], [ 2.06552, 42.36105 ], [ 2.06844, 42.3611 ], [ 2.07236, 42.36458 ], [ 2.08116, 42.36442 ], [ 2.08463, 42.36177 ], [ 2.08686, 42.36367 ], [ 2.08625, 42.36546 ], [ 2.08665, 42.36915 ], [ 2.08799, 42.37033 ], [ 2.08955, 42.37372 ], [ 2.09259, 42.37453 ], [ 2.09367, 42.37542 ], [ 2.0987, 42.3767 ], [ 2.10039, 42.37796 ], [ 2.10573, 42.38 ], [ 2.10707, 42.37897 ], [ 2.11015, 42.38104 ], [ 2.11253, 42.38096 ], [ 2.11676, 42.38321 ], [ 2.11505, 42.38578 ], [ 2.11461, 42.38925 ], [ 2.11515, 42.39046 ], [ 2.1146, 42.39271 ], [ 2.1149, 42.39451 ], [ 2.11896, 42.39622 ], [ 2.12084, 42.39654 ], [ 2.12175, 42.39772 ], [ 2.12222, 42.40163 ], [ 2.12306, 42.40307 ], [ 2.12294, 42.40514 ], [ 2.1256, 42.40965 ], [ 2.12789, 42.41109 ], [ 2.12887, 42.41249 ], [ 2.13317, 42.41434 ], [ 2.13864, 42.41611 ], [ 2.14233, 42.41607 ], [ 2.14525, 42.41801 ], [ 2.14682, 42.41837 ], [ 2.1482, 42.42005 ], [ 2.15088, 42.42113 ], [ 2.15422, 42.42158 ], [ 2.15695, 42.42338 ], [ 2.1592, 42.42208 ], [ 2.16612, 42.42286 ], [ 2.16757, 42.42458 ], [ 2.17074, 42.42269 ], [ 2.17366, 42.42229 ], [ 2.17865, 42.41968 ], [ 2.18016, 42.4182 ], [ 2.1827, 42.41847 ], [ 2.18393, 42.41919 ], [ 2.18702, 42.41749 ], [ 2.19037, 42.41686 ], [ 2.19158, 42.41804 ], [ 2.19499, 42.41809 ], [ 2.19973, 42.41652 ], [ 2.20161, 42.41638 ], [ 2.20658, 42.41729 ], [ 2.20724, 42.41954 ], [ 2.21137, 42.42035 ], [ 2.21513, 42.42297 ], [ 2.2197, 42.4228 ], [ 2.22388, 42.42563 ], [ 2.23073, 42.42672 ], [ 2.23316, 42.42609 ], [ 2.23535, 42.42623 ], [ 2.23936, 42.42821 ], [ 2.24209, 42.42875 ], [ 2.24616, 42.42876 ], [ 2.2481, 42.43141 ], [ 2.2515, 42.43412 ], [ 2.25246, 42.43672 ], [ 2.25708, 42.43849 ], [ 2.26139, 42.43722 ], [ 2.26321, 42.43556 ], [ 2.26741, 42.43359 ], [ 2.27167, 42.434 ], [ 2.27743, 42.43085 ], [ 2.28097, 42.42932 ], [ 2.28862, 42.42487 ], [ 2.2913, 42.42294 ], [ 2.29718, 42.42298 ], [ 2.30059, 42.42389 ], [ 2.30491, 42.42659 ], [ 2.3058, 42.42848 ], [ 2.30695, 42.42879 ], [ 2.3117, 42.42839 ], [ 2.31414, 42.42785 ], [ 2.31747, 42.42632 ], [ 2.31874, 42.42501 ], [ 2.3188, 42.42214 ], [ 2.32069, 42.42039 ], [ 2.32403, 42.41804 ], [ 2.3261, 42.41718 ], [ 2.32888, 42.41678 ], [ 2.33126, 42.41543 ], [ 2.33484, 42.41569 ], [ 2.33818, 42.4166 ], [ 2.34097, 42.41629 ], [ 2.34352, 42.41696 ], [ 2.34481, 42.41602 ], [ 2.34498, 42.4112 ], [ 2.34644, 42.40868 ], [ 2.34918, 42.40675 ], [ 2.35724, 42.40378 ], [ 2.35914, 42.40373 ], [ 2.36077, 42.40283 ], [ 2.36368, 42.40229 ], [ 2.36593, 42.40238 ], [ 2.36988, 42.40071 ], [ 2.37211, 42.40026 ], [ 2.37456, 42.4009 ], [ 2.37643, 42.40075 ], [ 2.3805, 42.40125 ], [ 2.38286, 42.4003 ], [ 2.38754, 42.40007 ], [ 2.39197, 42.39656 ], [ 2.39549, 42.39512 ], [ 2.40083, 42.39472 ], [ 2.40659, 42.39241 ], [ 2.40897, 42.39272 ], [ 2.41254, 42.39129 ], [ 2.41801, 42.39285 ], [ 2.42049, 42.39272 ], [ 2.42384, 42.39362 ], [ 2.42627, 42.39353 ], [ 2.42882, 42.39433 ], [ 2.43246, 42.39326 ], [ 2.43409, 42.39194 ], [ 2.43548, 42.38888 ], [ 2.43457, 42.38645 ], [ 2.43511, 42.38317 ], [ 2.43329, 42.3811 ], [ 2.43285, 42.3785 ], [ 2.43346, 42.37709 ], [ 2.4348, 42.3766 ], [ 2.43631, 42.37454 ], [ 2.43844, 42.3738 ], [ 2.44206, 42.37133 ], [ 2.44668, 42.36912 ], [ 2.44929, 42.36899 ], [ 2.45462, 42.36974 ], [ 2.45638, 42.36722 ], [ 2.45716, 42.36317 ], [ 2.45911, 42.36318 ], [ 2.46323, 42.36195 ], [ 2.4668, 42.3601 ], [ 2.46814, 42.35663 ], [ 2.47061, 42.35492 ], [ 2.47232, 42.35285 ], [ 2.47273, 42.34974 ], [ 2.47394, 42.34857 ], [ 2.4763, 42.34771 ], [ 2.4766, 42.34515 ], [ 2.47841, 42.34439 ], [ 2.48121, 42.34064 ], [ 2.48356, 42.33965 ], [ 2.48532, 42.34077 ], [ 2.48805, 42.34069 ], [ 2.492, 42.34243 ], [ 2.50031, 42.34291 ], [ 2.50285, 42.3416 ], [ 2.50565, 42.34137 ], [ 2.51019, 42.33925 ], [ 2.51134, 42.33741 ], [ 2.51589, 42.33592 ], [ 2.52013, 42.33545 ], [ 2.52261, 42.33441 ], [ 2.52745, 42.33337 ], [ 2.53272, 42.33305 ], [ 2.53522, 42.33399 ], [ 2.54213, 42.33366 ], [ 2.54446, 42.33942 ], [ 2.5487, 42.33955 ], [ 2.55035, 42.34188 ], [ 2.55174, 42.3426 ], [ 2.55181, 42.34413 ], [ 2.55387, 42.34602 ], [ 2.55364, 42.34763 ], [ 2.55426, 42.35195 ], [ 2.55397, 42.35403 ], [ 2.55573, 42.35348 ], [ 2.55774, 42.35419 ], [ 2.56058, 42.35428 ], [ 2.56162, 42.35514 ], [ 2.56187, 42.35711 ], [ 2.56757, 42.35625 ], [ 2.56969, 42.35674 ], [ 2.57086, 42.35795 ], [ 2.57236, 42.35745 ], [ 2.57849, 42.35789 ], [ 2.58225, 42.35707 ], [ 2.58753, 42.35705 ], [ 2.58838, 42.35647 ], [ 2.58758, 42.35449 ], [ 2.59309, 42.35291 ], [ 2.59673, 42.35214 ], [ 2.59952, 42.35195 ], [ 2.60043, 42.35132 ], [ 2.60121, 42.34924 ], [ 2.60436, 42.34915 ], [ 2.60817, 42.34832 ], [ 2.61, 42.34684 ], [ 2.61527, 42.34634 ], [ 2.6163, 42.34565 ], [ 2.61975, 42.3456 ], [ 2.62278, 42.34501 ], [ 2.62752, 42.34558 ], [ 2.62855, 42.34652 ], [ 2.63249, 42.34638 ], [ 2.63297, 42.3447 ], [ 2.63424, 42.34394 ], [ 2.63825, 42.34352 ], [ 2.6394, 42.34401 ], [ 2.64317, 42.34445 ], [ 2.64384, 42.34396 ], [ 2.64772, 42.34345 ], [ 2.65122, 42.34411 ], [ 2.65425, 42.34289 ], [ 2.65485, 42.34132 ], [ 2.65685, 42.34163 ], [ 2.65861, 42.3409 ], [ 2.66103, 42.34116 ], [ 2.66244, 42.34058 ], [ 2.66772, 42.34115 ], [ 2.67013, 42.34073 ], [ 2.67239, 42.34176 ], [ 2.67548, 42.34238 ], [ 2.67634, 42.34476 ], [ 2.67659, 42.34729 ], [ 2.67593, 42.34836 ], [ 2.67597, 42.35439 ], [ 2.67446, 42.3553 ], [ 2.6749, 42.35705 ], [ 2.67343, 42.35742 ], [ 2.67376, 42.35899 ], [ 2.66989, 42.36193 ], [ 2.66752, 42.36176 ], [ 2.66601, 42.36252 ], [ 2.66395, 42.36473 ], [ 2.66111, 42.36596 ], [ 2.66113, 42.36893 ], [ 2.66283, 42.37095 ], [ 2.66176, 42.37321 ], [ 2.66178, 42.37585 ], [ 2.66074, 42.37816 ], [ 2.65911, 42.37969 ], [ 2.65627, 42.38239 ], [ 2.65187, 42.38498 ], [ 2.65206, 42.38776 ], [ 2.65352, 42.38843 ], [ 2.65564, 42.38843 ], [ 2.65982, 42.38675 ], [ 2.6628, 42.38588 ], [ 2.66588, 42.38556 ], [ 2.66953, 42.38654 ], [ 2.67142, 42.38753 ], [ 2.67216, 42.3899 ], [ 2.67199, 42.39234 ], [ 2.67266, 42.39359 ], [ 2.67273, 42.39585 ], [ 2.67374, 42.40043 ], [ 2.67229, 42.40265 ], [ 2.67394, 42.4047 ], [ 2.67765, 42.40578 ], [ 2.68282, 42.40684 ], [ 2.6861, 42.40696 ], [ 2.68926, 42.40601 ], [ 2.69204, 42.40622 ], [ 2.69368, 42.40689 ], [ 2.69626, 42.41013 ], [ 2.70288, 42.41146 ], [ 2.70539, 42.41316 ], [ 2.70606, 42.41451 ], [ 2.7094, 42.41526 ], [ 2.71209, 42.41727 ], [ 2.71338, 42.41885 ], [ 2.71569, 42.4201 ], [ 2.71668, 42.42122 ], [ 2.71849, 42.4218 ], [ 2.72396, 42.42272 ], [ 2.72737, 42.42262 ], [ 2.7301, 42.42261 ], [ 2.73345, 42.42445 ], [ 2.73728, 42.42358 ], [ 2.73904, 42.42357 ], [ 2.74347, 42.4249 ], [ 2.74683, 42.4253 ], [ 2.75187, 42.42536 ], [ 2.75544, 42.42568 ], [ 2.75757, 42.42445 ], [ 2.75786, 42.42279 ], [ 2.76001, 42.41837 ], [ 2.76491, 42.41636 ], [ 2.76625, 42.41474 ], [ 2.76769, 42.41411 ], [ 2.77018, 42.4118 ], [ 2.7729, 42.41273 ], [ 2.77589, 42.41263 ], [ 2.77697, 42.41195 ], [ 2.77879, 42.41248 ], [ 2.78412, 42.41751 ], [ 2.7897, 42.41739 ], [ 2.79068, 42.41837 ], [ 2.79791, 42.41834 ], [ 2.79924, 42.41857 ], [ 2.80103, 42.42212 ], [ 2.80086, 42.42396 ], [ 2.8026, 42.42742 ], [ 2.80431, 42.42957 ], [ 2.80366, 42.43196 ], [ 2.80458, 42.4324 ], [ 2.80852, 42.43108 ], [ 2.81071, 42.43288 ], [ 2.81171, 42.4353 ], [ 2.81371, 42.43637 ], [ 2.81526, 42.43974 ], [ 2.81732, 42.43973 ], [ 2.81983, 42.44048 ], [ 2.82351, 42.43944 ], [ 2.82626, 42.43907 ], [ 2.82753, 42.43955 ], [ 2.82949, 42.44161 ], [ 2.83164, 42.44461 ], [ 2.83368, 42.44821 ], [ 2.83363, 42.4496 ], [ 2.83231, 42.45204 ], [ 2.83598, 42.4549 ], [ 2.83587, 42.45593 ], [ 2.83954, 42.45929 ], [ 2.84141, 42.45852 ], [ 2.84446, 42.45801 ], [ 2.85256, 42.4551 ], [ 2.85663, 42.45404 ], [ 2.8615, 42.45483 ], [ 2.86385, 42.45936 ], [ 2.86406, 42.46094 ], [ 2.86334, 42.46333 ], [ 2.86553, 42.46421 ], [ 2.86657, 42.46543 ], [ 2.87031, 42.46734 ], [ 2.87278, 42.46706 ], [ 2.87613, 42.46556 ], [ 2.87841, 42.46394 ], [ 2.88094, 42.46117 ], [ 2.88549, 42.45993 ], [ 2.88651, 42.46038 ], [ 2.88946, 42.46182 ], [ 2.89201, 42.46179 ], [ 2.89867, 42.45991 ], [ 2.90133, 42.45815 ], [ 2.90461, 42.45687 ], [ 2.91178, 42.45728 ], [ 2.91482, 42.4565 ], [ 2.91845, 42.45608 ], [ 2.92114, 42.45773 ], [ 2.92448, 42.45839 ], [ 2.92524, 42.46162 ], [ 2.92478, 42.46387 ], [ 2.92718, 42.46616 ], [ 2.93022, 42.47208 ], [ 2.93285, 42.47436 ], [ 2.93487, 42.47453 ], [ 2.93749, 42.47596 ], [ 2.93841, 42.47735 ], [ 2.94329, 42.47931 ], [ 2.94506, 42.47965 ], [ 2.94709, 42.4818 ], [ 2.94877, 42.47946 ], [ 2.95275, 42.4769 ], [ 2.95627, 42.47567 ], [ 2.96038, 42.47358 ], [ 2.96271, 42.4697 ], [ 2.96591, 42.46756 ], [ 2.96637, 42.46576 ], [ 2.96735, 42.46536 ], [ 2.9713, 42.46614 ], [ 2.97569, 42.46746 ], [ 2.97983, 42.46736 ], [ 2.98258, 42.46958 ], [ 2.98205, 42.4713 ], [ 2.98322, 42.47224 ], [ 2.98889, 42.47383 ], [ 2.99193, 42.47327 ], [ 2.99619, 42.47334 ], [ 3.00092, 42.47299 ], [ 3.00325, 42.47045 ], [ 3.00738, 42.46926 ], [ 3.01325, 42.46621 ], [ 3.01612, 42.46862 ], [ 3.0198, 42.47062 ], [ 3.02254, 42.47105 ], [ 3.02352, 42.47182 ], [ 3.02784, 42.47243 ], [ 3.02955, 42.47367 ], [ 3.0328, 42.47491 ], [ 3.03684, 42.47355 ], [ 3.03962, 42.4737 ], [ 3.04046, 42.47439 ], [ 3.04199, 42.4708 ], [ 3.0419, 42.46909 ], [ 3.04298, 42.46756 ], [ 3.04314, 42.46607 ], [ 3.04673, 42.46064 ], [ 3.04725, 42.45708 ], [ 3.05115, 42.45413 ], [ 3.05144, 42.45292 ], [ 3.05498, 42.44894 ], [ 3.05691, 42.44762 ], [ 3.05804, 42.44554 ], [ 3.06191, 42.44408 ], [ 3.06355, 42.44401 ], [ 3.06693, 42.44238 ], [ 3.06704, 42.44116 ], [ 3.06955, 42.43759 ], [ 3.07055, 42.43556 ], [ 3.07395, 42.43504 ], [ 3.07631, 42.43516 ], [ 3.07738, 42.43146 ], [ 3.07966, 42.42951 ], [ 3.08014, 42.42848 ], [ 3.084, 42.4266 ], [ 3.0861, 42.42519 ], [ 3.09461, 42.42513 ], [ 3.09831, 42.42493 ], [ 3.10166, 42.42608 ], [ 3.10254, 42.42828 ], [ 3.10432, 42.42984 ], [ 3.10646, 42.4309 ], [ 3.10796, 42.43396 ], [ 3.11016, 42.43538 ], [ 3.1146, 42.43517 ], [ 3.11746, 42.43614 ], [ 3.12083, 42.43801 ], [ 3.12226, 42.43584 ], [ 3.12546, 42.43468 ], [ 3.1299, 42.43479 ], [ 3.1324, 42.43572 ], [ 3.13634, 42.43511 ], [ 3.13787, 42.43523 ], [ 3.14076, 42.43359 ], [ 3.14332, 42.43362 ], [ 3.14476, 42.43306 ], [ 3.14769, 42.43363 ], [ 3.1533, 42.43547 ], [ 3.15619, 42.43424 ], [ 3.15881, 42.43431 ], [ 3.16303, 42.43581 ], [ 3.16599, 42.43525 ], [ 3.16964, 42.4354 ], [ 3.17145, 42.43498 ], [ 3.1736, 42.43587 ], [ 3.17368, 42.43749 ], [ 3.17478, 42.4387 ], [ 3.17703, 42.43867 ], [ 3.17783, 42.43948 ], [ 3.17676, 42.44102 ], [ 3.17465, 42.44202 ], [ 3.173, 42.44096 ], [ 3.17148, 42.4412 ], [ 3.1694, 42.4403 ], [ 3.16631, 42.44055 ], [ 3.1662, 42.44168 ], [ 3.16796, 42.44221 ], [ 3.16921, 42.44445 ], [ 3.16912, 42.44643 ], [ 3.16672, 42.44842 ], [ 3.16393, 42.4494 ], [ 3.16206, 42.45121 ], [ 3.15989, 42.4519 ], [ 3.16009, 42.45279 ], [ 3.16346, 42.45386 ], [ 3.16534, 42.45388 ], [ 3.16517, 42.45541 ], [ 3.16737, 42.45622 ], [ 3.16683, 42.45716 ], [ 3.163, 42.4575 ], [ 3.16169, 42.45877 ], [ 3.15835, 42.45876 ], [ 3.15727, 42.45997 ], [ 3.16071, 42.46197 ], [ 3.15974, 42.46333 ], [ 3.16226, 42.46421 ], [ 3.16244, 42.46498 ], [ 3.15967, 42.46671 ], [ 3.15908, 42.46779 ], [ 3.15498, 42.47016 ], [ 3.15414, 42.47179 ], [ 3.15511, 42.47534 ], [ 3.15514, 42.47745 ], [ 3.15313, 42.47787 ], [ 3.14924, 42.47731 ], [ 3.14616, 42.47873 ], [ 3.14605, 42.47999 ], [ 3.14211, 42.4806 ], [ 3.13888, 42.48063 ], [ 3.13433, 42.4816 ], [ 3.1319, 42.48122 ], [ 3.13033, 42.48186 ], [ 3.12979, 42.48312 ], [ 3.13151, 42.48356 ], [ 3.13275, 42.48567 ], [ 3.12754, 42.48732 ], [ 3.12952, 42.48983 ], [ 3.13239, 42.49076 ], [ 3.13315, 42.49246 ], [ 3.13292, 42.49498 ], [ 3.13295, 42.49727 ], [ 3.13511, 42.49803 ], [ 3.13561, 42.49969 ], [ 3.13398, 42.50114 ], [ 3.12953, 42.4995 ], [ 3.12833, 42.5015 ], [ 3.12475, 42.5021 ], [ 3.12472, 42.50439 ], [ 3.12334, 42.50594 ], [ 3.12694, 42.50623 ], [ 3.13129, 42.50926 ], [ 3.13185, 42.5106 ], [ 3.1332, 42.51086 ], [ 3.13231, 42.51335 ], [ 3.13415, 42.51351 ], [ 3.13837, 42.5151 ], [ 3.13595, 42.51692 ], [ 3.13401, 42.51689 ], [ 3.13092, 42.51839 ], [ 3.12559, 42.52011 ], [ 3.12233, 42.52184 ], [ 3.12069, 42.52149 ], [ 3.1176, 42.52322 ], [ 3.11794, 42.52097 ], [ 3.11726, 42.51957 ], [ 3.1156, 42.51891 ], [ 3.11452, 42.52116 ], [ 3.11007, 42.52466 ], [ 3.10741, 42.52495 ], [ 3.10615, 42.52594 ], [ 3.10096, 42.525 ], [ 3.09911, 42.52361 ], [ 3.09942, 42.52456 ], [ 3.09743, 42.52521 ], [ 3.09566, 42.52377 ], [ 3.09292, 42.5247 ], [ 3.09172, 42.52569 ], [ 3.08926, 42.52462 ], [ 3.08544, 42.52438 ], [ 3.08665, 42.52838 ], [ 3.08307, 42.53007 ], [ 3.08315, 42.5316 ], [ 3.07824, 42.53338 ], [ 3.07637, 42.53375 ], [ 3.07472, 42.53367 ], [ 3.07291, 42.53499 ], [ 3.06842, 42.53593 ], [ 3.06543, 42.53607 ], [ 3.06221, 42.53529 ], [ 3.05796, 42.53626 ], [ 3.05412, 42.54092 ], [ 3.05476, 42.54367 ], [ 3.05184, 42.54395 ], [ 3.04961, 42.55014 ], [ 3.04834, 42.55644 ], [ 3.04789, 42.56023 ], [ 3.04657, 42.5673 ], [ 3.04672, 42.56936 ], [ 3.04619, 42.57162 ], [ 3.04631, 42.57572 ], [ 3.04577, 42.58206 ], [ 3.04594, 42.59165 ], [ 3.04506, 42.59372 ], [ 3.0453, 42.59408 ], [ 3.04339, 42.59837 ], [ 3.04311, 42.60008 ], [ 3.04066, 42.60981 ], [ 3.04076, 42.61252 ], [ 3.03985, 42.61823 ], [ 3.04128, 42.62057 ], [ 3.03951, 42.62099 ], [ 3.03765, 42.62294 ], [ 3.03708, 42.62608 ], [ 3.03718, 42.62878 ], [ 3.0367, 42.63059 ], [ 3.03673, 42.63369 ], [ 3.03573, 42.64077 ], [ 3.03544, 42.64225 ], [ 3.03547, 42.65548 ], [ 3.03627, 42.65679 ], [ 3.03507, 42.65796 ], [ 3.03485, 42.66655 ], [ 3.03522, 42.6716 ], [ 3.03505, 42.67294 ], [ 3.03573, 42.68329 ], [ 3.03692, 42.69138 ], [ 3.03707, 42.69449 ], [ 3.03797, 42.69894 ], [ 3.03895, 42.70121 ], [ 3.03766, 42.70268 ], [ 3.03652, 42.70191 ], [ 3.03423, 42.70289 ], [ 3.02999, 42.7031 ], [ 3.0276, 42.70452 ], [ 3.02622, 42.70331 ], [ 3.02447, 42.70388 ], [ 3.02578, 42.70672 ], [ 3.02977, 42.70381 ], [ 3.03234, 42.70367 ], [ 3.0324, 42.70609 ], [ 3.03625, 42.704 ], [ 3.03843, 42.70459 ], [ 3.03983, 42.71103 ], [ 3.04075, 42.71666 ], [ 3.04001, 42.72098 ], [ 3.04028, 42.72326 ], [ 3.03866, 42.73116 ], [ 3.03905, 42.73386 ], [ 3.03834, 42.74016 ], [ 3.03885, 42.74335 ], [ 3.03898, 42.74912 ], [ 3.03963, 42.75234 ], [ 3.03818, 42.75335 ], [ 3.0379, 42.75542 ], [ 3.03848, 42.75789 ], [ 3.0393, 42.77098 ], [ 3.03941, 42.77766 ], [ 3.03861, 42.77958 ], [ 3.03927, 42.78535 ], [ 3.039, 42.78781 ], [ 3.03952, 42.78988 ], [ 3.04045, 42.79654 ], [ 3.04211, 42.79788 ], [ 3.0395, 42.79861 ], [ 3.03927, 42.79979 ], [ 3.03976, 42.80559 ], [ 3.0402, 42.80657 ], [ 3.04078, 42.81454 ], [ 3.04178, 42.82164 ], [ 3.0421, 42.82803 ], [ 3.04255, 42.8305 ], [ 3.04292, 42.83568 ], [ 3.04351, 42.83815 ], [ 3.0439, 42.84001 ], [ 3.04472, 42.84741 ], [ 3.04537, 42.85168 ], [ 3.04691, 42.85861 ], [ 3.04767, 42.86066 ], [ 3.04922, 42.86732 ], [ 3.0502, 42.87064 ], [ 3.05346, 42.87253 ], [ 3.054, 42.87377 ], [ 3.05087, 42.87391 ], [ 3.05062, 42.87645 ], [ 3.05247, 42.88295 ], [ 3.05213, 42.88535 ], [ 3.05413, 42.89362 ], [ 3.05501, 42.89631 ], [ 3.05562, 42.90004 ], [ 3.05655, 42.9022 ], [ 3.05697, 42.9057 ], [ 3.05829, 42.90916 ], [ 3.05984, 42.91617 ], [ 3.06071, 42.91742 ], [ 3.05909, 42.92054 ], [ 3.05624, 42.92173 ], [ 3.05454, 42.92328 ], [ 3.05504, 42.92421 ], [ 3.05426, 42.92584 ], [ 3.05158, 42.92635 ], [ 3.04815, 42.92781 ], [ 3.04535, 42.92827 ], [ 3.04047, 42.9297 ], [ 3.03963, 42.93129 ], [ 3.03913, 42.93611 ], [ 3.03932, 42.94168 ], [ 3.04019, 42.94757 ], [ 3.04062, 42.94825 ], [ 3.04224, 42.95552 ], [ 3.04284, 42.96015 ], [ 3.04374, 42.96348 ], [ 3.04601, 42.96882 ], [ 3.04721, 42.97251 ], [ 3.04768, 42.97566 ], [ 3.04931, 42.98087 ], [ 3.05094, 42.98621 ], [ 3.05251, 42.99016 ], [ 3.05508, 42.99528 ], [ 3.05529, 42.99703 ], [ 3.05674, 42.99904 ], [ 3.0605, 43.00676 ], [ 3.06068, 43.00788 ], [ 3.06282, 43.01097 ], [ 3.06596, 43.01396 ], [ 3.06381, 43.01655 ], [ 3.06414, 43.0192 ], [ 3.06571, 43.02235 ], [ 3.06715, 43.02423 ], [ 3.0708, 43.03194 ], [ 3.07456, 43.03908 ], [ 3.07838, 43.04566 ], [ 3.08239, 43.05136 ], [ 3.08291, 43.05329 ], [ 3.08504, 43.05694 ], [ 3.09288, 43.06914 ], [ 3.09671, 43.07318 ], [ 3.10091, 43.07977 ], [ 3.10467, 43.08495 ], [ 3.10718, 43.08917 ], [ 3.11091, 43.09283 ], [ 3.11302, 43.0953 ], [ 3.11521, 43.09902 ], [ 3.11723, 43.10184 ], [ 3.12208, 43.10735 ], [ 3.12544, 43.11011 ], [ 3.12838, 43.10987 ], [ 3.13244, 43.1106 ], [ 3.12953, 43.11305 ], [ 3.12924, 43.11377 ], [ 3.1316, 43.1165 ], [ 3.13742, 43.12429 ], [ 3.14404, 43.13258 ], [ 3.1499, 43.13856 ], [ 3.14874, 43.13933 ], [ 3.1519, 43.14035 ], [ 3.15651, 43.14544 ], [ 3.15781, 43.14642 ], [ 3.16324, 43.15242 ], [ 3.16567, 43.15455 ], [ 3.16971, 43.15876 ], [ 3.18068, 43.16827 ], [ 3.18462, 43.16802 ], [ 3.18433, 43.16882 ], [ 3.1847, 43.17044 ], [ 3.1902, 43.17585 ], [ 3.19173, 43.1757 ], [ 3.19342, 43.17802 ], [ 3.19741, 43.18168 ], [ 3.20338, 43.18631 ], [ 3.20748, 43.18926 ], [ 3.21054, 43.19181 ], [ 3.22857, 43.20548 ], [ 3.23293, 43.20841 ], [ 3.23864, 43.21192 ], [ 3.24056, 43.21281 ], [ 3.24416, 43.21544 ], [ 3.25009, 43.2202 ], [ 3.25617, 43.22398 ], [ 3.25836, 43.22572 ], [ 3.26047, 43.22669 ], [ 3.26631, 43.23065 ], [ 3.27134, 43.2334 ], [ 3.27612, 43.23618 ], [ 3.28418, 43.24022 ], [ 3.28712, 43.24199 ], [ 3.29021, 43.24327 ], [ 3.29186, 43.24303 ], [ 3.29268, 43.24442 ], [ 3.29493, 43.24557 ], [ 3.29876, 43.24685 ], [ 3.3048, 43.25062 ], [ 3.3074, 43.25181 ], [ 3.31162, 43.25448 ], [ 3.31697, 43.25699 ], [ 3.32099, 43.25858 ], [ 3.33056, 43.263 ], [ 3.33602, 43.26592 ], [ 3.34136, 43.26813 ], [ 3.34356, 43.27031 ], [ 3.34969, 43.27237 ], [ 3.35081, 43.27317 ], [ 3.35513, 43.27444 ], [ 3.3571, 43.27464 ], [ 3.36479, 43.27737 ], [ 3.36908, 43.27925 ], [ 3.37081, 43.27933 ], [ 3.38691, 43.28414 ], [ 3.39396, 43.28588 ], [ 3.40502, 43.28816 ], [ 3.40823, 43.28781 ], [ 3.40855, 43.2887 ], [ 3.42071, 43.29012 ], [ 3.42896, 43.29021 ], [ 3.43419, 43.28937 ], [ 3.43719, 43.28798 ], [ 3.442, 43.28456 ], [ 3.44445, 43.28189 ], [ 3.45236, 43.28238 ], [ 3.4566, 43.28139 ], [ 3.45927, 43.2793 ], [ 3.46723, 43.27679 ], [ 3.47024, 43.27662 ], [ 3.47475, 43.27698 ], [ 3.47726, 43.27659 ], [ 3.48025, 43.27481 ], [ 3.483, 43.27393 ], [ 3.48593, 43.27472 ], [ 3.4991, 43.2753 ], [ 3.50199, 43.27445 ], [ 3.50688, 43.27225 ], [ 3.50951, 43.27172 ], [ 3.51122, 43.27409 ], [ 3.51302, 43.27497 ], [ 3.51561, 43.2748 ], [ 3.5154, 43.27625 ], [ 3.51852, 43.27833 ], [ 3.51859, 43.27923 ], [ 3.52112, 43.28277 ], [ 3.52393, 43.28467 ], [ 3.52548, 43.28807 ], [ 3.529, 43.29136 ], [ 3.53284, 43.29547 ], [ 3.53981, 43.30201 ], [ 3.5521, 43.31242 ], [ 3.55587, 43.31616 ], [ 3.55793, 43.3173 ], [ 3.55802, 43.31874 ], [ 3.55976, 43.31948 ], [ 3.56034, 43.32074 ], [ 3.56669, 43.32616 ], [ 3.56963, 43.32838 ], [ 3.57861, 43.33607 ], [ 3.58606, 43.34192 ], [ 3.58832, 43.34402 ], [ 3.59403, 43.34846 ], [ 3.60262, 43.35543 ], [ 3.60776, 43.35924 ], [ 3.61697, 43.36561 ], [ 3.61968, 43.36784 ], [ 3.62863, 43.37404 ], [ 3.63526, 43.37832 ], [ 3.64607, 43.38477 ], [ 3.65549, 43.38943 ], [ 3.65874, 43.39062 ], [ 3.66216, 43.39228 ], [ 3.6649, 43.3932 ], [ 3.66985, 43.39373 ], [ 3.67229, 43.3927 ], [ 3.6736, 43.39027 ], [ 3.67631, 43.39059 ], [ 3.67833, 43.39191 ], [ 3.68193, 43.39295 ], [ 3.68394, 43.39185 ], [ 3.69165, 43.39157 ], [ 3.69198, 43.39229 ], [ 3.69493, 43.3945 ], [ 3.70026, 43.39539 ], [ 3.7018, 43.39528 ], [ 3.70276, 43.39698 ], [ 3.70655, 43.39774 ], [ 3.70843, 43.3988 ], [ 3.71032, 43.39845 ], [ 3.71446, 43.39868 ], [ 3.71581, 43.40082 ], [ 3.72563, 43.40119 ], [ 3.72492, 43.41579 ], [ 3.72979, 43.41776 ], [ 3.74803, 43.42424 ], [ 3.74975, 43.42363 ], [ 3.75121, 43.42541 ], [ 3.75655, 43.42696 ], [ 3.76394, 43.42854 ], [ 3.76612, 43.42933 ], [ 3.77457, 43.43143 ], [ 3.77656, 43.43139 ], [ 3.77819, 43.43281 ], [ 3.78729, 43.43657 ], [ 3.79666, 43.44104 ], [ 3.80302, 43.44532 ], [ 3.80724, 43.44878 ], [ 3.80959, 43.45118 ], [ 3.81286, 43.45357 ], [ 3.81853, 43.45831 ], [ 3.82622, 43.46649 ], [ 3.83001, 43.47015 ], [ 3.83054, 43.47061 ], [ 3.83413, 43.47395 ], [ 3.83904, 43.47771 ], [ 3.84576, 43.48226 ], [ 3.8512, 43.48646 ], [ 3.85891, 43.49104 ], [ 3.86483, 43.49474 ], [ 3.86638, 43.4954 ], [ 3.8746, 43.50019 ], [ 3.87698, 43.50133 ], [ 3.88608, 43.50674 ], [ 3.89418, 43.5109 ], [ 3.90025, 43.51356 ], [ 3.90796, 43.5172 ], [ 3.91362, 43.51888 ], [ 3.91475, 43.51967 ], [ 3.92113, 43.52228 ], [ 3.9275, 43.52462 ], [ 3.92849, 43.52474 ], [ 3.932, 43.52353 ], [ 3.93546, 43.52568 ], [ 3.93417, 43.5262 ], [ 3.93434, 43.52794 ], [ 3.94987, 43.53303 ], [ 3.95402, 43.53469 ], [ 3.95944, 43.5365 ], [ 3.96201, 43.53777 ], [ 3.96939, 43.54023 ], [ 3.97449, 43.54173 ], [ 3.97655, 43.54207 ], [ 3.97813, 43.54317 ], [ 3.98186, 43.54397 ], [ 3.98591, 43.54553 ], [ 3.9949, 43.54814 ], [ 3.99547, 43.5485 ], [ 4.00701, 43.55166 ], [ 4.01119, 43.55245 ], [ 4.02852, 43.55512 ], [ 4.03766, 43.55633 ], [ 4.04226, 43.5568 ], [ 4.05075, 43.5574 ], [ 4.05614, 43.55754 ], [ 4.06634, 43.55739 ], [ 4.07147, 43.55708 ], [ 4.07746, 43.55636 ], [ 4.07962, 43.55584 ], [ 4.0824, 43.55606 ], [ 4.08349, 43.55519 ], [ 4.08605, 43.55609 ], [ 4.08916, 43.55623 ], [ 4.0971, 43.5548 ], [ 4.09936, 43.5539 ], [ 4.10104, 43.55437 ], [ 4.10449, 43.55337 ], [ 4.11736, 43.54908 ], [ 4.12162, 43.54708 ], [ 4.12685, 43.54388 ], [ 4.13156, 43.53962 ], [ 4.13292, 43.53794 ], [ 4.13354, 43.53617 ], [ 4.13574, 43.53483 ], [ 4.13722, 43.53269 ], [ 4.13912, 43.5319 ], [ 4.13825, 43.5261 ], [ 4.13729, 43.52467 ], [ 4.13359, 43.52285 ], [ 4.12801, 43.52284 ], [ 4.12315, 43.52135 ], [ 4.12206, 43.51987 ], [ 4.12264, 43.51888 ], [ 4.12278, 43.51302 ], [ 4.12191, 43.51092 ], [ 4.11922, 43.50992 ], [ 4.11651, 43.5083 ], [ 4.1171, 43.50559 ], [ 4.11991, 43.50002 ], [ 4.11989, 43.49921 ], [ 4.12314, 43.4942 ], [ 4.1272, 43.48945 ], [ 4.13209, 43.48568 ], [ 4.13768, 43.48195 ], [ 4.14091, 43.48036 ], [ 4.14822, 43.47724 ], [ 4.15404, 43.47529 ], [ 4.16562, 43.47191 ], [ 4.16962, 43.47104 ], [ 4.17464, 43.4696 ], [ 4.18372, 43.46757 ], [ 4.19148, 43.46645 ], [ 4.19455, 43.46554 ], [ 4.20936, 43.46332 ], [ 4.22622, 43.46097 ], [ 4.23028, 43.46019 ], [ 4.23162, 43.472 ], [ 4.2323, 43.47438 ], [ 4.23062, 43.47875 ], [ 4.23208, 43.48179 ], [ 4.23593, 43.48774 ], [ 4.23941, 43.49376 ], [ 4.23793, 43.49708 ], [ 4.23968, 43.49917 ], [ 4.24423, 43.50146 ], [ 4.24615, 43.50193 ], [ 4.25414, 43.50499 ], [ 4.25864, 43.50754 ], [ 4.26326, 43.50818 ], [ 4.27141, 43.50807 ], [ 4.27765, 43.50961 ], [ 4.288, 43.51339 ], [ 4.29585, 43.51453 ], [ 4.29769, 43.51533 ], [ 4.30232, 43.5185 ], [ 4.30665, 43.52197 ], [ 4.30883, 43.52447 ], [ 4.31094, 43.52518 ], [ 4.31433, 43.52458 ], [ 4.31664, 43.52461 ], [ 4.3205, 43.52549 ], [ 4.32467, 43.5282 ], [ 4.32271, 43.53044 ], [ 4.31828, 43.53262 ], [ 4.31673, 43.53407 ], [ 4.31375, 43.5383 ], [ 4.3079, 43.5452 ], [ 4.30811, 43.54804 ], [ 4.31138, 43.55133 ], [ 4.31543, 43.55107 ], [ 4.31714, 43.55215 ], [ 4.31721, 43.55348 ], [ 4.31399, 43.55557 ], [ 4.31852, 43.55732 ], [ 4.32072, 43.55628 ], [ 4.32287, 43.55431 ], [ 4.32236, 43.55193 ], [ 4.31697, 43.54864 ], [ 4.3157, 43.5467 ], [ 4.31608, 43.54488 ], [ 4.31795, 43.54313 ], [ 4.32157, 43.54102 ], [ 4.32512, 43.5394 ], [ 4.33058, 43.5362 ], [ 4.33414, 43.53545 ], [ 4.3383, 43.53703 ], [ 4.34432, 43.5401 ], [ 4.34738, 43.54224 ], [ 4.34923, 43.54254 ], [ 4.3495, 43.54496 ], [ 4.35037, 43.54675 ], [ 4.35365, 43.54739 ], [ 4.35942, 43.547 ], [ 4.36514, 43.54716 ], [ 4.36873, 43.54802 ], [ 4.37293, 43.54976 ], [ 4.38166, 43.553 ], [ 4.38413, 43.55478 ], [ 4.38592, 43.55701 ], [ 4.38694, 43.55945 ], [ 4.38741, 43.5622 ], [ 4.38985, 43.56243 ], [ 4.39376, 43.56132 ], [ 4.39764, 43.5606 ], [ 4.40065, 43.55957 ], [ 4.40383, 43.55925 ], [ 4.40557, 43.55953 ], [ 4.40935, 43.56113 ], [ 4.41387, 43.5646 ], [ 4.4158, 43.56668 ], [ 4.41675, 43.56918 ], [ 4.41659, 43.57134 ], [ 4.41532, 43.57254 ], [ 4.41204, 43.57296 ], [ 4.40894, 43.57271 ], [ 4.40633, 43.57203 ], [ 4.40422, 43.57202 ], [ 4.40294, 43.57299 ], [ 4.40441, 43.57437 ], [ 4.40857, 43.57671 ], [ 4.41444, 43.57936 ], [ 4.42, 43.58258 ], [ 4.42554, 43.58522 ], [ 4.42847, 43.58567 ], [ 4.43385, 43.5853 ], [ 4.44331, 43.58314 ], [ 4.44701, 43.58303 ], [ 4.44889, 43.58344 ], [ 4.45227, 43.58424 ], [ 4.45549, 43.5859 ], [ 4.46068, 43.58926 ], [ 4.46289, 43.59205 ], [ 4.46679, 43.59914 ], [ 4.46927, 43.60094 ], [ 4.47242, 43.60254 ], [ 4.47414, 43.60386 ], [ 4.4753, 43.6065 ], [ 4.47523, 43.6083 ], [ 4.47252, 43.61204 ], [ 4.46961, 43.61413 ], [ 4.46681, 43.61521 ], [ 4.46222, 43.61489 ], [ 4.45453, 43.61139 ], [ 4.44836, 43.61029 ], [ 4.44388, 43.60996 ], [ 4.43975, 43.61067 ], [ 4.43684, 43.61235 ], [ 4.43165, 43.61623 ], [ 4.42704, 43.62068 ], [ 4.42609, 43.62231 ], [ 4.42617, 43.62448 ], [ 4.42845, 43.62772 ], [ 4.43182, 43.63014 ], [ 4.4343, 43.63355 ], [ 4.43821, 43.64438 ], [ 4.4408, 43.64905 ], [ 4.44472, 43.65475 ], [ 4.44703, 43.65871 ], [ 4.4513, 43.66413 ], [ 4.45424, 43.66663 ], [ 4.45796, 43.66801 ], [ 4.46464, 43.66914 ], [ 4.47049, 43.6697 ], [ 4.4755, 43.67109 ], [ 4.47747, 43.67251 ], [ 4.4784, 43.67424 ], [ 4.47843, 43.67685 ], [ 4.47637, 43.68149 ], [ 4.47567, 43.68446 ], [ 4.47771, 43.6896 ], [ 4.47865, 43.6913 ], [ 4.4813, 43.69444 ], [ 4.48642, 43.69885 ], [ 4.4912, 43.70056 ], [ 4.49627, 43.70168 ], [ 4.50368, 43.70226 ], [ 4.51596, 43.70229 ], [ 4.52439, 43.70213 ], [ 4.52701, 43.70262 ], [ 4.53166, 43.70599 ], [ 4.533, 43.70665 ], [ 4.53694, 43.70751 ], [ 4.53985, 43.70727 ], [ 4.54525, 43.70547 ], [ 4.54772, 43.70388 ], [ 4.55278, 43.70131 ], [ 4.55811, 43.6995 ], [ 4.56336, 43.69858 ], [ 4.57635, 43.69797 ], [ 4.5789, 43.69751 ], [ 4.58188, 43.69637 ], [ 4.5846, 43.69411 ], [ 4.58681, 43.69155 ], [ 4.58915, 43.6897 ], [ 4.59303, 43.68746 ], [ 4.59735, 43.68652 ], [ 4.60191, 43.68594 ], [ 4.60583, 43.68608 ], [ 4.61305, 43.68823 ], [ 4.61687, 43.68885 ], [ 4.61858, 43.68864 ], [ 4.62237, 43.68728 ], [ 4.6251, 43.68544 ], [ 4.62745, 43.68543 ], [ 4.62797, 43.68845 ], [ 4.62766, 43.69054 ], [ 4.62543, 43.6957 ], [ 4.62325, 43.69915 ], [ 4.61601, 43.70694 ], [ 4.61475, 43.70935 ], [ 4.61304, 43.71429 ], [ 4.61234, 43.71867 ], [ 4.61228, 43.72475 ], [ 4.61364, 43.72982 ], [ 4.61647, 43.73427 ], [ 4.62272, 43.74324 ], [ 4.62566, 43.74907 ], [ 4.62812, 43.75771 ], [ 4.62949, 43.76192 ], [ 4.63236, 43.76438 ], [ 4.63283, 43.76541 ], [ 4.63933, 43.77141 ], [ 4.63975, 43.77245 ], [ 4.64277, 43.77395 ], [ 4.64345, 43.77493 ], [ 4.64854, 43.77916 ], [ 4.65124, 43.78228 ], [ 4.65194, 43.78407 ], [ 4.65225, 43.78805 ], [ 4.65292, 43.78918 ], [ 4.6534, 43.79624 ], [ 4.65454, 43.79842 ], [ 4.65485, 43.80323 ], [ 4.65449, 43.80499 ], [ 4.65508, 43.80764 ], [ 4.65363, 43.81154 ], [ 4.65228, 43.81683 ], [ 4.65163, 43.81811 ], [ 4.64783, 43.82229 ], [ 4.64659, 43.82554 ], [ 4.64465, 43.82555 ], [ 4.64283, 43.82871 ], [ 4.64231, 43.83047 ], [ 4.64297, 43.83211 ], [ 4.64357, 43.83322 ], [ 4.64602, 43.83534 ], [ 4.65104, 43.83811 ], [ 4.65015, 43.83913 ], [ 4.65318, 43.84037 ], [ 4.65746, 43.84114 ], [ 4.66311, 43.84283 ], [ 4.6663, 43.84478 ], [ 4.66667, 43.84722 ], [ 4.6653, 43.85088 ], [ 4.66249, 43.85256 ], [ 4.66016, 43.85324 ], [ 4.6566, 43.8529 ], [ 4.65441, 43.85223 ], [ 4.65185, 43.85237 ], [ 4.64801, 43.85123 ], [ 4.64522, 43.84985 ], [ 4.64146, 43.85114 ], [ 4.64296, 43.85439 ], [ 4.6441, 43.85468 ], [ 4.64747, 43.85683 ], [ 4.6483, 43.85883 ], [ 4.6472, 43.86079 ], [ 4.64438, 43.86193 ], [ 4.64295, 43.86326 ], [ 4.64191, 43.86748 ], [ 4.64359, 43.86822 ], [ 4.6486, 43.86917 ], [ 4.65048, 43.86986 ], [ 4.65665, 43.87478 ], [ 4.65923, 43.87582 ], [ 4.66094, 43.87584 ], [ 4.66242, 43.87083 ], [ 4.66551, 43.872 ], [ 4.66544, 43.87515 ], [ 4.67016, 43.87754 ], [ 4.67659, 43.87951 ], [ 4.68294, 43.88174 ], [ 4.68845, 43.883 ], [ 4.69223, 43.88418 ], [ 4.69562, 43.88623 ], [ 4.69843, 43.88867 ], [ 4.69927, 43.88869 ], [ 4.70114, 43.89156 ], [ 4.70451, 43.89472 ], [ 4.7075, 43.89555 ], [ 4.70932, 43.89801 ], [ 4.70647, 43.8974 ], [ 4.69915, 43.8966 ], [ 4.70065, 43.89837 ], [ 4.70562, 43.89984 ], [ 4.7135, 43.90179 ], [ 4.72045, 43.90434 ], [ 4.72337, 43.90595 ], [ 4.72798, 43.91063 ], [ 4.73069, 43.91306 ], [ 4.73551, 43.91651 ], [ 4.7401, 43.91968 ], [ 4.74021, 43.92172 ], [ 4.73906, 43.92406 ], [ 4.74255, 43.92775 ], [ 4.74449, 43.92933 ], [ 4.75, 43.93218 ], [ 4.75901, 43.93459 ], [ 4.76153, 43.93492 ], [ 4.76878, 43.9338 ], [ 4.77306, 43.9357 ], [ 4.77436, 43.93587 ], [ 4.77902, 43.93789 ], [ 4.78247, 43.94144 ], [ 4.78616, 43.94409 ], [ 4.78897, 43.94733 ], [ 4.79198, 43.95227 ], [ 4.79278, 43.95378 ], [ 4.79716, 43.95672 ], [ 4.808, 43.96003 ], [ 4.81156, 43.9618 ], [ 4.81402, 43.964 ], [ 4.81506, 43.96763 ], [ 4.81381, 43.97071 ], [ 4.81117, 43.97464 ], [ 4.81015, 43.97704 ], [ 4.81012, 43.97957 ], [ 4.81126, 43.98562 ], [ 4.81247, 43.98766 ], [ 4.81598, 43.9888 ], [ 4.8196, 43.98838 ], [ 4.82996, 43.98558 ], [ 4.83199, 43.98526 ], [ 4.83766, 43.98519 ], [ 4.84211, 43.98647 ], [ 4.84438, 43.98937 ], [ 4.84487, 43.9916 ], [ 4.84472, 43.99379 ], [ 4.84555, 43.99668 ], [ 4.84461, 43.99879 ], [ 4.84438, 44.00283 ], [ 4.84423, 44.00541 ], [ 4.84334, 44.00986 ], [ 4.8409, 44.01293 ], [ 4.83768, 44.01494 ], [ 4.83123, 44.01599 ], [ 4.82319, 44.01603 ], [ 4.82115, 44.01647 ], [ 4.81838, 44.01905 ], [ 4.81717, 44.0259 ], [ 4.81738, 44.02826 ], [ 4.81617, 44.03214 ], [ 4.81342, 44.03519 ], [ 4.80776, 44.03977 ], [ 4.79891, 44.04608 ], [ 4.79586, 44.0479 ], [ 4.7922, 44.04997 ], [ 4.78912, 44.0522 ], [ 4.78763, 44.05402 ], [ 4.7872, 44.05575 ], [ 4.78828, 44.06091 ], [ 4.78844, 44.06336 ], [ 4.78798, 44.06505 ], [ 4.78508, 44.06742 ], [ 4.78174, 44.06842 ], [ 4.76943, 44.07152 ], [ 4.76722, 44.07234 ], [ 4.76325, 44.07476 ], [ 4.75956, 44.07507 ], [ 4.75785, 44.07725 ], [ 4.76052, 44.07894 ], [ 4.75975, 44.08164 ], [ 4.76086, 44.0863 ], [ 4.7583, 44.08792 ], [ 4.75487, 44.08831 ], [ 4.74884, 44.08723 ], [ 4.73895, 44.08388 ], [ 4.7359, 44.08264 ], [ 4.73013, 44.07903 ], [ 4.72587, 44.07844 ], [ 4.72255, 44.07968 ], [ 4.72063, 44.08179 ], [ 4.71973, 44.08558 ] ], [ [ 2.00941, 42.44811 ], [ 2.00267, 42.44674 ], [ 1.9895, 42.44688 ], [ 1.98433, 42.44655 ], [ 1.98085, 42.44761 ], [ 1.96935, 42.45148 ], [ 1.9598, 42.45326 ], [ 1.95618, 42.4577 ], [ 1.95715, 42.46054 ], [ 1.95809, 42.46481 ], [ 1.96006, 42.47045 ], [ 1.96162, 42.47316 ], [ 1.96299, 42.47847 ], [ 1.96811, 42.47995 ], [ 1.97082, 42.48047 ], [ 1.97255, 42.48489 ], [ 1.97522, 42.48567 ], [ 1.97831, 42.48604 ], [ 1.97812, 42.48887 ], [ 1.97726, 42.49081 ], [ 1.97846, 42.49203 ], [ 1.97876, 42.49477 ], [ 1.98058, 42.49478 ], [ 1.98411, 42.49442 ], [ 1.98637, 42.49376 ], [ 1.98953, 42.49354 ], [ 1.99411, 42.48937 ], [ 1.99838, 42.48498 ], [ 1.99334, 42.48442 ], [ 1.99136, 42.48189 ], [ 1.99143, 42.48054 ], [ 1.99009, 42.47918 ], [ 1.98937, 42.47734 ], [ 1.98653, 42.47576 ], [ 1.98662, 42.47135 ], [ 1.98766, 42.46941 ], [ 1.98882, 42.4692 ], [ 1.99144, 42.46632 ], [ 1.99218, 42.4643 ], [ 1.99164, 42.46268 ], [ 1.99336, 42.46161 ], [ 1.99463, 42.4617 ], [ 2.00065, 42.4596 ], [ 2.00279, 42.45822 ], [ 2.00614, 42.4566 ], [ 2.01059, 42.45581 ], [ 2.01187, 42.45288 ], [ 2.01438, 42.45168 ], [ 2.01269, 42.44834 ], [ 2.00941, 42.44811 ] ] ], [ [ [ -0.10671, 43.36742 ], [ -0.10698, 43.36625 ], [ -0.10611, 43.36172 ], [ -0.10434, 43.36134 ], [ -0.10421, 43.35892 ], [ -0.10333, 43.35858 ], [ -0.10086, 43.35854 ], [ -0.09689, 43.3579 ], [ -0.09368, 43.35779 ], [ -0.09023, 43.35935 ], [ -0.09002, 43.35454 ], [ -0.09161, 43.35109 ], [ -0.08773, 43.35089 ], [ -0.08865, 43.34661 ], [ -0.08705, 43.34519 ], [ -0.08762, 43.34383 ], [ -0.08779, 43.34059 ], [ -0.08657, 43.33616 ], [ -0.08727, 43.33384 ], [ -0.08945, 43.33398 ], [ -0.09368, 43.33362 ], [ -0.09724, 43.33453 ], [ -0.10053, 43.33657 ], [ -0.10467, 43.33703 ], [ -0.10848, 43.3378 ], [ -0.11008, 43.33776 ], [ -0.11088, 43.33477 ], [ -0.11242, 43.3346 ], [ -0.11552, 43.33238 ], [ -0.11541, 43.3295 ], [ -0.11618, 43.32868 ], [ -0.11591, 43.3266 ], [ -0.11459, 43.32479 ], [ -0.11564, 43.32288 ], [ -0.1148, 43.32203 ], [ -0.11275, 43.31875 ], [ -0.1115, 43.31814 ], [ -0.11196, 43.31653 ], [ -0.1102, 43.31218 ], [ -0.10453, 43.31218 ], [ -0.09757, 43.31386 ], [ -0.09281, 43.31045 ], [ -0.08789, 43.3092 ], [ -0.07999, 43.30753 ], [ -0.07583, 43.30694 ], [ -0.07504, 43.30714 ], [ -0.07163, 43.30969 ], [ -0.0703, 43.31025 ], [ -0.0686, 43.3125 ], [ -0.06987, 43.31378 ], [ -0.07031, 43.3166 ], [ -0.06948, 43.31919 ], [ -0.06887, 43.32394 ], [ -0.06799, 43.32477 ], [ -0.0687, 43.32813 ], [ -0.06803, 43.32826 ], [ -0.06653, 43.33014 ], [ -0.06569, 43.33229 ], [ -0.06444, 43.33358 ], [ -0.06534, 43.33594 ], [ -0.06385, 43.33898 ], [ -0.06517, 43.34103 ], [ -0.06416, 43.34199 ], [ -0.0625, 43.34671 ], [ -0.06307, 43.34751 ], [ -0.06295, 43.35034 ], [ -0.06424, 43.35154 ], [ -0.06493, 43.355 ], [ -0.06926, 43.35521 ], [ -0.06943, 43.3566 ], [ -0.072, 43.36132 ], [ -0.07616, 43.36303 ], [ -0.07642, 43.36457 ], [ -0.0778, 43.36507 ], [ -0.07879, 43.36514 ], [ -0.08291, 43.36636 ], [ -0.08056, 43.36907 ], [ -0.08317, 43.37135 ], [ -0.08702, 43.37172 ], [ -0.0931, 43.37388 ], [ -0.09735, 43.37406 ], [ -0.10104, 43.37358 ], [ -0.10728, 43.37073 ], [ -0.10671, 43.36742 ] ] ] ] } },
{ "type": "Feature", "properties": { "region": "Provence-Alpes-Cote d'Azur" }, "geometry": { "type": "MultiPolygon", "coordinates": [ [ [ [ 7.06804, 43.51591 ], [ 7.06977, 43.51588 ], [ 7.07088, 43.51736 ], [ 7.06577, 43.51862 ], [ 7.0636, 43.5201 ], [ 7.06105, 43.51994 ], [ 7.05746, 43.52068 ], [ 7.05582, 43.52043 ], [ 7.05326, 43.52099 ], [ 7.04834, 43.52376 ], [ 7.04403, 43.52412 ], [ 7.04225, 43.52361 ], [ 7.0399, 43.52204 ], [ 7.0372, 43.52152 ], [ 7.03477, 43.52213 ], [ 7.03221, 43.52344 ], [ 7.03158, 43.52104 ], [ 7.03577, 43.51748 ], [ 7.04344, 43.51568 ], [ 7.04811, 43.51535 ], [ 7.04932, 43.51584 ], [ 7.0568, 43.51557 ], [ 7.06024, 43.51524 ], [ 7.06116, 43.51588 ], [ 7.06665, 43.5148 ], [ 7.06711, 43.51365 ], [ 7.06804, 43.51591 ] ] ], [ [ [ 7.05062, 43.50635 ], [ 7.05449, 43.50674 ], [ 7.05544, 43.50782 ], [ 7.05171, 43.50897 ], [ 7.04727, 43.50943 ], [ 7.03943, 43.50903 ], [ 7.0371, 43.5085 ], [ 7.03709, 43.50679 ], [ 7.0403, 43.50593 ], [ 7.04378, 43.50587 ], [ 7.04719, 43.50528 ], [ 7.04782, 43.5045 ], [ 7.05062, 43.50635 ] ] ], [ [ [ 6.0565, 44.81581 ], [ 6.05451, 44.81682 ], [ 6.05261, 44.8168 ], [ 6.05046, 44.81812 ], [ 6.04769, 44.82132 ], [ 6.04728, 44.82368 ], [ 6.0405, 44.82754 ], [ 6.0379, 44.82943 ], [ 6.03582, 44.83162 ], [ 6.03414, 44.83518 ], [ 6.03094, 44.83659 ], [ 6.03021, 44.8381 ], [ 6.02735, 44.83782 ], [ 6.02506, 44.83669 ], [ 6.02182, 44.83755 ], [ 6.01594, 44.83548 ], [ 6.01326, 44.83332 ], [ 6.01142, 44.83104 ], [ 6.00941, 44.83038 ], [ 6.00906, 44.82769 ], [ 6.00775, 44.82521 ], [ 6.00774, 44.82386 ], [ 6.00552, 44.82082 ], [ 6.00247, 44.81979 ], [ 5.99819, 44.81894 ], [ 5.99617, 44.81787 ], [ 5.99241, 44.81772 ], [ 5.98831, 44.81794 ], [ 5.9849, 44.81891 ], [ 5.97918, 44.81858 ], [ 5.97255, 44.81456 ], [ 5.96934, 44.81396 ], [ 5.96464, 44.81176 ], [ 5.96024, 44.81198 ], [ 5.95743, 44.80837 ], [ 5.95503, 44.80746 ], [ 5.95349, 44.80607 ], [ 5.94952, 44.80453 ], [ 5.95175, 44.80067 ], [ 5.95376, 44.79953 ], [ 5.95953, 44.79957 ], [ 5.96067, 44.79855 ], [ 5.96073, 44.79656 ], [ 5.96399, 44.79592 ], [ 5.96921, 44.79441 ], [ 5.97348, 44.79287 ], [ 5.97778, 44.79098 ], [ 5.97937, 44.78585 ], [ 5.98027, 44.78117 ], [ 5.97186, 44.77806 ], [ 5.9574, 44.77326 ], [ 5.95316, 44.77131 ], [ 5.95184, 44.7695 ], [ 5.9525, 44.76758 ], [ 5.95247, 44.76214 ], [ 5.95112, 44.75962 ], [ 5.94539, 44.76192 ], [ 5.93727, 44.76361 ], [ 5.93817, 44.76268 ], [ 5.93622, 44.7599 ], [ 5.93366, 44.75944 ], [ 5.93108, 44.75962 ], [ 5.93026, 44.75873 ], [ 5.92682, 44.75714 ], [ 5.92484, 44.75692 ], [ 5.92408, 44.75555 ], [ 5.92221, 44.75408 ], [ 5.92067, 44.75169 ], [ 5.91901, 44.75143 ], [ 5.9173, 44.75229 ], [ 5.91661, 44.75353 ], [ 5.91086, 44.75771 ], [ 5.90564, 44.75828 ], [ 5.90015, 44.75832 ], [ 5.89714, 44.75675 ], [ 5.89463, 44.7548 ], [ 5.89227, 44.75572 ], [ 5.88942, 44.75239 ], [ 5.88883, 44.7488 ], [ 5.88546, 44.74729 ], [ 5.88181, 44.74663 ], [ 5.8795, 44.74702 ], [ 5.87889, 44.74834 ], [ 5.87546, 44.7493 ], [ 5.87395, 44.74845 ], [ 5.8712, 44.74894 ], [ 5.87164, 44.74978 ], [ 5.86832, 44.75029 ], [ 5.86669, 44.75164 ], [ 5.86068, 44.75146 ], [ 5.85608, 44.75084 ], [ 5.85188, 44.75128 ], [ 5.85084, 44.75078 ], [ 5.84679, 44.75162 ], [ 5.84464, 44.75286 ], [ 5.84095, 44.75675 ], [ 5.83843, 44.75782 ], [ 5.83569, 44.75746 ], [ 5.82709, 44.75969 ], [ 5.82647, 44.75651 ], [ 5.82746, 44.75185 ], [ 5.82845, 44.75046 ], [ 5.82746, 44.74761 ], [ 5.8278, 44.74504 ], [ 5.82963, 44.74367 ], [ 5.82931, 44.74161 ], [ 5.82743, 44.73982 ], [ 5.82542, 44.73673 ], [ 5.8227, 44.73559 ], [ 5.82142, 44.73324 ], [ 5.81768, 44.73097 ], [ 5.81816, 44.72938 ], [ 5.81657, 44.72713 ], [ 5.81486, 44.72274 ], [ 5.81495, 44.7211 ], [ 5.81116, 44.71789 ], [ 5.81166, 44.71575 ], [ 5.81117, 44.71275 ], [ 5.80746, 44.71191 ], [ 5.80319, 44.71034 ], [ 5.80125, 44.70828 ], [ 5.80147, 44.70678 ], [ 5.80387, 44.70585 ], [ 5.80804, 44.7055 ], [ 5.81133, 44.70567 ], [ 5.81496, 44.70327 ], [ 5.82036, 44.70364 ], [ 5.82541, 44.70147 ], [ 5.82712, 44.70029 ], [ 5.82716, 44.69645 ], [ 5.83044, 44.69055 ], [ 5.82969, 44.68868 ], [ 5.8258, 44.68569 ], [ 5.8211, 44.68425 ], [ 5.81769, 44.68207 ], [ 5.81504, 44.68116 ], [ 5.81125, 44.67874 ], [ 5.80755, 44.67724 ], [ 5.80647, 44.67718 ], [ 5.80119, 44.67517 ], [ 5.79942, 44.67415 ], [ 5.79929, 44.67275 ], [ 5.80027, 44.6715 ], [ 5.80039, 44.66934 ], [ 5.79784, 44.66325 ], [ 5.79508, 44.66145 ], [ 5.79252, 44.66084 ], [ 5.79143, 44.65862 ], [ 5.79234, 44.65567 ], [ 5.79062, 44.65329 ], [ 5.78247, 44.65317 ], [ 5.78048, 44.65264 ], [ 5.77665, 44.6538 ], [ 5.77254, 44.65357 ], [ 5.76977, 44.65499 ], [ 5.76793, 44.65487 ], [ 5.76381, 44.65557 ], [ 5.76109, 44.65876 ], [ 5.75688, 44.6611 ], [ 5.75502, 44.66286 ], [ 5.75394, 44.66271 ], [ 5.7535, 44.66061 ], [ 5.75158, 44.66111 ], [ 5.75035, 44.65958 ], [ 5.75009, 44.6563 ], [ 5.74748, 44.65471 ], [ 5.75044, 44.65133 ], [ 5.75296, 44.65008 ], [ 5.75356, 44.64858 ], [ 5.74908, 44.64849 ], [ 5.7433, 44.64767 ], [ 5.7428, 44.64904 ], [ 5.73951, 44.64891 ], [ 5.73679, 44.64975 ], [ 5.73477, 44.64648 ], [ 5.73639, 44.64305 ], [ 5.73865, 44.64064 ], [ 5.73486, 44.64044 ], [ 5.72804, 44.6392 ], [ 5.72107, 44.63973 ], [ 5.71903, 44.6405 ], [ 5.71544, 44.64269 ], [ 5.7146, 44.64365 ], [ 5.71003, 44.64302 ], [ 5.70688, 44.64208 ], [ 5.70542, 44.64396 ], [ 5.70377, 44.64491 ], [ 5.7014, 44.64539 ], [ 5.69556, 44.64596 ], [ 5.68964, 44.64726 ], [ 5.68655, 44.64844 ], [ 5.68372, 44.65073 ], [ 5.67996, 44.65223 ], [ 5.67135, 44.64969 ], [ 5.66844, 44.64837 ], [ 5.66481, 44.64984 ], [ 5.66145, 44.65074 ], [ 5.6583, 44.65079 ], [ 5.6555, 44.65149 ], [ 5.65633, 44.65372 ], [ 5.65446, 44.65539 ], [ 5.65155, 44.65521 ], [ 5.65006, 44.65354 ], [ 5.64803, 44.65225 ], [ 5.64493, 44.65216 ], [ 5.64172, 44.65107 ], [ 5.64022, 44.64793 ], [ 5.64034, 44.64436 ], [ 5.6413, 44.64253 ], [ 5.64158, 44.63856 ], [ 5.63921, 44.63552 ], [ 5.64162, 44.63118 ], [ 5.64123, 44.62786 ], [ 5.6429, 44.62605 ], [ 5.64306, 44.62217 ], [ 5.64618, 44.62141 ], [ 5.64946, 44.61937 ], [ 5.64971, 44.61828 ], [ 5.64784, 44.61519 ], [ 5.64719, 44.61156 ], [ 5.64619, 44.60938 ], [ 5.64193, 44.60999 ], [ 5.64133, 44.60957 ], [ 5.63533, 44.60915 ], [ 5.63659, 44.60461 ], [ 5.63491, 44.60165 ], [ 5.63204, 44.59984 ], [ 5.63139, 44.59751 ], [ 5.62909, 44.59541 ], [ 5.62748, 44.59496 ], [ 5.62751, 44.59105 ], [ 5.62573, 44.58957 ], [ 5.62679, 44.58841 ], [ 5.62632, 44.58662 ], [ 5.62502, 44.58585 ], [ 5.62199, 44.5859 ], [ 5.62014, 44.58436 ], [ 5.61785, 44.5839 ], [ 5.6159, 44.57939 ], [ 5.61592, 44.57539 ], [ 5.61536, 44.57325 ], [ 5.61285, 44.57124 ], [ 5.60905, 44.57082 ], [ 5.60715, 44.56834 ], [ 5.60649, 44.56665 ], [ 5.60609, 44.56513 ], [ 5.6047, 44.56396 ], [ 5.60267, 44.5592 ], [ 5.60217, 44.55683 ], [ 5.60026, 44.55534 ], [ 5.59987, 44.55298 ], [ 5.59815, 44.54915 ], [ 5.59823, 44.54603 ], [ 5.59725, 44.54327 ], [ 5.60472, 44.54067 ], [ 5.60812, 44.53805 ], [ 5.61198, 44.53606 ], [ 5.61499, 44.53278 ], [ 5.62187, 44.53528 ], [ 5.62458, 44.53552 ], [ 5.62737, 44.53458 ], [ 5.63621, 44.52704 ], [ 5.64302, 44.52179 ], [ 5.6471, 44.51959 ], [ 5.64786, 44.51866 ], [ 5.65314, 44.51483 ], [ 5.65828, 44.50983 ], [ 5.65999, 44.50779 ], [ 5.66293, 44.50527 ], [ 5.6645, 44.50189 ], [ 5.66247, 44.50138 ], [ 5.6611, 44.50187 ], [ 5.65696, 44.50202 ], [ 5.65197, 44.49956 ], [ 5.65007, 44.49916 ], [ 5.64443, 44.5018 ], [ 5.6413, 44.50234 ], [ 5.63931, 44.50167 ], [ 5.63564, 44.50237 ], [ 5.63375, 44.50228 ], [ 5.62979, 44.50119 ], [ 5.62636, 44.49809 ], [ 5.62502, 44.4948 ], [ 5.62471, 44.49236 ], [ 5.62353, 44.48947 ], [ 5.62497, 44.48704 ], [ 5.62502, 44.48457 ], [ 5.62105, 44.48212 ], [ 5.61813, 44.47481 ], [ 5.61631, 44.47271 ], [ 5.61174, 44.4696 ], [ 5.60915, 44.46841 ], [ 5.6063, 44.46795 ], [ 5.60364, 44.4655 ], [ 5.5983, 44.46645 ], [ 5.59508, 44.46651 ], [ 5.58942, 44.46874 ], [ 5.58452, 44.46991 ], [ 5.5792, 44.47169 ], [ 5.5757, 44.47326 ], [ 5.5703, 44.47676 ], [ 5.56469, 44.47525 ], [ 5.56139, 44.47466 ], [ 5.55878, 44.47307 ], [ 5.55672, 44.47574 ], [ 5.55522, 44.47696 ], [ 5.55111, 44.47909 ], [ 5.54526, 44.4825 ], [ 5.53608, 44.48478 ], [ 5.53135, 44.4855 ], [ 5.5259, 44.48844 ], [ 5.523, 44.4883 ], [ 5.51972, 44.49059 ], [ 5.51692, 44.49103 ], [ 5.51609, 44.49173 ], [ 5.51227, 44.49106 ], [ 5.51103, 44.49151 ], [ 5.50627, 44.49204 ], [ 5.49671, 44.49168 ], [ 5.49516, 44.49105 ], [ 5.49245, 44.49134 ], [ 5.48723, 44.49117 ], [ 5.47988, 44.49124 ], [ 5.47427, 44.49454 ], [ 5.47427, 44.4972 ], [ 5.47359, 44.49857 ], [ 5.47203, 44.49852 ], [ 5.47085, 44.5 ], [ 5.46426, 44.50053 ], [ 5.46149, 44.4993 ], [ 5.45841, 44.49939 ], [ 5.45693, 44.49624 ], [ 5.45756, 44.49509 ], [ 5.45886, 44.4901 ], [ 5.45891, 44.48852 ], [ 5.46047, 44.48591 ], [ 5.46116, 44.48351 ], [ 5.46279, 44.48108 ], [ 5.46543, 44.48006 ], [ 5.46627, 44.47558 ], [ 5.46773, 44.47333 ], [ 5.46742, 44.47222 ], [ 5.46153, 44.4704 ], [ 5.459, 44.46903 ], [ 5.45941, 44.46698 ], [ 5.45873, 44.46614 ], [ 5.46105, 44.46366 ], [ 5.4609, 44.45974 ], [ 5.46405, 44.45736 ], [ 5.46444, 44.45532 ], [ 5.46384, 44.45205 ], [ 5.46468, 44.4504 ], [ 5.46443, 44.44789 ], [ 5.47066, 44.4456 ], [ 5.47326, 44.44509 ], [ 5.47403, 44.44416 ], [ 5.48113, 44.44168 ], [ 5.48546, 44.44178 ], [ 5.48766, 44.44019 ], [ 5.49358, 44.43934 ], [ 5.49772, 44.43815 ], [ 5.4983, 44.43732 ], [ 5.49362, 44.42822 ], [ 5.49233, 44.42889 ], [ 5.48656, 44.42931 ], [ 5.48604, 44.42897 ], [ 5.48463, 44.42833 ], [ 5.48311, 44.4259 ], [ 5.48323, 44.42432 ], [ 5.47649, 44.41972 ], [ 5.47285, 44.42039 ], [ 5.47044, 44.42287 ], [ 5.46675, 44.42409 ], [ 5.46291, 44.42654 ], [ 5.46015, 44.42661 ], [ 5.45878, 44.42769 ], [ 5.45524, 44.42859 ], [ 5.45341, 44.42977 ], [ 5.44971, 44.43122 ], [ 5.44685, 44.43175 ], [ 5.4425, 44.43306 ], [ 5.43858, 44.43355 ], [ 5.43418, 44.43344 ], [ 5.43007, 44.4317 ], [ 5.42789, 44.42978 ], [ 5.42301, 44.4277 ], [ 5.4184, 44.42477 ], [ 5.42217, 44.419 ], [ 5.42295, 44.41577 ], [ 5.42632, 44.41533 ], [ 5.42853, 44.4155 ], [ 5.43123, 44.41425 ], [ 5.43415, 44.41011 ], [ 5.43428, 44.40781 ], [ 5.43526, 44.40631 ], [ 5.43638, 44.40226 ], [ 5.44303, 44.39124 ], [ 5.44079, 44.38791 ], [ 5.44088, 44.38409 ], [ 5.44314, 44.38046 ], [ 5.44415, 44.37945 ], [ 5.44144, 44.37776 ], [ 5.43873, 44.37753 ], [ 5.4366, 44.37785 ], [ 5.43376, 44.37648 ], [ 5.43022, 44.37699 ], [ 5.43023, 44.37501 ], [ 5.43173, 44.37348 ], [ 5.43191, 44.37099 ], [ 5.43439, 44.37021 ], [ 5.43495, 44.36912 ], [ 5.43832, 44.3674 ], [ 5.43999, 44.3683 ], [ 5.44392, 44.36775 ], [ 5.4451, 44.36848 ], [ 5.44882, 44.36905 ], [ 5.45199, 44.36743 ], [ 5.45882, 44.36851 ], [ 5.46066, 44.36832 ], [ 5.46278, 44.36724 ], [ 5.46574, 44.36486 ], [ 5.46726, 44.36045 ], [ 5.46676, 44.35646 ], [ 5.46687, 44.35454 ], [ 5.46786, 44.35216 ], [ 5.46903, 44.35158 ], [ 5.47126, 44.35045 ], [ 5.47517, 44.35154 ], [ 5.47989, 44.35119 ], [ 5.48246, 44.34981 ], [ 5.48218, 44.34729 ], [ 5.48401, 44.34486 ], [ 5.48792, 44.3416 ], [ 5.4892, 44.33998 ], [ 5.49057, 44.33963 ], [ 5.49129, 44.33786 ], [ 5.49294, 44.33714 ], [ 5.49368, 44.33793 ], [ 5.49803, 44.33971 ], [ 5.49959, 44.34192 ], [ 5.50229, 44.34408 ], [ 5.50445, 44.34443 ], [ 5.50868, 44.34616 ], [ 5.51049, 44.34607 ], [ 5.52137, 44.35108 ], [ 5.52275, 44.34775 ], [ 5.52896, 44.34303 ], [ 5.53109, 44.34275 ], [ 5.53306, 44.34328 ], [ 5.5373, 44.34261 ], [ 5.53986, 44.34264 ], [ 5.53878, 44.33674 ], [ 5.53737, 44.33353 ], [ 5.541, 44.33115 ], [ 5.54457, 44.33136 ], [ 5.54727, 44.33 ], [ 5.55214, 44.33082 ], [ 5.55313, 44.33164 ], [ 5.55559, 44.3317 ], [ 5.55602, 44.3329 ], [ 5.55754, 44.33318 ], [ 5.56051, 44.33557 ], [ 5.56476, 44.33415 ], [ 5.56803, 44.33217 ], [ 5.57131, 44.33347 ], [ 5.57386, 44.33394 ], [ 5.57434, 44.33227 ], [ 5.58322, 44.33248 ], [ 5.58491, 44.33211 ], [ 5.58792, 44.33211 ], [ 5.59125, 44.33321 ], [ 5.59199, 44.33227 ], [ 5.59531, 44.33176 ], [ 5.59879, 44.33307 ], [ 5.60397, 44.33421 ], [ 5.60618, 44.33263 ], [ 5.61085, 44.33243 ], [ 5.61315, 44.33291 ], [ 5.61777, 44.3323 ], [ 5.62349, 44.33384 ], [ 5.6238, 44.33522 ], [ 5.62692, 44.33476 ], [ 5.63082, 44.33299 ], [ 5.63104, 44.33109 ], [ 5.63257, 44.32835 ], [ 5.62872, 44.32782 ], [ 5.62447, 44.32363 ], [ 5.62345, 44.32329 ], [ 5.61835, 44.31831 ], [ 5.61605, 44.31657 ], [ 5.61107, 44.31594 ], [ 5.61059, 44.31321 ], [ 5.61102, 44.31059 ], [ 5.60808, 44.30851 ], [ 5.60832, 44.30612 ], [ 5.6119, 44.30746 ], [ 5.61392, 44.30879 ], [ 5.61615, 44.30944 ], [ 5.61977, 44.30786 ], [ 5.62074, 44.30617 ], [ 5.62307, 44.30407 ], [ 5.62466, 44.30331 ], [ 5.62705, 44.30108 ], [ 5.6338, 44.30088 ], [ 5.63625, 44.30077 ], [ 5.63821, 44.299 ], [ 5.6396, 44.29567 ], [ 5.64194, 44.29502 ], [ 5.643, 44.29381 ], [ 5.63972, 44.29336 ], [ 5.63672, 44.29242 ], [ 5.63299, 44.29045 ], [ 5.63177, 44.28689 ], [ 5.63211, 44.2839 ], [ 5.63327, 44.28212 ], [ 5.63864, 44.2775 ], [ 5.64257, 44.27604 ], [ 5.64524, 44.27443 ], [ 5.64751, 44.27248 ], [ 5.64558, 44.26924 ], [ 5.64678, 44.26709 ], [ 5.6517, 44.26875 ], [ 5.65759, 44.27236 ], [ 5.65933, 44.27199 ], [ 5.67252, 44.27436 ], [ 5.67561, 44.27589 ], [ 5.6804, 44.27192 ], [ 5.68377, 44.26944 ], [ 5.68657, 44.26692 ], [ 5.68665, 44.26606 ], [ 5.68559, 44.26393 ], [ 5.68454, 44.2632 ], [ 5.67986, 44.26126 ], [ 5.67739, 44.25863 ], [ 5.67561, 44.25829 ], [ 5.67419, 44.25639 ], [ 5.67388, 44.25324 ], [ 5.67468, 44.24962 ], [ 5.67342, 44.24821 ], [ 5.67264, 44.24567 ], [ 5.6742, 44.24549 ], [ 5.67544, 44.24405 ], [ 5.673, 44.23984 ], [ 5.67515, 44.23789 ], [ 5.67763, 44.23629 ], [ 5.68241, 44.2343 ], [ 5.68131, 44.23289 ], [ 5.68113, 44.23069 ], [ 5.67945, 44.2288 ], [ 5.68058, 44.22742 ], [ 5.68069, 44.22503 ], [ 5.67921, 44.22093 ], [ 5.67726, 44.21976 ], [ 5.67751, 44.21728 ], [ 5.67665, 44.21338 ], [ 5.67602, 44.21215 ], [ 5.67685, 44.21027 ], [ 5.67879, 44.20909 ], [ 5.67892, 44.20801 ], [ 5.68236, 44.2048 ], [ 5.6831, 44.20352 ], [ 5.68336, 44.20022 ], [ 5.68645, 44.19716 ], [ 5.68642, 44.19464 ], [ 5.6845, 44.19276 ], [ 5.67943, 44.19178 ], [ 5.67604, 44.19143 ], [ 5.67501, 44.1888 ], [ 5.67223, 44.18955 ], [ 5.66863, 44.18985 ], [ 5.66066, 44.1898 ], [ 5.65794, 44.18898 ], [ 5.65159, 44.18958 ], [ 5.6523, 44.18541 ], [ 5.64796, 44.17968 ], [ 5.64722, 44.17669 ], [ 5.64778, 44.17518 ], [ 5.64535, 44.17453 ], [ 5.64378, 44.17309 ], [ 5.64327, 44.17072 ], [ 5.64386, 44.1689 ], [ 5.64571, 44.16835 ], [ 5.64697, 44.16629 ], [ 5.6517, 44.16705 ], [ 5.66263, 44.16687 ], [ 5.66975, 44.16549 ], [ 5.67264, 44.16451 ], [ 5.67535, 44.16478 ], [ 5.68273, 44.16349 ], [ 5.67919, 44.15535 ], [ 5.67899, 44.15162 ], [ 5.67786, 44.14949 ], [ 5.67861, 44.14609 ], [ 5.67554, 44.14707 ], [ 5.66988, 44.14827 ], [ 5.66738, 44.14911 ], [ 5.66347, 44.14826 ], [ 5.65771, 44.14753 ], [ 5.65522, 44.14756 ], [ 5.65335, 44.14819 ], [ 5.64677, 44.14812 ], [ 5.64518, 44.1486 ], [ 5.64314, 44.14918 ], [ 5.63967, 44.14949 ], [ 5.63569, 44.15026 ], [ 5.63114, 44.15058 ], [ 5.63222, 44.15217 ], [ 5.63171, 44.15858 ], [ 5.63722, 44.16234 ], [ 5.63894, 44.16476 ], [ 5.63959, 44.16759 ], [ 5.63616, 44.16998 ], [ 5.63359, 44.16978 ], [ 5.63209, 44.17108 ], [ 5.63198, 44.17369 ], [ 5.6287, 44.17451 ], [ 5.62629, 44.17594 ], [ 5.62312, 44.17634 ], [ 5.62061, 44.17727 ], [ 5.61613, 44.1778 ], [ 5.61633, 44.18033 ], [ 5.61596, 44.18254 ], [ 5.61414, 44.18381 ], [ 5.6132, 44.18604 ], [ 5.61146, 44.18613 ], [ 5.60959, 44.1875 ], [ 5.60933, 44.19071 ], [ 5.60205, 44.19149 ], [ 5.60043, 44.18933 ], [ 5.59621, 44.18765 ], [ 5.59099, 44.18716 ], [ 5.58742, 44.18736 ], [ 5.58369, 44.18868 ], [ 5.58188, 44.18874 ], [ 5.57619, 44.18804 ], [ 5.57462, 44.18683 ], [ 5.57535, 44.18504 ], [ 5.57282, 44.18173 ], [ 5.57032, 44.18012 ], [ 5.56838, 44.17999 ], [ 5.56437, 44.1709 ], [ 5.56735, 44.16928 ], [ 5.56923, 44.16698 ], [ 5.57325, 44.16281 ], [ 5.57796, 44.15988 ], [ 5.58298, 44.15762 ], [ 5.57873, 44.15208 ], [ 5.57776, 44.15147 ], [ 5.56951, 44.1481 ], [ 5.56882, 44.14803 ], [ 5.55605, 44.14916 ], [ 5.55133, 44.14979 ], [ 5.55006, 44.14577 ], [ 5.54399, 44.13639 ], [ 5.54279, 44.13399 ], [ 5.5414, 44.13263 ], [ 5.53779, 44.13174 ], [ 5.53452, 44.13026 ], [ 5.52996, 44.12917 ], [ 5.52766, 44.12824 ], [ 5.52387, 44.12754 ], [ 5.52157, 44.12665 ], [ 5.51843, 44.12634 ], [ 5.51106, 44.12411 ], [ 5.51125, 44.12186 ], [ 5.5087, 44.1185 ], [ 5.50482, 44.11627 ], [ 5.50261, 44.11565 ], [ 5.49879, 44.11572 ], [ 5.49471, 44.11538 ], [ 5.48449, 44.1171 ], [ 5.48259, 44.11779 ], [ 5.47394, 44.11852 ], [ 5.46524, 44.11844 ], [ 5.46123, 44.11814 ], [ 5.45472, 44.11923 ], [ 5.4542, 44.12005 ], [ 5.45058, 44.12154 ], [ 5.44873, 44.12564 ], [ 5.44978, 44.12877 ], [ 5.44728, 44.136 ], [ 5.44757, 44.13675 ], [ 5.44442, 44.13733 ], [ 5.44302, 44.13827 ], [ 5.43919, 44.13793 ], [ 5.43656, 44.13998 ], [ 5.43754, 44.14455 ], [ 5.4374, 44.14685 ], [ 5.4366, 44.148 ], [ 5.43766, 44.14923 ], [ 5.43567, 44.15085 ], [ 5.43576, 44.15225 ], [ 5.43244, 44.15221 ], [ 5.42993, 44.15087 ], [ 5.42839, 44.14912 ], [ 5.42391, 44.14929 ], [ 5.42166, 44.15083 ], [ 5.41677, 44.15511 ], [ 5.41282, 44.15485 ], [ 5.40853, 44.15308 ], [ 5.40567, 44.15347 ], [ 5.40121, 44.15309 ], [ 5.40055, 44.15257 ], [ 5.39661, 44.15196 ], [ 5.39247, 44.15225 ], [ 5.39053, 44.15342 ], [ 5.38805, 44.1539 ], [ 5.38582, 44.15558 ], [ 5.38324, 44.15528 ], [ 5.38339, 44.15699 ], [ 5.38276, 44.16048 ], [ 5.38331, 44.16375 ], [ 5.3846, 44.16596 ], [ 5.38366, 44.17293 ], [ 5.38648, 44.17691 ], [ 5.38666, 44.18168 ], [ 5.3863, 44.18565 ], [ 5.38533, 44.18743 ], [ 5.38149, 44.19168 ], [ 5.38108, 44.19592 ], [ 5.38319, 44.19906 ], [ 5.38453, 44.20118 ], [ 5.38011, 44.20302 ], [ 5.379, 44.20422 ], [ 5.37667, 44.20513 ], [ 5.37432, 44.20573 ], [ 5.36563, 44.2097 ], [ 5.35991, 44.21175 ], [ 5.35535, 44.21456 ], [ 5.35145, 44.21166 ], [ 5.34797, 44.21058 ], [ 5.34436, 44.20886 ], [ 5.34168, 44.2066 ], [ 5.33668, 44.20435 ], [ 5.33683, 44.20353 ], [ 5.33197, 44.20392 ], [ 5.33012, 44.20466 ], [ 5.32532, 44.2073 ], [ 5.31831, 44.20987 ], [ 5.31575, 44.20862 ], [ 5.31282, 44.20816 ], [ 5.30989, 44.20918 ], [ 5.30679, 44.20881 ], [ 5.30334, 44.2099 ], [ 5.30253, 44.20856 ], [ 5.30379, 44.20646 ], [ 5.3033, 44.20539 ], [ 5.2976, 44.20793 ], [ 5.29683, 44.20984 ], [ 5.29471, 44.21251 ], [ 5.29225, 44.21447 ], [ 5.28506, 44.2173 ], [ 5.28306, 44.2188 ], [ 5.28067, 44.2198 ], [ 5.27755, 44.22019 ], [ 5.26855, 44.22544 ], [ 5.26569, 44.22609 ], [ 5.26203, 44.22784 ], [ 5.25893, 44.22864 ], [ 5.25651, 44.23006 ], [ 5.2523, 44.23121 ], [ 5.24854, 44.23111 ], [ 5.24683, 44.23071 ], [ 5.24045, 44.23083 ], [ 5.2392, 44.22055 ], [ 5.23815, 44.21323 ], [ 5.23593, 44.2128 ], [ 5.2339, 44.21343 ], [ 5.23082, 44.21193 ], [ 5.22851, 44.21231 ], [ 5.22684, 44.21497 ], [ 5.22318, 44.2146 ], [ 5.22213, 44.21341 ], [ 5.21614, 44.21505 ], [ 5.21301, 44.21504 ], [ 5.20919, 44.21387 ], [ 5.20673, 44.21376 ], [ 5.20206, 44.21662 ], [ 5.19836, 44.21667 ], [ 5.19265, 44.21901 ], [ 5.19152, 44.21878 ], [ 5.18871, 44.22028 ], [ 5.18482, 44.2188 ], [ 5.18248, 44.21977 ], [ 5.18183, 44.21897 ], [ 5.17931, 44.22016 ], [ 5.17668, 44.22018 ], [ 5.17497, 44.22081 ], [ 5.17218, 44.22299 ], [ 5.17071, 44.22343 ], [ 5.16791, 44.2253 ], [ 5.16556, 44.22473 ], [ 5.16378, 44.22653 ], [ 5.16169, 44.22753 ], [ 5.16092, 44.22976 ], [ 5.15813, 44.22884 ], [ 5.1549, 44.23094 ], [ 5.1554, 44.2334 ], [ 5.15325, 44.23297 ], [ 5.14947, 44.2353 ], [ 5.15181, 44.23831 ], [ 5.15281, 44.23828 ], [ 5.15813, 44.24216 ], [ 5.16155, 44.24559 ], [ 5.16222, 44.25053 ], [ 5.16181, 44.25346 ], [ 5.16237, 44.25498 ], [ 5.15999, 44.25725 ], [ 5.16025, 44.25886 ], [ 5.15965, 44.2623 ], [ 5.16073, 44.26655 ], [ 5.16038, 44.26692 ], [ 5.15484, 44.2675 ], [ 5.15197, 44.26812 ], [ 5.14872, 44.26942 ], [ 5.14746, 44.26917 ], [ 5.14803, 44.27092 ], [ 5.14682, 44.2718 ], [ 5.14707, 44.27557 ], [ 5.14828, 44.27996 ], [ 5.14973, 44.28208 ], [ 5.15352, 44.28381 ], [ 5.1546, 44.28505 ], [ 5.15871, 44.286 ], [ 5.16116, 44.28739 ], [ 5.16163, 44.28908 ], [ 5.16811, 44.28992 ], [ 5.16887, 44.29359 ], [ 5.1686, 44.29599 ], [ 5.17011, 44.29873 ], [ 5.16929, 44.30128 ], [ 5.17035, 44.30391 ], [ 5.17252, 44.30565 ], [ 5.1737, 44.30837 ], [ 5.17314, 44.30951 ], [ 5.17089, 44.3098 ], [ 5.16992, 44.31315 ], [ 5.16884, 44.31413 ], [ 5.16643, 44.31486 ], [ 5.16007, 44.31285 ], [ 5.15642, 44.31142 ], [ 5.15466, 44.31119 ], [ 5.15063, 44.30962 ], [ 5.15395, 44.30589 ], [ 5.15485, 44.30353 ], [ 5.15477, 44.30187 ], [ 5.15178, 44.30221 ], [ 5.14995, 44.30193 ], [ 5.14687, 44.29921 ], [ 5.14268, 44.29694 ], [ 5.13996, 44.29623 ], [ 5.13751, 44.29472 ], [ 5.13177, 44.29279 ], [ 5.12764, 44.29001 ], [ 5.12373, 44.28834 ], [ 5.12163, 44.288 ], [ 5.11915, 44.28692 ], [ 5.11589, 44.28431 ], [ 5.10789, 44.2809 ], [ 5.10797, 44.27725 ], [ 5.10529, 44.27768 ], [ 5.10412, 44.27991 ], [ 5.09891, 44.28179 ], [ 5.09431, 44.2828 ], [ 5.08647, 44.28393 ], [ 5.08453, 44.28264 ], [ 5.0817, 44.28368 ], [ 5.07651, 44.28409 ], [ 5.07529, 44.28605 ], [ 5.07056, 44.28922 ], [ 5.06814, 44.29545 ], [ 5.06847, 44.29981 ], [ 5.06056, 44.30814 ], [ 5.05573, 44.3053 ], [ 5.05214, 44.30437 ], [ 5.04931, 44.30309 ], [ 5.04803, 44.30321 ], [ 5.04522, 44.30126 ], [ 5.04289, 44.30125 ], [ 5.04021, 44.30012 ], [ 5.0295, 44.29789 ], [ 5.02523, 44.29695 ], [ 5.02214, 44.29584 ], [ 5.02124, 44.2949 ], [ 5.01707, 44.29268 ], [ 5.01079, 44.29036 ], [ 5.00554, 44.28675 ], [ 5.00302, 44.28608 ], [ 4.99985, 44.28617 ], [ 4.99712, 44.28564 ], [ 4.98953, 44.28597 ], [ 4.98496, 44.28586 ], [ 4.98145, 44.28483 ], [ 4.97742, 44.28249 ], [ 4.97555, 44.28223 ], [ 4.97401, 44.28099 ], [ 4.97129, 44.27982 ], [ 4.96826, 44.27779 ], [ 4.95989, 44.27419 ], [ 4.95008, 44.27114 ], [ 4.9427, 44.269 ], [ 4.9377, 44.26626 ], [ 4.93291, 44.26215 ], [ 4.92841, 44.26267 ], [ 4.92308, 44.26113 ], [ 4.92227, 44.25984 ], [ 4.9129, 44.26064 ], [ 4.90192, 44.26017 ], [ 4.90109, 44.25977 ], [ 4.89927, 44.25685 ], [ 4.89574, 44.25769 ], [ 4.89701, 44.25973 ], [ 4.89994, 44.26223 ], [ 4.90128, 44.26428 ], [ 4.89615, 44.26443 ], [ 4.89038, 44.26271 ], [ 4.88501, 44.26171 ], [ 4.88025, 44.26177 ], [ 4.87523, 44.26004 ], [ 4.8705, 44.25635 ], [ 4.8674, 44.25575 ], [ 4.86628, 44.25295 ], [ 4.86595, 44.24957 ], [ 4.86407, 44.24952 ], [ 4.8587, 44.2486 ], [ 4.85696, 44.24774 ], [ 4.85709, 44.24598 ], [ 4.85474, 44.24522 ], [ 4.84622, 44.24077 ], [ 4.84351, 44.24178 ], [ 4.84148, 44.23953 ], [ 4.8408, 44.23567 ], [ 4.83771, 44.23646 ], [ 4.83231, 44.2319 ], [ 4.8295, 44.23043 ], [ 4.82769, 44.23047 ], [ 4.82665, 44.22833 ], [ 4.82555, 44.22857 ], [ 4.82126, 44.22899 ], [ 4.81738, 44.2297 ], [ 4.81548, 44.23188 ], [ 4.8141, 44.23231 ], [ 4.81325, 44.23731 ], [ 4.81214, 44.24205 ], [ 4.8136, 44.24712 ], [ 4.81208, 44.2512 ], [ 4.81308, 44.25271 ], [ 4.81234, 44.25582 ], [ 4.81267, 44.25772 ], [ 4.80979, 44.26372 ], [ 4.804, 44.26921 ], [ 4.80656, 44.2732 ], [ 4.80448, 44.27762 ], [ 4.8035, 44.27804 ], [ 4.8031, 44.27999 ], [ 4.80302, 44.28507 ], [ 4.80472, 44.28782 ], [ 4.80482, 44.29336 ], [ 4.80288, 44.2966 ], [ 4.80456, 44.3039 ], [ 4.79935, 44.30348 ], [ 4.79658, 44.3047 ], [ 4.79347, 44.30661 ], [ 4.7905, 44.30753 ], [ 4.78749, 44.31358 ], [ 4.78534, 44.31351 ], [ 4.78225, 44.3159 ], [ 4.77967, 44.31937 ], [ 4.77667, 44.31924 ], [ 4.77558, 44.31796 ], [ 4.77182, 44.31747 ], [ 4.76872, 44.31957 ], [ 4.76817, 44.3212 ], [ 4.76511, 44.32289 ], [ 4.763, 44.3251 ], [ 4.75543, 44.32539 ], [ 4.74932, 44.32507 ], [ 4.74289, 44.32551 ], [ 4.74168, 44.32537 ], [ 4.73344, 44.32617 ], [ 4.7247, 44.32633 ], [ 4.72166, 44.32659 ], [ 4.71795, 44.32689 ], [ 4.71885, 44.32573 ], [ 4.71381, 44.32557 ], [ 4.71251, 44.32386 ], [ 4.71302, 44.32065 ], [ 4.70781, 44.32071 ], [ 4.70161, 44.32052 ], [ 4.69552, 44.3207 ], [ 4.68692, 44.32033 ], [ 4.67903, 44.32049 ], [ 4.67528, 44.32399 ], [ 4.67143, 44.32478 ], [ 4.67132, 44.32366 ], [ 4.66953, 44.32284 ], [ 4.65902, 44.32688 ], [ 4.65062, 44.32981 ], [ 4.65156, 44.32694 ], [ 4.65133, 44.32258 ], [ 4.64932, 44.31156 ], [ 4.64983, 44.30958 ], [ 4.65165, 44.30681 ], [ 4.65347, 44.3021 ], [ 4.65367, 44.29728 ], [ 4.65318, 44.29481 ], [ 4.65291, 44.29097 ], [ 4.65139, 44.2867 ], [ 4.65109, 44.28288 ], [ 4.65135, 44.27712 ], [ 4.65097, 44.27436 ], [ 4.64922, 44.27036 ], [ 4.64918, 44.26358 ], [ 4.65148, 44.25915 ], [ 4.65338, 44.25662 ], [ 4.65407, 44.25434 ], [ 4.6619, 44.2471 ], [ 4.66635, 44.24377 ], [ 4.67315, 44.23989 ], [ 4.67484, 44.23855 ], [ 4.67786, 44.23412 ], [ 4.67856, 44.23118 ], [ 4.67844, 44.22943 ], [ 4.67397, 44.22114 ], [ 4.67293, 44.2186 ], [ 4.67267, 44.21681 ], [ 4.67366, 44.21471 ], [ 4.67665, 44.21257 ], [ 4.68016, 44.21213 ], [ 4.68364, 44.21242 ], [ 4.69417, 44.21543 ], [ 4.70181, 44.21607 ], [ 4.70655, 44.21443 ], [ 4.70806, 44.21308 ], [ 4.70947, 44.21056 ], [ 4.70971, 44.20693 ], [ 4.70823, 44.20473 ], [ 4.70444, 44.20057 ], [ 4.70384, 44.19765 ], [ 4.70578, 44.19279 ], [ 4.7099, 44.19146 ], [ 4.71496, 44.19104 ], [ 4.71993, 44.18904 ], [ 4.72207, 44.18742 ], [ 4.72191, 44.18378 ], [ 4.72006, 44.17982 ], [ 4.71977, 44.17714 ], [ 4.71638, 44.17672 ], [ 4.71807, 44.17359 ], [ 4.71794, 44.17191 ], [ 4.71612, 44.16597 ], [ 4.7168, 44.16261 ], [ 4.7182, 44.15238 ], [ 4.7191, 44.14838 ], [ 4.7189, 44.1445 ], [ 4.71748, 44.14151 ], [ 4.7117, 44.13474 ], [ 4.71161, 44.12953 ], [ 4.71121, 44.12233 ], [ 4.71074, 44.11846 ], [ 4.70701, 44.11368 ], [ 4.70607, 44.10775 ], [ 4.70746, 44.10367 ], [ 4.71446, 44.09632 ], [ 4.71879, 44.0925 ], [ 4.71955, 44.09031 ], [ 4.71973, 44.08558 ], [ 4.72063, 44.08179 ], [ 4.72255, 44.07968 ], [ 4.72587, 44.07844 ], [ 4.73013, 44.07903 ], [ 4.7359, 44.08264 ], [ 4.73895, 44.08388 ], [ 4.74884, 44.08723 ], [ 4.75487, 44.08831 ], [ 4.7583, 44.08792 ], [ 4.76086, 44.0863 ], [ 4.75975, 44.08164 ], [ 4.76052, 44.07894 ], [ 4.75785, 44.07725 ], [ 4.75956, 44.07507 ], [ 4.76325, 44.07476 ], [ 4.76722, 44.07234 ], [ 4.76943, 44.07152 ], [ 4.78174, 44.06842 ], [ 4.78508, 44.06742 ], [ 4.78798, 44.06505 ], [ 4.78844, 44.06336 ], [ 4.78828, 44.06091 ], [ 4.7872, 44.05575 ], [ 4.78763, 44.05402 ], [ 4.78912, 44.0522 ], [ 4.7922, 44.04997 ], [ 4.79586, 44.0479 ], [ 4.79891, 44.04608 ], [ 4.80776, 44.03977 ], [ 4.81342, 44.03519 ], [ 4.81617, 44.03214 ], [ 4.81738, 44.02826 ], [ 4.81717, 44.0259 ], [ 4.81838, 44.01905 ], [ 4.82115, 44.01647 ], [ 4.82319, 44.01603 ], [ 4.83123, 44.01599 ], [ 4.83768, 44.01494 ], [ 4.8409, 44.01293 ], [ 4.84334, 44.00986 ], [ 4.84423, 44.00541 ], [ 4.84438, 44.00283 ], [ 4.84461, 43.99879 ], [ 4.84555, 43.99668 ], [ 4.84472, 43.99379 ], [ 4.84487, 43.9916 ], [ 4.84438, 43.98937 ], [ 4.84211, 43.98647 ], [ 4.83766, 43.98519 ], [ 4.83199, 43.98526 ], [ 4.82996, 43.98558 ], [ 4.8196, 43.98838 ], [ 4.81598, 43.9888 ], [ 4.81247, 43.98766 ], [ 4.81126, 43.98562 ], [ 4.81012, 43.97957 ], [ 4.81015, 43.97704 ], [ 4.81117, 43.97464 ], [ 4.81381, 43.97071 ], [ 4.81506, 43.96763 ], [ 4.81402, 43.964 ], [ 4.81156, 43.9618 ], [ 4.808, 43.96003 ], [ 4.79716, 43.95672 ], [ 4.79278, 43.95378 ], [ 4.79198, 43.95227 ], [ 4.78897, 43.94733 ], [ 4.78616, 43.94409 ], [ 4.78247, 43.94144 ], [ 4.77902, 43.93789 ], [ 4.77436, 43.93587 ], [ 4.77306, 43.9357 ], [ 4.76878, 43.9338 ], [ 4.76153, 43.93492 ], [ 4.75901, 43.93459 ], [ 4.75, 43.93218 ], [ 4.74449, 43.92933 ], [ 4.74255, 43.92775 ], [ 4.73906, 43.92406 ], [ 4.74021, 43.92172 ], [ 4.7401, 43.91968 ], [ 4.73551, 43.91651 ], [ 4.73069, 43.91306 ], [ 4.72798, 43.91063 ], [ 4.72337, 43.90595 ], [ 4.72045, 43.90434 ], [ 4.7135, 43.90179 ], [ 4.70562, 43.89984 ], [ 4.70065, 43.89837 ], [ 4.69915, 43.8966 ], [ 4.70647, 43.8974 ], [ 4.70932, 43.89801 ], [ 4.7075, 43.89555 ], [ 4.70451, 43.89472 ], [ 4.70114, 43.89156 ], [ 4.69927, 43.88869 ], [ 4.69843, 43.88867 ], [ 4.69562, 43.88623 ], [ 4.69223, 43.88418 ], [ 4.68845, 43.883 ], [ 4.68294, 43.88174 ], [ 4.67659, 43.87951 ], [ 4.67016, 43.87754 ], [ 4.66544, 43.87515 ], [ 4.66551, 43.872 ], [ 4.66242, 43.87083 ], [ 4.66094, 43.87584 ], [ 4.65923, 43.87582 ], [ 4.65665, 43.87478 ], [ 4.65048, 43.86986 ], [ 4.6486, 43.86917 ], [ 4.64359, 43.86822 ], [ 4.64191, 43.86748 ], [ 4.64295, 43.86326 ], [ 4.64438, 43.86193 ], [ 4.6472, 43.86079 ], [ 4.6483, 43.85883 ], [ 4.64747, 43.85683 ], [ 4.6441, 43.85468 ], [ 4.64296, 43.85439 ], [ 4.64146, 43.85114 ], [ 4.64522, 43.84985 ], [ 4.64801, 43.85123 ], [ 4.65185, 43.85237 ], [ 4.65441, 43.85223 ], [ 4.6566, 43.8529 ], [ 4.66016, 43.85324 ], [ 4.66249, 43.85256 ], [ 4.6653, 43.85088 ], [ 4.66667, 43.84722 ], [ 4.6663, 43.84478 ], [ 4.66311, 43.84283 ], [ 4.65746, 43.84114 ], [ 4.65318, 43.84037 ], [ 4.65015, 43.83913 ], [ 4.65104, 43.83811 ], [ 4.64602, 43.83534 ], [ 4.64357, 43.83322 ], [ 4.64297, 43.83211 ], [ 4.64231, 43.83047 ], [ 4.64283, 43.82871 ], [ 4.64465, 43.82555 ], [ 4.64659, 43.82554 ], [ 4.64783, 43.82229 ], [ 4.65163, 43.81811 ], [ 4.65228, 43.81683 ], [ 4.65363, 43.81154 ], [ 4.65508, 43.80764 ], [ 4.65449, 43.80499 ], [ 4.65485, 43.80323 ], [ 4.65454, 43.79842 ], [ 4.6534, 43.79624 ], [ 4.65292, 43.78918 ], [ 4.65225, 43.78805 ], [ 4.65194, 43.78407 ], [ 4.65124, 43.78228 ], [ 4.64854, 43.77916 ], [ 4.64345, 43.77493 ], [ 4.64277, 43.77395 ], [ 4.63975, 43.77245 ], [ 4.63933, 43.77141 ], [ 4.63283, 43.76541 ], [ 4.63236, 43.76438 ], [ 4.62949, 43.76192 ], [ 4.62812, 43.75771 ], [ 4.62566, 43.74907 ], [ 4.62272, 43.74324 ], [ 4.61647, 43.73427 ], [ 4.61364, 43.72982 ], [ 4.61228, 43.72475 ], [ 4.61234, 43.71867 ], [ 4.61304, 43.71429 ], [ 4.61475, 43.70935 ], [ 4.61601, 43.70694 ], [ 4.62325, 43.69915 ], [ 4.62543, 43.6957 ], [ 4.62766, 43.69054 ], [ 4.62797, 43.68845 ], [ 4.62745, 43.68543 ], [ 4.6251, 43.68544 ], [ 4.62237, 43.68728 ], [ 4.61858, 43.68864 ], [ 4.61687, 43.68885 ], [ 4.61305, 43.68823 ], [ 4.60583, 43.68608 ], [ 4.60191, 43.68594 ], [ 4.59735, 43.68652 ], [ 4.59303, 43.68746 ], [ 4.58915, 43.6897 ], [ 4.58681, 43.69155 ], [ 4.5846, 43.69411 ], [ 4.58188, 43.69637 ], [ 4.5789, 43.69751 ], [ 4.57635, 43.69797 ], [ 4.56336, 43.69858 ], [ 4.55811, 43.6995 ], [ 4.55278, 43.70131 ], [ 4.54772, 43.70388 ], [ 4.54525, 43.70547 ], [ 4.53985, 43.70727 ], [ 4.53694, 43.70751 ], [ 4.533, 43.70665 ], [ 4.53166, 43.70599 ], [ 4.52701, 43.70262 ], [ 4.52439, 43.70213 ], [ 4.51596, 43.70229 ], [ 4.50368, 43.70226 ], [ 4.49627, 43.70168 ], [ 4.4912, 43.70056 ], [ 4.48642, 43.69885 ], [ 4.4813, 43.69444 ], [ 4.47865, 43.6913 ], [ 4.47771, 43.6896 ], [ 4.47567, 43.68446 ], [ 4.47637, 43.68149 ], [ 4.47843, 43.67685 ], [ 4.4784, 43.67424 ], [ 4.47747, 43.67251 ], [ 4.4755, 43.67109 ], [ 4.47049, 43.6697 ], [ 4.46464, 43.66914 ], [ 4.45796, 43.66801 ], [ 4.45424, 43.66663 ], [ 4.4513, 43.66413 ], [ 4.44703, 43.65871 ], [ 4.44472, 43.65475 ], [ 4.4408, 43.64905 ], [ 4.43821, 43.64438 ], [ 4.4343, 43.63355 ], [ 4.43182, 43.63014 ], [ 4.42845, 43.62772 ], [ 4.42617, 43.62448 ], [ 4.42609, 43.62231 ], [ 4.42704, 43.62068 ], [ 4.43165, 43.61623 ], [ 4.43684, 43.61235 ], [ 4.43975, 43.61067 ], [ 4.44388, 43.60996 ], [ 4.44836, 43.61029 ], [ 4.45453, 43.61139 ], [ 4.46222, 43.61489 ], [ 4.46681, 43.61521 ], [ 4.46961, 43.61413 ], [ 4.47252, 43.61204 ], [ 4.47523, 43.6083 ], [ 4.4753, 43.6065 ], [ 4.47414, 43.60386 ], [ 4.47242, 43.60254 ], [ 4.46927, 43.60094 ], [ 4.46679, 43.59914 ], [ 4.46289, 43.59205 ], [ 4.46068, 43.58926 ], [ 4.45549, 43.5859 ], [ 4.45227, 43.58424 ], [ 4.44889, 43.58344 ], [ 4.44701, 43.58303 ], [ 4.44331, 43.58314 ], [ 4.43385, 43.5853 ], [ 4.42847, 43.58567 ], [ 4.42554, 43.58522 ], [ 4.42, 43.58258 ], [ 4.41444, 43.57936 ], [ 4.40857, 43.57671 ], [ 4.40441, 43.57437 ], [ 4.40294, 43.57299 ], [ 4.40422, 43.57202 ], [ 4.40633, 43.57203 ], [ 4.40894, 43.57271 ], [ 4.41204, 43.57296 ], [ 4.41532, 43.57254 ], [ 4.41659, 43.57134 ], [ 4.41675, 43.56918 ], [ 4.4158, 43.56668 ], [ 4.41387, 43.5646 ], [ 4.40935, 43.56113 ], [ 4.40557, 43.55953 ], [ 4.40383, 43.55925 ], [ 4.40065, 43.55957 ], [ 4.39764, 43.5606 ], [ 4.39376, 43.56132 ], [ 4.38985, 43.56243 ], [ 4.38741, 43.5622 ], [ 4.38694, 43.55945 ], [ 4.38592, 43.55701 ], [ 4.38413, 43.55478 ], [ 4.38166, 43.553 ], [ 4.37293, 43.54976 ], [ 4.36873, 43.54802 ], [ 4.36514, 43.54716 ], [ 4.35942, 43.547 ], [ 4.35365, 43.54739 ], [ 4.35037, 43.54675 ], [ 4.3495, 43.54496 ], [ 4.34923, 43.54254 ], [ 4.34738, 43.54224 ], [ 4.34432, 43.5401 ], [ 4.3383, 43.53703 ], [ 4.33414, 43.53545 ], [ 4.33058, 43.5362 ], [ 4.32512, 43.5394 ], [ 4.32157, 43.54102 ], [ 4.31795, 43.54313 ], [ 4.31608, 43.54488 ], [ 4.3157, 43.5467 ], [ 4.31697, 43.54864 ], [ 4.32236, 43.55193 ], [ 4.32287, 43.55431 ], [ 4.32072, 43.55628 ], [ 4.31852, 43.55732 ], [ 4.31399, 43.55557 ], [ 4.31721, 43.55348 ], [ 4.31714, 43.55215 ], [ 4.31543, 43.55107 ], [ 4.31138, 43.55133 ], [ 4.30811, 43.54804 ], [ 4.3079, 43.5452 ], [ 4.31375, 43.5383 ], [ 4.31673, 43.53407 ], [ 4.31828, 43.53262 ], [ 4.32271, 43.53044 ], [ 4.32467, 43.5282 ], [ 4.3205, 43.52549 ], [ 4.31664, 43.52461 ], [ 4.31433, 43.52458 ], [ 4.31094, 43.52518 ], [ 4.30883, 43.52447 ], [ 4.30665, 43.52197 ], [ 4.30232, 43.5185 ], [ 4.29769, 43.51533 ], [ 4.29585, 43.51453 ], [ 4.288, 43.51339 ], [ 4.27765, 43.50961 ], [ 4.27141, 43.50807 ], [ 4.26326, 43.50818 ], [ 4.25864, 43.50754 ], [ 4.25414, 43.50499 ], [ 4.24615, 43.50193 ], [ 4.24423, 43.50146 ], [ 4.23968, 43.49917 ], [ 4.23793, 43.49708 ], [ 4.23941, 43.49376 ], [ 4.23593, 43.48774 ], [ 4.23208, 43.48179 ], [ 4.23062, 43.47875 ], [ 4.2323, 43.47438 ], [ 4.23162, 43.472 ], [ 4.23028, 43.46019 ], [ 4.23559, 43.46 ], [ 4.25132, 43.45887 ], [ 4.26125, 43.45835 ], [ 4.27464, 43.45785 ], [ 4.27809, 43.45744 ], [ 4.28309, 43.45726 ], [ 4.28621, 43.45676 ], [ 4.28878, 43.45716 ], [ 4.29699, 43.45706 ], [ 4.29952, 43.45683 ], [ 4.3097, 43.45665 ], [ 4.31665, 43.45587 ], [ 4.32697, 43.45551 ], [ 4.33943, 43.45479 ], [ 4.34078, 43.45454 ], [ 4.34973, 43.45411 ], [ 4.35372, 43.45363 ], [ 4.35971, 43.45326 ], [ 4.37471, 43.45281 ], [ 4.38204, 43.45227 ], [ 4.38764, 43.4514 ], [ 4.39388, 43.44958 ], [ 4.39899, 43.44728 ], [ 4.40133, 43.44683 ], [ 4.40459, 43.44812 ], [ 4.4106, 43.44864 ], [ 4.41739, 43.44857 ], [ 4.42103, 43.44798 ], [ 4.42255, 43.44966 ], [ 4.42372, 43.44885 ], [ 4.42806, 43.44921 ], [ 4.43181, 43.4499 ], [ 4.43392, 43.45084 ], [ 4.43728, 43.45109 ], [ 4.43555, 43.45246 ], [ 4.44035, 43.45484 ], [ 4.44525, 43.45456 ], [ 4.44671, 43.45575 ], [ 4.45039, 43.45641 ], [ 4.45793, 43.45692 ], [ 4.46527, 43.45716 ], [ 4.47161, 43.45695 ], [ 4.49051, 43.45667 ], [ 4.50241, 43.45591 ], [ 4.51362, 43.45506 ], [ 4.5191, 43.45437 ], [ 4.52748, 43.45292 ], [ 4.5307, 43.45257 ], [ 4.54729, 43.44862 ], [ 4.55492, 43.44622 ], [ 4.5621, 43.44325 ], [ 4.57317, 43.43735 ], [ 4.57721, 43.4347 ], [ 4.58204, 43.43056 ], [ 4.58504, 43.42713 ], [ 4.5881, 43.42271 ], [ 4.59057, 43.41774 ], [ 4.59214, 43.41317 ], [ 4.59296, 43.40994 ], [ 4.59255, 43.4068 ], [ 4.59502, 43.40642 ], [ 4.59271, 43.40625 ], [ 4.59103, 43.40368 ], [ 4.5877, 43.40071 ], [ 4.58212, 43.39747 ], [ 4.58034, 43.39727 ], [ 4.57437, 43.39387 ], [ 4.56737, 43.39087 ], [ 4.5657, 43.39339 ], [ 4.56272, 43.39225 ], [ 4.55907, 43.38929 ], [ 4.55743, 43.38832 ], [ 4.55616, 43.3854 ], [ 4.55561, 43.38282 ], [ 4.55623, 43.38 ], [ 4.55819, 43.37686 ], [ 4.5628, 43.37214 ], [ 4.56746, 43.36896 ], [ 4.57256, 43.36599 ], [ 4.57792, 43.36341 ], [ 4.5858, 43.36007 ], [ 4.59597, 43.35703 ], [ 4.6131, 43.35377 ], [ 4.62427, 43.35253 ], [ 4.62717, 43.35193 ], [ 4.63809, 43.351 ], [ 4.63789, 43.35022 ], [ 4.64238, 43.35036 ], [ 4.64342, 43.34939 ], [ 4.64489, 43.34994 ], [ 4.6488, 43.34885 ], [ 4.65296, 43.34815 ], [ 4.65913, 43.34625 ], [ 4.66426, 43.34682 ], [ 4.67105, 43.3468 ], [ 4.67667, 43.34602 ], [ 4.6807, 43.34575 ], [ 4.68687, 43.34746 ], [ 4.69222, 43.34822 ], [ 4.70223, 43.34877 ], [ 4.7057, 43.3478 ], [ 4.7126, 43.349 ], [ 4.71378, 43.34898 ], [ 4.71774, 43.35031 ], [ 4.73088, 43.35067 ], [ 4.73787, 43.35068 ], [ 4.75368, 43.35034 ], [ 4.75879, 43.35004 ], [ 4.76535, 43.34928 ], [ 4.77376, 43.3485 ], [ 4.78336, 43.34719 ], [ 4.79502, 43.345 ], [ 4.80197, 43.34315 ], [ 4.81367, 43.33963 ], [ 4.82319, 43.33596 ], [ 4.82957, 43.33215 ], [ 4.83257, 43.33061 ], [ 4.83386, 43.32905 ], [ 4.83549, 43.32875 ], [ 4.83873, 43.32914 ], [ 4.84121, 43.33087 ], [ 4.84446, 43.33233 ], [ 4.84814, 43.33367 ], [ 4.85187, 43.33235 ], [ 4.85505, 43.33262 ], [ 4.86026, 43.3363 ], [ 4.86182, 43.33802 ], [ 4.86838, 43.34319 ], [ 4.87093, 43.34484 ], [ 4.87757, 43.34852 ], [ 4.88061, 43.35103 ], [ 4.89253, 43.36016 ], [ 4.89638, 43.36262 ], [ 4.90813, 43.37149 ], [ 4.91276, 43.37443 ], [ 4.91611, 43.37695 ], [ 4.91753, 43.37989 ], [ 4.91667, 43.38153 ], [ 4.91648, 43.38386 ], [ 4.91176, 43.38757 ], [ 4.91113, 43.38715 ], [ 4.912, 43.3847 ], [ 4.91358, 43.38286 ], [ 4.91225, 43.37955 ], [ 4.90938, 43.37712 ], [ 4.90877, 43.37471 ], [ 4.90394, 43.37222 ], [ 4.90223, 43.37099 ], [ 4.89769, 43.36973 ], [ 4.89486, 43.36933 ], [ 4.89113, 43.36783 ], [ 4.89017, 43.36535 ], [ 4.88296, 43.3637 ], [ 4.88295, 43.36222 ], [ 4.88457, 43.35853 ], [ 4.88305, 43.3565 ], [ 4.87967, 43.35649 ], [ 4.87992, 43.35899 ], [ 4.87322, 43.36113 ], [ 4.8728, 43.36294 ], [ 4.87069, 43.36402 ], [ 4.87025, 43.36538 ], [ 4.86846, 43.36686 ], [ 4.86799, 43.36854 ], [ 4.86674, 43.36961 ], [ 4.86478, 43.36884 ], [ 4.86603, 43.36746 ], [ 4.86468, 43.36502 ], [ 4.86207, 43.36899 ], [ 4.86057, 43.37005 ], [ 4.8591, 43.36721 ], [ 4.85694, 43.37092 ], [ 4.85479, 43.37176 ], [ 4.85165, 43.37607 ], [ 4.84773, 43.37106 ], [ 4.84635, 43.37307 ], [ 4.84373, 43.37444 ], [ 4.84236, 43.37581 ], [ 4.83435, 43.3751 ], [ 4.83447, 43.37613 ], [ 4.84116, 43.3767 ], [ 4.84338, 43.37814 ], [ 4.8484, 43.37857 ], [ 4.84948, 43.38002 ], [ 4.84909, 43.38319 ], [ 4.85036, 43.38383 ], [ 4.85266, 43.38343 ], [ 4.85511, 43.38788 ], [ 4.85411, 43.38861 ], [ 4.87183, 43.39004 ], [ 4.87179, 43.39036 ], [ 4.85385, 43.38882 ], [ 4.85152, 43.3902 ], [ 4.85449, 43.39048 ], [ 4.85335, 43.39173 ], [ 4.8527, 43.39412 ], [ 4.85154, 43.3938 ], [ 4.84866, 43.39159 ], [ 4.84465, 43.39378 ], [ 4.84224, 43.39583 ], [ 4.84118, 43.39461 ], [ 4.83868, 43.39453 ], [ 4.83699, 43.39759 ], [ 4.83586, 43.39804 ], [ 4.83987, 43.40159 ], [ 4.84154, 43.4036 ], [ 4.8451, 43.402 ], [ 4.85001, 43.39883 ], [ 4.85036, 43.39804 ], [ 4.85327, 43.39849 ], [ 4.85642, 43.40049 ], [ 4.85877, 43.40102 ], [ 4.86147, 43.40077 ], [ 4.84202, 43.41353 ], [ 4.83966, 43.41426 ], [ 4.83992, 43.41512 ], [ 4.82497, 43.42393 ], [ 4.82444, 43.42439 ], [ 4.82841, 43.42768 ], [ 4.8285, 43.42976 ], [ 4.82986, 43.42977 ], [ 4.83032, 43.42774 ], [ 4.84607, 43.41781 ], [ 4.85004, 43.41713 ], [ 4.85194, 43.41549 ], [ 4.85264, 43.41346 ], [ 4.86426, 43.40622 ], [ 4.8658, 43.40464 ], [ 4.86685, 43.40468 ], [ 4.87167, 43.40871 ], [ 4.87731, 43.41051 ], [ 4.87393, 43.4174 ], [ 4.87132, 43.4215 ], [ 4.85889, 43.44169 ], [ 4.85356, 43.44577 ], [ 4.85025, 43.4508 ], [ 4.86083, 43.45398 ], [ 4.86209, 43.45184 ], [ 4.86044, 43.45084 ], [ 4.86226, 43.44819 ], [ 4.86494, 43.44184 ], [ 4.86572, 43.43937 ], [ 4.86603, 43.43511 ], [ 4.86741, 43.43233 ], [ 4.86911, 43.43218 ], [ 4.87235, 43.43274 ], [ 4.87287, 43.43052 ], [ 4.87547, 43.4261 ], [ 4.87783, 43.42595 ], [ 4.87815, 43.42496 ], [ 4.88222, 43.41928 ], [ 4.88396, 43.41951 ], [ 4.8862, 43.4241 ], [ 4.88846, 43.42657 ], [ 4.8916, 43.42758 ], [ 4.89282, 43.42876 ], [ 4.89549, 43.42776 ], [ 4.9015, 43.42947 ], [ 4.90342, 43.42966 ], [ 4.90304, 43.42799 ], [ 4.89658, 43.42621 ], [ 4.89205, 43.4233 ], [ 4.88884, 43.42023 ], [ 4.88843, 43.41698 ], [ 4.88683, 43.41474 ], [ 4.88472, 43.41372 ], [ 4.88677, 43.41288 ], [ 4.8935, 43.40412 ], [ 4.89419, 43.40447 ], [ 4.88841, 43.41216 ], [ 4.89054, 43.41413 ], [ 4.89543, 43.41652 ], [ 4.89992, 43.41714 ], [ 4.90294, 43.41807 ], [ 4.90635, 43.41974 ], [ 4.90691, 43.42123 ], [ 4.90874, 43.42242 ], [ 4.90934, 43.42497 ], [ 4.9106, 43.42728 ], [ 4.91334, 43.42862 ], [ 4.91933, 43.43091 ], [ 4.92787, 43.43203 ], [ 4.93138, 43.43316 ], [ 4.93879, 43.43155 ], [ 4.94035, 43.4293 ], [ 4.93815, 43.42807 ], [ 4.93875, 43.42658 ], [ 4.94147, 43.42687 ], [ 4.94122, 43.42826 ], [ 4.9438, 43.42891 ], [ 4.94944, 43.42922 ], [ 4.96771, 43.4261 ], [ 4.97, 43.42488 ], [ 4.97222, 43.42187 ], [ 4.97368, 43.42002 ], [ 4.97391, 43.41686 ], [ 4.97163, 43.41566 ], [ 4.9724, 43.41307 ], [ 4.97575, 43.41092 ], [ 4.97668, 43.4081 ], [ 4.97764, 43.4074 ], [ 4.97763, 43.40584 ], [ 4.97657, 43.40415 ], [ 4.97382, 43.40215 ], [ 4.97477, 43.40122 ], [ 4.97806, 43.40015 ], [ 4.98072, 43.39748 ], [ 4.98248, 43.3968 ], [ 4.98316, 43.40381 ], [ 4.98623, 43.40343 ], [ 4.98633, 43.40554 ], [ 4.98772, 43.40652 ], [ 4.98744, 43.40263 ], [ 4.98895, 43.40215 ], [ 4.98925, 43.40462 ], [ 4.99151, 43.40347 ], [ 4.99551, 43.40348 ], [ 4.99744, 43.40123 ], [ 5.00107, 43.39822 ], [ 4.99458, 43.394 ], [ 4.9931, 43.39534 ], [ 4.99147, 43.39506 ], [ 4.9896, 43.39294 ], [ 4.98851, 43.39355 ], [ 4.98685, 43.39224 ], [ 4.98866, 43.39121 ], [ 4.99227, 43.38762 ], [ 4.99016, 43.38753 ], [ 4.98999, 43.38645 ], [ 4.99155, 43.38551 ], [ 4.99289, 43.38629 ], [ 4.99386, 43.3846 ], [ 4.99689, 43.38336 ], [ 4.99776, 43.38068 ], [ 5.00112, 43.37936 ], [ 5.00032, 43.37804 ], [ 5.00014, 43.376 ], [ 5.00237, 43.37454 ], [ 5.00672, 43.37268 ], [ 5.00866, 43.36903 ], [ 5.01435, 43.3693 ], [ 5.0114, 43.36803 ], [ 5.01205, 43.36616 ], [ 5.01113, 43.36483 ], [ 5.01308, 43.36416 ], [ 5.01264, 43.36259 ], [ 5.01706, 43.35948 ], [ 5.01813, 43.35705 ], [ 5.02293, 43.35546 ], [ 5.02528, 43.35553 ], [ 5.02583, 43.35246 ], [ 5.02377, 43.35224 ], [ 5.02154, 43.34904 ], [ 5.0232, 43.34752 ], [ 5.02552, 43.34725 ], [ 5.02472, 43.34556 ], [ 5.01804, 43.34675 ], [ 5.01953, 43.3441 ], [ 5.01988, 43.34233 ], [ 5.02369, 43.33905 ], [ 5.02733, 43.33806 ], [ 5.02938, 43.33544 ], [ 5.03253, 43.33276 ], [ 5.03416, 43.33213 ], [ 5.03791, 43.32903 ], [ 5.03951, 43.32863 ], [ 5.04104, 43.32729 ], [ 5.04258, 43.33107 ], [ 5.04413, 43.32888 ], [ 5.047, 43.32922 ], [ 5.0484, 43.33175 ], [ 5.05, 43.3318 ], [ 5.05094, 43.33052 ], [ 5.05011, 43.32855 ], [ 5.04822, 43.32644 ], [ 5.05019, 43.32495 ], [ 5.05391, 43.32427 ], [ 5.05448, 43.3257 ], [ 5.05838, 43.32768 ], [ 5.06002, 43.32683 ], [ 5.06096, 43.32874 ], [ 5.06055, 43.33042 ], [ 5.06243, 43.3311 ], [ 5.0639, 43.33057 ], [ 5.06596, 43.33141 ], [ 5.06945, 43.33192 ], [ 5.07123, 43.33039 ], [ 5.07046, 43.32864 ], [ 5.07562, 43.32808 ], [ 5.07843, 43.32877 ], [ 5.08159, 43.32788 ], [ 5.08443, 43.32916 ], [ 5.08497, 43.33041 ], [ 5.08743, 43.33112 ], [ 5.08846, 43.33253 ], [ 5.09239, 43.33208 ], [ 5.09377, 43.33133 ], [ 5.09515, 43.3289 ], [ 5.0987, 43.3281 ], [ 5.09979, 43.32906 ], [ 5.10702, 43.32933 ], [ 5.10905, 43.33059 ], [ 5.11082, 43.32893 ], [ 5.11543, 43.32867 ], [ 5.11713, 43.32805 ], [ 5.12259, 43.32845 ], [ 5.1235, 43.32942 ], [ 5.12565, 43.32837 ], [ 5.12657, 43.32953 ], [ 5.12856, 43.32826 ], [ 5.13272, 43.32793 ], [ 5.13519, 43.32922 ], [ 5.13561, 43.32853 ], [ 5.1387, 43.32756 ], [ 5.14068, 43.32918 ], [ 5.14179, 43.32914 ], [ 5.14438, 43.32652 ], [ 5.15038, 43.32664 ], [ 5.1519, 43.33037 ], [ 5.15607, 43.32735 ], [ 5.15923, 43.32722 ], [ 5.15979, 43.32879 ], [ 5.16278, 43.32695 ], [ 5.16504, 43.32757 ], [ 5.16551, 43.32856 ], [ 5.16876, 43.32811 ], [ 5.17045, 43.32964 ], [ 5.17162, 43.33241 ], [ 5.17337, 43.33403 ], [ 5.17536, 43.33425 ], [ 5.17748, 43.33362 ], [ 5.17861, 43.33133 ], [ 5.18182, 43.33152 ], [ 5.18477, 43.33249 ], [ 5.18564, 43.33147 ], [ 5.1916, 43.32952 ], [ 5.19424, 43.33071 ], [ 5.19482, 43.33002 ], [ 5.19744, 43.33184 ], [ 5.1988, 43.33199 ], [ 5.20124, 43.33112 ], [ 5.20652, 43.33062 ], [ 5.20787, 43.32924 ], [ 5.21469, 43.32979 ], [ 5.21869, 43.33109 ], [ 5.22051, 43.33022 ], [ 5.21985, 43.32812 ], [ 5.2241, 43.32819 ], [ 5.22686, 43.32889 ], [ 5.22938, 43.32873 ], [ 5.23009, 43.32957 ], [ 5.23328, 43.33048 ], [ 5.23619, 43.33076 ], [ 5.23717, 43.33172 ], [ 5.23961, 43.33127 ], [ 5.24107, 43.33199 ], [ 5.24331, 43.33139 ], [ 5.24358, 43.33279 ], [ 5.24669, 43.33374 ], [ 5.25137, 43.33573 ], [ 5.2555, 43.33819 ], [ 5.25595, 43.33737 ], [ 5.25861, 43.33771 ], [ 5.25777, 43.33927 ], [ 5.25999, 43.33929 ], [ 5.26144, 43.3412 ], [ 5.26271, 43.34179 ], [ 5.26523, 43.34163 ], [ 5.26568, 43.34334 ], [ 5.26886, 43.34392 ], [ 5.27132, 43.34504 ], [ 5.27507, 43.34863 ], [ 5.27891, 43.35038 ], [ 5.27896, 43.35119 ], [ 5.28225, 43.35365 ], [ 5.28531, 43.35503 ], [ 5.28673, 43.35499 ], [ 5.28806, 43.35689 ], [ 5.29352, 43.3585 ], [ 5.29596, 43.35822 ], [ 5.29647, 43.35956 ], [ 5.30829, 43.3614 ], [ 5.3142, 43.36003 ], [ 5.31743, 43.35891 ], [ 5.31881, 43.35703 ], [ 5.322, 43.3555 ], [ 5.32262, 43.35423 ], [ 5.31674, 43.35645 ], [ 5.31412, 43.35455 ], [ 5.31571, 43.35297 ], [ 5.31731, 43.35509 ], [ 5.32188, 43.35276 ], [ 5.32418, 43.3544 ], [ 5.32694, 43.35327 ], [ 5.32625, 43.35238 ], [ 5.33067, 43.35006 ], [ 5.33192, 43.35002 ], [ 5.34102, 43.34479 ], [ 5.33953, 43.34318 ], [ 5.34057, 43.34269 ], [ 5.33924, 43.34116 ], [ 5.33625, 43.34291 ], [ 5.33192, 43.34486 ], [ 5.32929, 43.34563 ], [ 5.32829, 43.34475 ], [ 5.33755, 43.33952 ], [ 5.34318, 43.3391 ], [ 5.34552, 43.33627 ], [ 5.3416, 43.3364 ], [ 5.34277, 43.3351 ], [ 5.35107, 43.33471 ], [ 5.35253, 43.33282 ], [ 5.34501, 43.33319 ], [ 5.34587, 43.3319 ], [ 5.34978, 43.33177 ], [ 5.3498, 43.32948 ], [ 5.35329, 43.32501 ], [ 5.35167, 43.32414 ], [ 5.35239, 43.32309 ], [ 5.35577, 43.32446 ], [ 5.35693, 43.32293 ], [ 5.35434, 43.32165 ], [ 5.35507, 43.32082 ], [ 5.35798, 43.3221 ], [ 5.35883, 43.32321 ], [ 5.35738, 43.3251 ], [ 5.35867, 43.32574 ], [ 5.36206, 43.32196 ], [ 5.36214, 43.32093 ], [ 5.35927, 43.32022 ], [ 5.35652, 43.31905 ], [ 5.35725, 43.31811 ], [ 5.36088, 43.31834 ], [ 5.36132, 43.31774 ], [ 5.35808, 43.31636 ], [ 5.3588, 43.31531 ], [ 5.36075, 43.31628 ], [ 5.36406, 43.3141 ], [ 5.36034, 43.31239 ], [ 5.36123, 43.31133 ], [ 5.36441, 43.31214 ], [ 5.36224, 43.30511 ], [ 5.36408, 43.30425 ], [ 5.36134, 43.30319 ], [ 5.36076, 43.30138 ], [ 5.36248, 43.30132 ], [ 5.36248, 43.29902 ], [ 5.35942, 43.29764 ], [ 5.36024, 43.29567 ], [ 5.36316, 43.29477 ], [ 5.36634, 43.29547 ], [ 5.37266, 43.29605 ], [ 5.37348, 43.29418 ], [ 5.36887, 43.29308 ], [ 5.36475, 43.29265 ], [ 5.3613, 43.29277 ], [ 5.35861, 43.29481 ], [ 5.35753, 43.29507 ], [ 5.35415, 43.29375 ], [ 5.35328, 43.29252 ], [ 5.35499, 43.29103 ], [ 5.35442, 43.28926 ], [ 5.35207, 43.28814 ], [ 5.34969, 43.28595 ], [ 5.34915, 43.2839 ], [ 5.34663, 43.28279 ], [ 5.34546, 43.28161 ], [ 5.3476, 43.28024 ], [ 5.35012, 43.27982 ], [ 5.35326, 43.27996 ], [ 5.35326, 43.27869 ], [ 5.35826, 43.27613 ], [ 5.36013, 43.27442 ], [ 5.36167, 43.27401 ], [ 5.36308, 43.27037 ], [ 5.36737, 43.2689 ], [ 5.37019, 43.26747 ], [ 5.37088, 43.26597 ], [ 5.3687, 43.266 ], [ 5.3677, 43.26431 ], [ 5.37084, 43.26305 ], [ 5.37225, 43.26144 ], [ 5.37148, 43.25992 ], [ 5.3728, 43.25908 ], [ 5.37473, 43.25952 ], [ 5.37552, 43.25811 ], [ 5.37605, 43.25516 ], [ 5.37482, 43.25519 ], [ 5.37455, 43.25322 ], [ 5.37332, 43.25208 ], [ 5.37518, 43.25131 ], [ 5.37473, 43.24844 ], [ 5.37252, 43.24508 ], [ 5.37053, 43.24446 ], [ 5.36978, 43.24565 ], [ 5.36705, 43.24518 ], [ 5.36862, 43.2441 ], [ 5.36691, 43.24242 ], [ 5.36505, 43.2423 ], [ 5.36253, 43.24307 ], [ 5.36216, 43.23973 ], [ 5.36132, 43.23791 ], [ 5.36026, 43.23757 ], [ 5.35943, 43.23574 ], [ 5.35572, 43.23292 ], [ 5.35271, 43.23309 ], [ 5.35006, 43.23203 ], [ 5.34797, 43.22948 ], [ 5.34797, 43.22709 ], [ 5.34637, 43.22596 ], [ 5.34467, 43.22146 ], [ 5.34484, 43.21885 ], [ 5.3458, 43.21688 ], [ 5.34252, 43.21684 ], [ 5.34053, 43.21373 ], [ 5.34182, 43.21257 ], [ 5.34512, 43.21213 ], [ 5.34713, 43.2127 ], [ 5.35062, 43.21112 ], [ 5.35284, 43.21129 ], [ 5.35358, 43.21 ], [ 5.35676, 43.20835 ], [ 5.36043, 43.2091 ], [ 5.3634, 43.20718 ], [ 5.36864, 43.20726 ], [ 5.37246, 43.2086 ], [ 5.37357, 43.20848 ], [ 5.37566, 43.20978 ], [ 5.37996, 43.21046 ], [ 5.38223, 43.20951 ], [ 5.38739, 43.21026 ], [ 5.38988, 43.21205 ], [ 5.39391, 43.21252 ], [ 5.39711, 43.21243 ], [ 5.39868, 43.21294 ], [ 5.40446, 43.21292 ], [ 5.40545, 43.21184 ], [ 5.40817, 43.21191 ], [ 5.40897, 43.21081 ], [ 5.41196, 43.20893 ], [ 5.416, 43.20723 ], [ 5.41772, 43.20732 ], [ 5.4224, 43.20495 ], [ 5.42689, 43.20347 ], [ 5.42623, 43.20515 ], [ 5.423, 43.20826 ], [ 5.4203, 43.20964 ], [ 5.42091, 43.21053 ], [ 5.42427, 43.21025 ], [ 5.42662, 43.20919 ], [ 5.42908, 43.20918 ], [ 5.43199, 43.20824 ], [ 5.4325, 43.20737 ], [ 5.43675, 43.20617 ], [ 5.43882, 43.20711 ], [ 5.43982, 43.20613 ], [ 5.4444, 43.20429 ], [ 5.44679, 43.20522 ], [ 5.44899, 43.20258 ], [ 5.45099, 43.20299 ], [ 5.4545, 43.20204 ], [ 5.45422, 43.20357 ], [ 5.45264, 43.20389 ], [ 5.45081, 43.20551 ], [ 5.44697, 43.20742 ], [ 5.44772, 43.2088 ], [ 5.4452, 43.21116 ], [ 5.44717, 43.21138 ], [ 5.44829, 43.21013 ], [ 5.45354, 43.20954 ], [ 5.45733, 43.21132 ], [ 5.45893, 43.21119 ], [ 5.46071, 43.20987 ], [ 5.46273, 43.20973 ], [ 5.46438, 43.20834 ], [ 5.46896, 43.2087 ], [ 5.47079, 43.20739 ], [ 5.47023, 43.20592 ], [ 5.47367, 43.20587 ], [ 5.47807, 43.20395 ], [ 5.48072, 43.20518 ], [ 5.48339, 43.20582 ], [ 5.48475, 43.20452 ], [ 5.48973, 43.20331 ], [ 5.49152, 43.20245 ], [ 5.49288, 43.20353 ], [ 5.49486, 43.20257 ], [ 5.49444, 43.20052 ], [ 5.49693, 43.19855 ], [ 5.49987, 43.19689 ], [ 5.50439, 43.19875 ], [ 5.50221, 43.19953 ], [ 5.50277, 43.20073 ], [ 5.50536, 43.19944 ], [ 5.50834, 43.20129 ], [ 5.50921, 43.19781 ], [ 5.51019, 43.19789 ], [ 5.51075, 43.1991 ], [ 5.5134, 43.20128 ], [ 5.51235, 43.20276 ], [ 5.51258, 43.20469 ], [ 5.51576, 43.20303 ], [ 5.51807, 43.20471 ], [ 5.52011, 43.20497 ], [ 5.52353, 43.20682 ], [ 5.52478, 43.20813 ], [ 5.53021, 43.21072 ], [ 5.53122, 43.21258 ], [ 5.53569, 43.21417 ], [ 5.53519, 43.21296 ], [ 5.53806, 43.21234 ], [ 5.53925, 43.2106 ], [ 5.5394, 43.20878 ], [ 5.54173, 43.20976 ], [ 5.54514, 43.21034 ], [ 5.54512, 43.20844 ], [ 5.54921, 43.20802 ], [ 5.54977, 43.20674 ], [ 5.54872, 43.20555 ], [ 5.54887, 43.20285 ], [ 5.54731, 43.19893 ], [ 5.54797, 43.19603 ], [ 5.55023, 43.19245 ], [ 5.55292, 43.1899 ], [ 5.55555, 43.18838 ], [ 5.55881, 43.18482 ], [ 5.5641, 43.18039 ], [ 5.56467, 43.17938 ], [ 5.56736, 43.17805 ], [ 5.56902, 43.17665 ], [ 5.56929, 43.17488 ], [ 5.57149, 43.17356 ], [ 5.575, 43.17233 ], [ 5.57914, 43.17148 ], [ 5.58115, 43.16999 ], [ 5.58575, 43.16837 ], [ 5.58821, 43.16857 ], [ 5.58973, 43.16699 ], [ 5.59241, 43.16524 ], [ 5.59445, 43.16442 ], [ 5.59612, 43.16469 ], [ 5.59875, 43.16421 ], [ 5.60414, 43.16035 ], [ 5.60722, 43.1604 ], [ 5.60758, 43.16359 ], [ 5.60578, 43.16567 ], [ 5.6081, 43.16646 ], [ 5.61051, 43.16557 ], [ 5.61464, 43.1692 ], [ 5.61349, 43.17067 ], [ 5.61007, 43.16753 ], [ 5.60813, 43.16935 ], [ 5.61034, 43.17134 ], [ 5.60768, 43.17143 ], [ 5.60627, 43.1725 ], [ 5.60704, 43.1741 ], [ 5.60868, 43.17383 ], [ 5.61077, 43.1726 ], [ 5.61156, 43.17821 ], [ 5.6132, 43.18108 ], [ 5.61461, 43.18095 ], [ 5.61517, 43.18233 ], [ 5.62166, 43.18615 ], [ 5.62417, 43.18698 ], [ 5.62713, 43.18694 ], [ 5.62898, 43.18612 ], [ 5.63048, 43.18648 ], [ 5.63342, 43.18841 ], [ 5.63832, 43.18918 ], [ 5.64287, 43.18905 ], [ 5.64635, 43.1874 ], [ 5.64761, 43.18805 ], [ 5.65113, 43.18817 ], [ 5.6535, 43.18643 ], [ 5.65757, 43.18437 ], [ 5.66015, 43.18186 ], [ 5.66299, 43.1821 ], [ 5.66382, 43.18158 ], [ 5.66673, 43.18218 ], [ 5.66883, 43.1798 ], [ 5.67188, 43.17927 ], [ 5.67401, 43.17781 ], [ 5.67697, 43.1789 ], [ 5.67934, 43.17846 ], [ 5.68124, 43.1794 ], [ 5.68459, 43.18006 ], [ 5.68674, 43.17968 ], [ 5.68958, 43.17766 ], [ 5.69244, 43.17487 ], [ 5.69461, 43.17179 ], [ 5.69511, 43.16989 ], [ 5.69421, 43.1682 ], [ 5.6941, 43.16622 ], [ 5.69002, 43.16346 ], [ 5.68551, 43.16211 ], [ 5.68279, 43.16079 ], [ 5.68396, 43.15949 ], [ 5.68391, 43.15779 ], [ 5.68219, 43.15545 ], [ 5.68584, 43.15471 ], [ 5.68753, 43.153 ], [ 5.69172, 43.15211 ], [ 5.69474, 43.14878 ], [ 5.69344, 43.14755 ], [ 5.69488, 43.14359 ], [ 5.69682, 43.14326 ], [ 5.69845, 43.14375 ], [ 5.70194, 43.14347 ], [ 5.70469, 43.14519 ], [ 5.70743, 43.14465 ], [ 5.70734, 43.14636 ], [ 5.70981, 43.14661 ], [ 5.7093, 43.14522 ], [ 5.71222, 43.14465 ], [ 5.71254, 43.14581 ], [ 5.71498, 43.14682 ], [ 5.71604, 43.14804 ], [ 5.71764, 43.14705 ], [ 5.71996, 43.14661 ], [ 5.72089, 43.14461 ], [ 5.72089, 43.14122 ], [ 5.72191, 43.14069 ], [ 5.72411, 43.13618 ], [ 5.72591, 43.13653 ], [ 5.72805, 43.13516 ], [ 5.73263, 43.13555 ], [ 5.73401, 43.13628 ], [ 5.7372, 43.13596 ], [ 5.73851, 43.13425 ], [ 5.7405, 43.13352 ], [ 5.74199, 43.13488 ], [ 5.74719, 43.13426 ], [ 5.74928, 43.13546 ], [ 5.75035, 43.13462 ], [ 5.7494, 43.13095 ], [ 5.7523, 43.13014 ], [ 5.75271, 43.13382 ], [ 5.75456, 43.13526 ], [ 5.7567, 43.13603 ], [ 5.75764, 43.13525 ], [ 5.75973, 43.13631 ], [ 5.76131, 43.13604 ], [ 5.76258, 43.13772 ], [ 5.76628, 43.13904 ], [ 5.77033, 43.13901 ], [ 5.77546, 43.13732 ], [ 5.77908, 43.13478 ], [ 5.78101, 43.13093 ], [ 5.78096, 43.13012 ], [ 5.77827, 43.12822 ], [ 5.77615, 43.12776 ], [ 5.77341, 43.12599 ], [ 5.77347, 43.12374 ], [ 5.77721, 43.12245 ], [ 5.77543, 43.12052 ], [ 5.77369, 43.12012 ], [ 5.76966, 43.11728 ], [ 5.76665, 43.11624 ], [ 5.76734, 43.11554 ], [ 5.77071, 43.11643 ], [ 5.77702, 43.11696 ], [ 5.77747, 43.11641 ], [ 5.7832, 43.11646 ], [ 5.7855, 43.11598 ], [ 5.78867, 43.11638 ], [ 5.79004, 43.11458 ], [ 5.78869, 43.11367 ], [ 5.79102, 43.11242 ], [ 5.79834, 43.11477 ], [ 5.79968, 43.11568 ], [ 5.80072, 43.11753 ], [ 5.80321, 43.11705 ], [ 5.80229, 43.11604 ], [ 5.80655, 43.11424 ], [ 5.80726, 43.11572 ], [ 5.80886, 43.11477 ], [ 5.81118, 43.11235 ], [ 5.81394, 43.10677 ], [ 5.81344, 43.10557 ], [ 5.80914, 43.10142 ], [ 5.80599, 43.10112 ], [ 5.80526, 43.0997 ], [ 5.80866, 43.09851 ], [ 5.81176, 43.098 ], [ 5.8125, 43.09587 ], [ 5.81127, 43.09266 ], [ 5.80824, 43.09239 ], [ 5.80892, 43.09102 ], [ 5.80787, 43.08998 ], [ 5.808, 43.087 ], [ 5.80597, 43.08607 ], [ 5.80585, 43.08381 ], [ 5.80468, 43.08273 ], [ 5.80666, 43.08195 ], [ 5.80628, 43.08043 ], [ 5.8034, 43.07863 ], [ 5.80371, 43.07668 ], [ 5.79973, 43.07455 ], [ 5.79653, 43.0747 ], [ 5.7949, 43.07289 ], [ 5.79469, 43.07141 ], [ 5.79239, 43.06869 ], [ 5.79378, 43.06856 ], [ 5.7957, 43.06963 ], [ 5.79845, 43.06846 ], [ 5.8019, 43.0684 ], [ 5.80471, 43.06737 ], [ 5.80644, 43.06741 ], [ 5.81224, 43.06371 ], [ 5.81575, 43.06365 ], [ 5.81686, 43.06276 ], [ 5.8169, 43.06104 ], [ 5.81974, 43.05948 ], [ 5.81957, 43.0574 ], [ 5.82168, 43.0536 ], [ 5.82443, 43.0532 ], [ 5.82699, 43.05208 ], [ 5.82717, 43.05081 ], [ 5.82881, 43.04936 ], [ 5.83112, 43.04898 ], [ 5.83455, 43.04991 ], [ 5.83851, 43.04916 ], [ 5.8396, 43.048 ], [ 5.84394, 43.04759 ], [ 5.84759, 43.04967 ], [ 5.84963, 43.04985 ], [ 5.85373, 43.04809 ], [ 5.859, 43.04802 ], [ 5.86054, 43.04901 ], [ 5.86279, 43.05168 ], [ 5.86202, 43.05343 ], [ 5.86215, 43.05562 ], [ 5.86324, 43.05753 ], [ 5.86528, 43.05981 ], [ 5.86798, 43.06175 ], [ 5.86877, 43.06353 ], [ 5.87089, 43.06526 ], [ 5.87228, 43.06571 ], [ 5.87229, 43.06918 ], [ 5.87527, 43.06868 ], [ 5.87858, 43.07051 ], [ 5.8806, 43.07261 ], [ 5.88285, 43.07222 ], [ 5.88564, 43.07475 ], [ 5.88674, 43.07697 ], [ 5.8902, 43.07804 ], [ 5.89285, 43.07835 ], [ 5.89683, 43.07809 ], [ 5.89846, 43.07759 ], [ 5.89973, 43.07611 ], [ 5.89932, 43.07432 ], [ 5.90103, 43.07313 ], [ 5.90357, 43.07337 ], [ 5.90666, 43.07278 ], [ 5.90729, 43.07001 ], [ 5.90932, 43.06778 ], [ 5.91246, 43.06597 ], [ 5.91494, 43.06733 ], [ 5.919, 43.06842 ], [ 5.92146, 43.06861 ], [ 5.92256, 43.06939 ], [ 5.92664, 43.06989 ], [ 5.9286, 43.07172 ], [ 5.93058, 43.07188 ], [ 5.93237, 43.07115 ], [ 5.93664, 43.07173 ], [ 5.9375, 43.07066 ], [ 5.93992, 43.07005 ], [ 5.94101, 43.06867 ], [ 5.94275, 43.06785 ], [ 5.94389, 43.06641 ], [ 5.94704, 43.06775 ], [ 5.94785, 43.06903 ], [ 5.9511, 43.07203 ], [ 5.95152, 43.07386 ], [ 5.95096, 43.07677 ], [ 5.94936, 43.07884 ], [ 5.94689, 43.07978 ], [ 5.94409, 43.08199 ], [ 5.9382, 43.08456 ], [ 5.93165, 43.08284 ], [ 5.93025, 43.08189 ], [ 5.92895, 43.08292 ], [ 5.92621, 43.08021 ], [ 5.92801, 43.0784 ], [ 5.9274, 43.07748 ], [ 5.92462, 43.07824 ], [ 5.92203, 43.0813 ], [ 5.92195, 43.08301 ], [ 5.921, 43.08443 ], [ 5.91709, 43.08583 ], [ 5.914, 43.08358 ], [ 5.91239, 43.08318 ], [ 5.90957, 43.0794 ], [ 5.90781, 43.0786 ], [ 5.90388, 43.0789 ], [ 5.90065, 43.0791 ], [ 5.90017, 43.08145 ], [ 5.89679, 43.08048 ], [ 5.89477, 43.08171 ], [ 5.899, 43.08784 ], [ 5.8998, 43.08985 ], [ 5.90132, 43.0916 ], [ 5.90585, 43.09338 ], [ 5.90736, 43.09288 ], [ 5.91038, 43.0932 ], [ 5.91104, 43.09481 ], [ 5.90802, 43.09575 ], [ 5.90763, 43.09847 ], [ 5.90999, 43.09992 ], [ 5.90931, 43.10084 ], [ 5.90488, 43.10292 ], [ 5.901, 43.104 ], [ 5.89668, 43.10368 ], [ 5.89528, 43.10287 ], [ 5.88826, 43.10359 ], [ 5.88316, 43.10257 ], [ 5.88213, 43.10411 ], [ 5.88054, 43.105 ], [ 5.88301, 43.10726 ], [ 5.88577, 43.10524 ], [ 5.88668, 43.10725 ], [ 5.88156, 43.10794 ], [ 5.88123, 43.10944 ], [ 5.89172, 43.10798 ], [ 5.89165, 43.10911 ], [ 5.88775, 43.11059 ], [ 5.88543, 43.11092 ], [ 5.88629, 43.11293 ], [ 5.88467, 43.11374 ], [ 5.88562, 43.11714 ], [ 5.88734, 43.11614 ], [ 5.89308, 43.1156 ], [ 5.89494, 43.11473 ], [ 5.89604, 43.11672 ], [ 5.89743, 43.11622 ], [ 5.89574, 43.11466 ], [ 5.89921, 43.11301 ], [ 5.90055, 43.11373 ], [ 5.91095, 43.11508 ], [ 5.91129, 43.11677 ], [ 5.90766, 43.11662 ], [ 5.90748, 43.11888 ], [ 5.91082, 43.11922 ], [ 5.91271, 43.12294 ], [ 5.91466, 43.12276 ], [ 5.91368, 43.12066 ], [ 5.9139, 43.11935 ], [ 5.9198, 43.12002 ], [ 5.91963, 43.12128 ], [ 5.91757, 43.12185 ], [ 5.92063, 43.12391 ], [ 5.92144, 43.12186 ], [ 5.92318, 43.12325 ], [ 5.92708, 43.1215 ], [ 5.92733, 43.11955 ], [ 5.92262, 43.11911 ], [ 5.9221, 43.11846 ], [ 5.92264, 43.11521 ], [ 5.92611, 43.11558 ], [ 5.92788, 43.1185 ], [ 5.92851, 43.12082 ], [ 5.92999, 43.12091 ], [ 5.93433, 43.1186 ], [ 5.93233, 43.11782 ], [ 5.93326, 43.11689 ], [ 5.93445, 43.11324 ], [ 5.93023, 43.1136 ], [ 5.93079, 43.11173 ], [ 5.92579, 43.10397 ], [ 5.92568, 43.10231 ], [ 5.92864, 43.10261 ], [ 5.93024, 43.10229 ], [ 5.93392, 43.10425 ], [ 5.93777, 43.10697 ], [ 5.94094, 43.10776 ], [ 5.94164, 43.10693 ], [ 5.94407, 43.10649 ], [ 5.94468, 43.10729 ], [ 5.94717, 43.10698 ], [ 5.94899, 43.10756 ], [ 5.95054, 43.10656 ], [ 5.95472, 43.10674 ], [ 5.95579, 43.10823 ], [ 5.95868, 43.10706 ], [ 5.96315, 43.10692 ], [ 5.96764, 43.10488 ], [ 5.96812, 43.10356 ], [ 5.97032, 43.10448 ], [ 5.97221, 43.10428 ], [ 5.9716, 43.10619 ], [ 5.97482, 43.10767 ], [ 5.97682, 43.10724 ], [ 5.97765, 43.10563 ], [ 5.97906, 43.10654 ], [ 5.9851, 43.10661 ], [ 5.98907, 43.10441 ], [ 5.99219, 43.10319 ], [ 5.99328, 43.10499 ], [ 5.99936, 43.1048 ], [ 6.00185, 43.10332 ], [ 6.00546, 43.10396 ], [ 6.01117, 43.10179 ], [ 6.01384, 43.10018 ], [ 6.0144, 43.09819 ], [ 6.01918, 43.09806 ], [ 6.01988, 43.09642 ], [ 6.02347, 43.09481 ], [ 6.02481, 43.09162 ], [ 6.0241, 43.09011 ], [ 6.02105, 43.08724 ], [ 6.02145, 43.08596 ], [ 6.01682, 43.08364 ], [ 6.01791, 43.0813 ], [ 6.02154, 43.07826 ], [ 6.02715, 43.07879 ], [ 6.03065, 43.07759 ], [ 6.03256, 43.07758 ], [ 6.03749, 43.07886 ], [ 6.0432, 43.07876 ], [ 6.04389, 43.07909 ], [ 6.05126, 43.07894 ], [ 6.05286, 43.08002 ], [ 6.05667, 43.08106 ], [ 6.05744, 43.08253 ], [ 6.06123, 43.08222 ], [ 6.06386, 43.08298 ], [ 6.06867, 43.0831 ], [ 6.07087, 43.0851 ], [ 6.07492, 43.08496 ], [ 6.07647, 43.08694 ], [ 6.07878, 43.08771 ], [ 6.08528, 43.08651 ], [ 6.08619, 43.08724 ], [ 6.09231, 43.08578 ], [ 6.09578, 43.0844 ], [ 6.09978, 43.08332 ], [ 6.10479, 43.08378 ], [ 6.10961, 43.08389 ], [ 6.11399, 43.08366 ], [ 6.11762, 43.08182 ], [ 6.11896, 43.08055 ], [ 6.12406, 43.07931 ], [ 6.12545, 43.07827 ], [ 6.12783, 43.07305 ], [ 6.13037, 43.06553 ], [ 6.13066, 43.06318 ], [ 6.13233, 43.05952 ], [ 6.13303, 43.05495 ], [ 6.13161, 43.04801 ], [ 6.12819, 43.04267 ], [ 6.12456, 43.04054 ], [ 6.1226, 43.04066 ], [ 6.11999, 43.03916 ], [ 6.11777, 43.03892 ], [ 6.11407, 43.03968 ], [ 6.1102, 43.03967 ], [ 6.10623, 43.0409 ], [ 6.10482, 43.04211 ], [ 6.1013, 43.0407 ], [ 6.10002, 43.04092 ], [ 6.09596, 43.03998 ], [ 6.09378, 43.04036 ], [ 6.09287, 43.03863 ], [ 6.09304, 43.03719 ], [ 6.09122, 43.03676 ], [ 6.09126, 43.03536 ], [ 6.09342, 43.03352 ], [ 6.09629, 43.03333 ], [ 6.09765, 43.03261 ], [ 6.0959, 43.03088 ], [ 6.09517, 43.02922 ], [ 6.09702, 43.02727 ], [ 6.10083, 43.02913 ], [ 6.10141, 43.02789 ], [ 6.10379, 43.02854 ], [ 6.10338, 43.03085 ], [ 6.10504, 43.03092 ], [ 6.10707, 43.0301 ], [ 6.10807, 43.03222 ], [ 6.11007, 43.03266 ], [ 6.11256, 43.0351 ], [ 6.11672, 43.03476 ], [ 6.12004, 43.03204 ], [ 6.12291, 43.03285 ], [ 6.12377, 43.03174 ], [ 6.12544, 43.03191 ], [ 6.12528, 43.03354 ], [ 6.12692, 43.03407 ], [ 6.12664, 43.03556 ], [ 6.1296, 43.03461 ], [ 6.13207, 43.03583 ], [ 6.13466, 43.03619 ], [ 6.13616, 43.03551 ], [ 6.13526, 43.03288 ], [ 6.13709, 43.03161 ], [ 6.13695, 43.03039 ], [ 6.14202, 43.0299 ], [ 6.14461, 43.02815 ], [ 6.14678, 43.02763 ], [ 6.14877, 43.0259 ], [ 6.15048, 43.02791 ], [ 6.15369, 43.02816 ], [ 6.15481, 43.02736 ], [ 6.15884, 43.02907 ], [ 6.16026, 43.03005 ], [ 6.16541, 43.03105 ], [ 6.16578, 43.03189 ], [ 6.16922, 43.0329 ], [ 6.16942, 43.03497 ], [ 6.16138, 43.03398 ], [ 6.15715, 43.03435 ], [ 6.15616, 43.03497 ], [ 6.15315, 43.03525 ], [ 6.15204, 43.03718 ], [ 6.14996, 43.04585 ], [ 6.14933, 43.0516 ], [ 6.1494, 43.05655 ], [ 6.15028, 43.06446 ], [ 6.15121, 43.06564 ], [ 6.15146, 43.06757 ], [ 6.15309, 43.07188 ], [ 6.15343, 43.07551 ], [ 6.15434, 43.07621 ], [ 6.15475, 43.07984 ], [ 6.15629, 43.08002 ], [ 6.15688, 43.08237 ], [ 6.15827, 43.08292 ], [ 6.15808, 43.08486 ], [ 6.16003, 43.08575 ], [ 6.1592, 43.0869 ], [ 6.16045, 43.08929 ], [ 6.16562, 43.09433 ], [ 6.16816, 43.09763 ], [ 6.17045, 43.09975 ], [ 6.17243, 43.10087 ], [ 6.17384, 43.10081 ], [ 6.17853, 43.1057 ], [ 6.18185, 43.10784 ], [ 6.18399, 43.10854 ], [ 6.19202, 43.10993 ], [ 6.19579, 43.1135 ], [ 6.20103, 43.11606 ], [ 6.20209, 43.11543 ], [ 6.20808, 43.11644 ], [ 6.21135, 43.11606 ], [ 6.21845, 43.1146 ], [ 6.22213, 43.11448 ], [ 6.23023, 43.1132 ], [ 6.23433, 43.11301 ], [ 6.23946, 43.11325 ], [ 6.24199, 43.11429 ], [ 6.24774, 43.11592 ], [ 6.25011, 43.11738 ], [ 6.25656, 43.11891 ], [ 6.25967, 43.12047 ], [ 6.26223, 43.1211 ], [ 6.26572, 43.12098 ], [ 6.26667, 43.12027 ], [ 6.27182, 43.12099 ], [ 6.27494, 43.12074 ], [ 6.27756, 43.11948 ], [ 6.27736, 43.11809 ], [ 6.27825, 43.11689 ], [ 6.28231, 43.11679 ], [ 6.28348, 43.11513 ], [ 6.28581, 43.11564 ], [ 6.28816, 43.1142 ], [ 6.28832, 43.11185 ], [ 6.28631, 43.1113 ], [ 6.28725, 43.10959 ], [ 6.28858, 43.10932 ], [ 6.28933, 43.10672 ], [ 6.29243, 43.109 ], [ 6.29378, 43.10788 ], [ 6.29505, 43.10968 ], [ 6.29701, 43.11015 ], [ 6.29946, 43.10835 ], [ 6.29944, 43.10605 ], [ 6.30299, 43.10777 ], [ 6.30924, 43.10832 ], [ 6.31259, 43.10774 ], [ 6.31667, 43.10617 ], [ 6.31759, 43.10446 ], [ 6.31953, 43.10386 ], [ 6.3187, 43.10252 ], [ 6.32083, 43.10033 ], [ 6.32282, 43.10072 ], [ 6.32456, 43.09913 ], [ 6.32537, 43.0954 ], [ 6.32493, 43.09438 ], [ 6.32154, 43.09346 ], [ 6.32152, 43.09139 ], [ 6.3253, 43.0928 ], [ 6.32944, 43.09301 ], [ 6.3307, 43.09166 ], [ 6.33202, 43.09188 ], [ 6.33253, 43.08951 ], [ 6.33515, 43.09095 ], [ 6.33648, 43.0896 ], [ 6.33926, 43.08995 ], [ 6.34114, 43.08862 ], [ 6.3438, 43.09069 ], [ 6.3451, 43.09078 ], [ 6.34772, 43.08852 ], [ 6.34928, 43.08819 ], [ 6.35093, 43.08891 ], [ 6.35355, 43.08849 ], [ 6.35502, 43.08921 ], [ 6.35743, 43.08862 ], [ 6.35907, 43.08916 ], [ 6.36207, 43.08715 ], [ 6.36435, 43.08631 ], [ 6.36506, 43.09043 ], [ 6.3676, 43.09001 ], [ 6.37076, 43.09135 ], [ 6.36841, 43.09265 ], [ 6.36625, 43.09188 ], [ 6.36395, 43.09325 ], [ 6.36461, 43.09572 ], [ 6.36635, 43.09605 ], [ 6.36719, 43.09935 ], [ 6.36723, 43.10274 ], [ 6.36653, 43.1034 ], [ 6.36154, 43.10407 ], [ 6.35964, 43.10522 ], [ 6.35873, 43.10818 ], [ 6.36002, 43.10985 ], [ 6.36403, 43.11101 ], [ 6.36148, 43.11259 ], [ 6.35938, 43.11596 ], [ 6.35976, 43.1199 ], [ 6.36082, 43.12099 ], [ 6.36261, 43.1212 ], [ 6.36356, 43.11958 ], [ 6.36582, 43.12027 ], [ 6.3665, 43.12123 ], [ 6.36327, 43.12252 ], [ 6.36484, 43.12396 ], [ 6.36391, 43.12575 ], [ 6.36381, 43.12706 ], [ 6.36582, 43.13326 ], [ 6.36872, 43.13697 ], [ 6.37344, 43.13757 ], [ 6.37467, 43.13653 ], [ 6.37912, 43.13791 ], [ 6.38121, 43.13896 ], [ 6.38127, 43.14058 ], [ 6.38284, 43.14296 ], [ 6.38445, 43.14402 ], [ 6.38757, 43.1449 ], [ 6.38888, 43.14396 ], [ 6.39165, 43.14447 ], [ 6.39402, 43.14553 ], [ 6.39552, 43.14523 ], [ 6.39564, 43.1438 ], [ 6.39792, 43.14418 ], [ 6.39902, 43.14686 ], [ 6.402, 43.14867 ], [ 6.40362, 43.14915 ], [ 6.40838, 43.14847 ], [ 6.4097, 43.14794 ], [ 6.4112, 43.14919 ], [ 6.41332, 43.14942 ], [ 6.41664, 43.14873 ], [ 6.42062, 43.14659 ], [ 6.42055, 43.1483 ], [ 6.42264, 43.14998 ], [ 6.42579, 43.151 ], [ 6.42907, 43.15143 ], [ 6.43231, 43.15098 ], [ 6.43575, 43.14992 ], [ 6.43938, 43.14731 ], [ 6.4401, 43.14512 ], [ 6.43866, 43.14224 ], [ 6.4415, 43.14334 ], [ 6.44493, 43.14566 ], [ 6.44636, 43.14763 ], [ 6.44873, 43.14908 ], [ 6.44713, 43.15162 ], [ 6.44824, 43.15266 ], [ 6.45341, 43.15531 ], [ 6.45575, 43.15454 ], [ 6.4614, 43.15708 ], [ 6.46415, 43.15753 ], [ 6.4678, 43.15613 ], [ 6.46818, 43.1545 ], [ 6.47222, 43.15408 ], [ 6.47441, 43.1557 ], [ 6.47764, 43.15608 ], [ 6.47934, 43.15476 ], [ 6.48678, 43.15201 ], [ 6.49059, 43.15297 ], [ 6.49171, 43.1511 ], [ 6.49664, 43.15119 ], [ 6.4967, 43.15313 ], [ 6.49842, 43.15392 ], [ 6.5009, 43.15411 ], [ 6.50119, 43.15557 ], [ 6.50305, 43.15591 ], [ 6.50842, 43.15512 ], [ 6.50959, 43.15864 ], [ 6.51224, 43.15882 ], [ 6.51524, 43.16118 ], [ 6.51856, 43.162 ], [ 6.5191, 43.16379 ], [ 6.52072, 43.16486 ], [ 6.52462, 43.16597 ], [ 6.5279, 43.16436 ], [ 6.5298, 43.16537 ], [ 6.5346, 43.16334 ], [ 6.5366, 43.16467 ], [ 6.53509, 43.16603 ], [ 6.53984, 43.16873 ], [ 6.54, 43.17013 ], [ 6.53503, 43.17149 ], [ 6.53408, 43.17279 ], [ 6.53467, 43.17592 ], [ 6.53691, 43.17881 ], [ 6.5414, 43.18233 ], [ 6.54843, 43.18604 ], [ 6.55228, 43.18742 ], [ 6.562, 43.18909 ], [ 6.56559, 43.18733 ], [ 6.56733, 43.18771 ], [ 6.56961, 43.18677 ], [ 6.57502, 43.18765 ], [ 6.57784, 43.18574 ], [ 6.58099, 43.18656 ], [ 6.58482, 43.18589 ], [ 6.59073, 43.1858 ], [ 6.59721, 43.18429 ], [ 6.60173, 43.18209 ], [ 6.60278, 43.18034 ], [ 6.60289, 43.17831 ], [ 6.60447, 43.1755 ], [ 6.60271, 43.17416 ], [ 6.60351, 43.17337 ], [ 6.60695, 43.1731 ], [ 6.60858, 43.17178 ], [ 6.60811, 43.17036 ], [ 6.61033, 43.16784 ], [ 6.60979, 43.16637 ], [ 6.61423, 43.16553 ], [ 6.61797, 43.16182 ], [ 6.61829, 43.15942 ], [ 6.62092, 43.15927 ], [ 6.62253, 43.16097 ], [ 6.62139, 43.16237 ], [ 6.62216, 43.16445 ], [ 6.62674, 43.16658 ], [ 6.62749, 43.16853 ], [ 6.62991, 43.16952 ], [ 6.6308, 43.17088 ], [ 6.63411, 43.17233 ], [ 6.6389, 43.17215 ], [ 6.64111, 43.17121 ], [ 6.64337, 43.16843 ], [ 6.64479, 43.16761 ], [ 6.64659, 43.16781 ], [ 6.64681, 43.16919 ], [ 6.64402, 43.17155 ], [ 6.63998, 43.17261 ], [ 6.63974, 43.1737 ], [ 6.64091, 43.17523 ], [ 6.64032, 43.17994 ], [ 6.64076, 43.18191 ], [ 6.64331, 43.18303 ], [ 6.64198, 43.18601 ], [ 6.64305, 43.1871 ], [ 6.64671, 43.18763 ], [ 6.64995, 43.18989 ], [ 6.65147, 43.19028 ], [ 6.6527, 43.19204 ], [ 6.65487, 43.19313 ], [ 6.65661, 43.19508 ], [ 6.65879, 43.19537 ], [ 6.65997, 43.19622 ], [ 6.66416, 43.19462 ], [ 6.66976, 43.19544 ], [ 6.67034, 43.19655 ], [ 6.6742, 43.19648 ], [ 6.67529, 43.19531 ], [ 6.67696, 43.19616 ], [ 6.67694, 43.19773 ], [ 6.68109, 43.19982 ], [ 6.67845, 43.20141 ], [ 6.67658, 43.2037 ], [ 6.67514, 43.20439 ], [ 6.66978, 43.20594 ], [ 6.66776, 43.20786 ], [ 6.66928, 43.20934 ], [ 6.66854, 43.21005 ], [ 6.66526, 43.21071 ], [ 6.66429, 43.21183 ], [ 6.66266, 43.21757 ], [ 6.66239, 43.22587 ], [ 6.66358, 43.23804 ], [ 6.66443, 43.24135 ], [ 6.66549, 43.2431 ], [ 6.66857, 43.24555 ], [ 6.6703, 43.24572 ], [ 6.6754, 43.24461 ], [ 6.67656, 43.24479 ], [ 6.68061, 43.24853 ], [ 6.68176, 43.24848 ], [ 6.68327, 43.2503 ], [ 6.68481, 43.25115 ], [ 6.68979, 43.25168 ], [ 6.69106, 43.25235 ], [ 6.69023, 43.25532 ], [ 6.69157, 43.25688 ], [ 6.69249, 43.25924 ], [ 6.69385, 43.26103 ], [ 6.69561, 43.26146 ], [ 6.6968, 43.26344 ], [ 6.69763, 43.26647 ], [ 6.69532, 43.26684 ], [ 6.68913, 43.27235 ], [ 6.68504, 43.27304 ], [ 6.68242, 43.27445 ], [ 6.67858, 43.27851 ], [ 6.6758, 43.27849 ], [ 6.67407, 43.27743 ], [ 6.67107, 43.27692 ], [ 6.66917, 43.27609 ], [ 6.66951, 43.27504 ], [ 6.6692, 43.27154 ], [ 6.66953, 43.26847 ], [ 6.66802, 43.26649 ], [ 6.66521, 43.26489 ], [ 6.66212, 43.26491 ], [ 6.66095, 43.26577 ], [ 6.6567, 43.26747 ], [ 6.65356, 43.27025 ], [ 6.65133, 43.27006 ], [ 6.64781, 43.27073 ], [ 6.64749, 43.27237 ], [ 6.64616, 43.27369 ], [ 6.64409, 43.27407 ], [ 6.64112, 43.27388 ], [ 6.64017, 43.27436 ], [ 6.63777, 43.27369 ], [ 6.63875, 43.2718 ], [ 6.63748, 43.27117 ], [ 6.63583, 43.27223 ], [ 6.63226, 43.26903 ], [ 6.62718, 43.26688 ], [ 6.62504, 43.26728 ], [ 6.62362, 43.26534 ], [ 6.6207, 43.2642 ], [ 6.61555, 43.2638 ], [ 6.61231, 43.26434 ], [ 6.6098, 43.26357 ], [ 6.60696, 43.26369 ], [ 6.60331, 43.26266 ], [ 6.60065, 43.26334 ], [ 6.59757, 43.26341 ], [ 6.59667, 43.26277 ], [ 6.59347, 43.26226 ], [ 6.58908, 43.26445 ], [ 6.58822, 43.26363 ], [ 6.58607, 43.26393 ], [ 6.58533, 43.26558 ], [ 6.58201, 43.26746 ], [ 6.5835, 43.26831 ], [ 6.58653, 43.26779 ], [ 6.58669, 43.26922 ], [ 6.58555, 43.27049 ], [ 6.58567, 43.27216 ], [ 6.5847, 43.27318 ], [ 6.58387, 43.2773 ], [ 6.58521, 43.27951 ], [ 6.58998, 43.28244 ], [ 6.59393, 43.28337 ], [ 6.59522, 43.28419 ], [ 6.59824, 43.28416 ], [ 6.60108, 43.28504 ], [ 6.60167, 43.28646 ], [ 6.60433, 43.28739 ], [ 6.60818, 43.28941 ], [ 6.61002, 43.29106 ], [ 6.61279, 43.29172 ], [ 6.61472, 43.29372 ], [ 6.61805, 43.29463 ], [ 6.62073, 43.29592 ], [ 6.62518, 43.29693 ], [ 6.62538, 43.29971 ], [ 6.62687, 43.30313 ], [ 6.62932, 43.30484 ], [ 6.63179, 43.30475 ], [ 6.63501, 43.3075 ], [ 6.63891, 43.30758 ], [ 6.63961, 43.30629 ], [ 6.64205, 43.30574 ], [ 6.6449, 43.306 ], [ 6.64911, 43.30795 ], [ 6.65045, 43.3093 ], [ 6.65467, 43.31139 ], [ 6.65572, 43.3123 ], [ 6.65924, 43.31391 ], [ 6.6616, 43.31415 ], [ 6.66272, 43.31352 ], [ 6.66814, 43.31241 ], [ 6.67131, 43.3126 ], [ 6.67029, 43.31409 ], [ 6.66595, 43.31822 ], [ 6.66503, 43.3233 ], [ 6.66535, 43.32523 ], [ 6.66669, 43.32567 ], [ 6.66818, 43.32769 ], [ 6.66797, 43.32891 ], [ 6.66858, 43.33223 ], [ 6.67108, 43.33443 ], [ 6.67192, 43.33584 ], [ 6.67753, 43.33828 ], [ 6.68003, 43.3403 ], [ 6.68217, 43.34098 ], [ 6.68501, 43.34092 ], [ 6.68892, 43.34212 ], [ 6.69029, 43.34143 ], [ 6.6932, 43.34159 ], [ 6.6957, 43.3411 ], [ 6.69848, 43.34284 ], [ 6.70296, 43.34414 ], [ 6.70536, 43.34396 ], [ 6.71111, 43.34483 ], [ 6.71655, 43.3475 ], [ 6.71578, 43.34874 ], [ 6.71527, 43.35192 ], [ 6.71297, 43.35268 ], [ 6.7143, 43.35398 ], [ 6.7189, 43.35677 ], [ 6.71719, 43.3623 ], [ 6.71509, 43.36314 ], [ 6.71309, 43.36701 ], [ 6.71453, 43.36807 ], [ 6.715, 43.36942 ], [ 6.71406, 43.37018 ], [ 6.71407, 43.37179 ], [ 6.71716, 43.37289 ], [ 6.71774, 43.37404 ], [ 6.72021, 43.3757 ], [ 6.72133, 43.37737 ], [ 6.72051, 43.37807 ], [ 6.72152, 43.38016 ], [ 6.72327, 43.38022 ], [ 6.72447, 43.38157 ], [ 6.72607, 43.38137 ], [ 6.72595, 43.38313 ], [ 6.72815, 43.38526 ], [ 6.72899, 43.38677 ], [ 6.73065, 43.38742 ], [ 6.73264, 43.39013 ], [ 6.73114, 43.39164 ], [ 6.73002, 43.39146 ], [ 6.7284, 43.39305 ], [ 6.72951, 43.39725 ], [ 6.73307, 43.40432 ], [ 6.73338, 43.40534 ], [ 6.73598, 43.40871 ], [ 6.73981, 43.41288 ], [ 6.74549, 43.41789 ], [ 6.74842, 43.41981 ], [ 6.75346, 43.422 ], [ 6.75965, 43.42387 ], [ 6.76368, 43.42453 ], [ 6.76627, 43.42375 ], [ 6.76567, 43.42133 ], [ 6.76963, 43.42069 ], [ 6.7698, 43.41951 ], [ 6.77412, 43.41781 ], [ 6.77555, 43.41636 ], [ 6.77835, 43.4148 ], [ 6.78029, 43.41251 ], [ 6.78219, 43.41261 ], [ 6.78288, 43.41002 ], [ 6.78411, 43.40903 ], [ 6.78708, 43.40914 ], [ 6.78898, 43.40807 ], [ 6.79478, 43.41042 ], [ 6.79436, 43.41241 ], [ 6.7977, 43.4139 ], [ 6.79904, 43.41295 ], [ 6.80272, 43.41326 ], [ 6.80658, 43.41445 ], [ 6.80731, 43.41348 ], [ 6.80956, 43.41316 ], [ 6.8147, 43.41562 ], [ 6.81875, 43.41586 ], [ 6.82088, 43.41555 ], [ 6.82294, 43.41669 ], [ 6.82714, 43.41738 ], [ 6.82908, 43.41851 ], [ 6.83098, 43.4175 ], [ 6.833, 43.41723 ], [ 6.83464, 43.41595 ], [ 6.83814, 43.41654 ], [ 6.84251, 43.41632 ], [ 6.84543, 43.41557 ], [ 6.84727, 43.41446 ], [ 6.85002, 43.41169 ], [ 6.85242, 43.41073 ], [ 6.85422, 43.41161 ], [ 6.85631, 43.41152 ], [ 6.85678, 43.41435 ], [ 6.85975, 43.41527 ], [ 6.86055, 43.41704 ], [ 6.85942, 43.41754 ], [ 6.85966, 43.41999 ], [ 6.86043, 43.42106 ], [ 6.85853, 43.42207 ], [ 6.85812, 43.42408 ], [ 6.85669, 43.42553 ], [ 6.85828, 43.42623 ], [ 6.85973, 43.42821 ], [ 6.85781, 43.429 ], [ 6.857, 43.43047 ], [ 6.85772, 43.4318 ], [ 6.85974, 43.43325 ], [ 6.86284, 43.43402 ], [ 6.86525, 43.43393 ], [ 6.86781, 43.43275 ], [ 6.86887, 43.42964 ], [ 6.87131, 43.42841 ], [ 6.87034, 43.42534 ], [ 6.87536, 43.42636 ], [ 6.87917, 43.42603 ], [ 6.87894, 43.42784 ], [ 6.88214, 43.42839 ], [ 6.88488, 43.42706 ], [ 6.88701, 43.42891 ], [ 6.88879, 43.42802 ], [ 6.89167, 43.42845 ], [ 6.89655, 43.43402 ], [ 6.89317, 43.43529 ], [ 6.89289, 43.43738 ], [ 6.89623, 43.43714 ], [ 6.89676, 43.43862 ], [ 6.89969, 43.44044 ], [ 6.89994, 43.44195 ], [ 6.90107, 43.44307 ], [ 6.90563, 43.4437 ], [ 6.90479, 43.44496 ], [ 6.90906, 43.44479 ], [ 6.91035, 43.44654 ], [ 6.9147, 43.44735 ], [ 6.91556, 43.44808 ], [ 6.91843, 43.44765 ], [ 6.92055, 43.44937 ], [ 6.91966, 43.45018 ], [ 6.92398, 43.4505 ], [ 6.92278, 43.45207 ], [ 6.92072, 43.45333 ], [ 6.9222, 43.45426 ], [ 6.92373, 43.45635 ], [ 6.9223, 43.45695 ], [ 6.92231, 43.45957 ], [ 6.92478, 43.46362 ], [ 6.92432, 43.46643 ], [ 6.9249, 43.46822 ], [ 6.92392, 43.46924 ], [ 6.9246, 43.47255 ], [ 6.927, 43.47466 ], [ 6.93071, 43.47465 ], [ 6.93329, 43.4777 ], [ 6.9313, 43.47914 ], [ 6.9317, 43.48029 ], [ 6.93373, 43.48007 ], [ 6.9315, 43.48101 ], [ 6.93109, 43.48364 ], [ 6.9327, 43.48435 ], [ 6.93671, 43.48427 ], [ 6.93884, 43.48464 ], [ 6.94191, 43.48434 ], [ 6.94282, 43.48484 ], [ 6.94583, 43.48296 ], [ 6.94626, 43.48466 ], [ 6.94868, 43.48546 ], [ 6.9484, 43.4875 ], [ 6.94707, 43.48864 ], [ 6.94782, 43.49117 ], [ 6.94924, 43.49202 ], [ 6.9497, 43.49465 ], [ 6.95127, 43.49644 ], [ 6.95445, 43.49618 ], [ 6.95619, 43.49696 ], [ 6.95495, 43.49854 ], [ 6.95523, 43.49974 ], [ 6.95705, 43.5008 ], [ 6.95477, 43.50256 ], [ 6.95455, 43.50523 ], [ 6.95245, 43.50622 ], [ 6.95056, 43.50575 ], [ 6.94673, 43.50591 ], [ 6.94254, 43.50703 ], [ 6.94161, 43.50864 ], [ 6.93988, 43.50862 ], [ 6.93783, 43.50947 ], [ 6.93771, 43.51263 ], [ 6.93837, 43.51639 ], [ 6.94062, 43.51752 ], [ 6.94144, 43.51924 ], [ 6.94167, 43.52153 ], [ 6.9436, 43.52321 ], [ 6.94594, 43.52622 ], [ 6.95007, 43.52764 ], [ 6.95028, 43.52934 ], [ 6.94816, 43.53101 ], [ 6.95157, 43.53411 ], [ 6.95515, 43.53717 ], [ 6.95901, 43.5398 ], [ 6.96333, 43.54216 ], [ 6.97183, 43.54545 ], [ 6.98205, 43.54761 ], [ 6.98466, 43.54767 ], [ 6.98725, 43.54842 ], [ 6.99373, 43.54888 ], [ 7.00401, 43.54863 ], [ 7.00868, 43.54817 ], [ 7.01214, 43.54726 ], [ 7.01297, 43.54831 ], [ 7.01276, 43.55048 ], [ 7.01657, 43.55077 ], [ 7.01694, 43.54842 ], [ 7.01872, 43.54987 ], [ 7.02365, 43.54945 ], [ 7.02661, 43.54861 ], [ 7.03253, 43.54584 ], [ 7.03222, 43.54418 ], [ 7.0343, 43.54225 ], [ 7.03296, 43.53933 ], [ 7.03543, 43.53841 ], [ 7.03656, 43.53709 ], [ 7.03597, 43.53582 ], [ 7.03773, 43.53471 ], [ 7.03913, 43.53596 ], [ 7.03874, 43.53719 ], [ 7.04011, 43.5412 ], [ 7.04092, 43.5421 ], [ 7.04347, 43.54295 ], [ 7.04839, 43.54656 ], [ 7.05125, 43.54654 ], [ 7.05465, 43.54712 ], [ 7.05594, 43.54797 ], [ 7.0578, 43.55032 ], [ 7.05963, 43.553 ], [ 7.06218, 43.5547 ], [ 7.06383, 43.55747 ], [ 7.06595, 43.56002 ], [ 7.06941, 43.563 ], [ 7.07472, 43.56584 ], [ 7.0781, 43.56624 ], [ 7.082, 43.56865 ], [ 7.0865, 43.56982 ], [ 7.09374, 43.57041 ], [ 7.09626, 43.57089 ], [ 7.09985, 43.57083 ], [ 7.10467, 43.56995 ], [ 7.11294, 43.56703 ], [ 7.11459, 43.56583 ], [ 7.11542, 43.56391 ], [ 7.11725, 43.56135 ], [ 7.1196, 43.56107 ], [ 7.12175, 43.5595 ], [ 7.12193, 43.55697 ], [ 7.12111, 43.55528 ], [ 7.12211, 43.5538 ], [ 7.12165, 43.55192 ], [ 7.1193, 43.55121 ], [ 7.11693, 43.54789 ], [ 7.11856, 43.54733 ], [ 7.12021, 43.54545 ], [ 7.11917, 43.54491 ], [ 7.119, 43.54289 ], [ 7.12113, 43.54157 ], [ 7.12315, 43.54271 ], [ 7.1209, 43.54425 ], [ 7.12334, 43.54595 ], [ 7.12917, 43.54592 ], [ 7.12989, 43.54351 ], [ 7.13246, 43.54371 ], [ 7.13637, 43.54458 ], [ 7.13861, 43.54702 ], [ 7.13744, 43.54787 ], [ 7.13878, 43.54913 ], [ 7.14058, 43.54918 ], [ 7.14165, 43.55089 ], [ 7.14507, 43.55165 ], [ 7.142, 43.55458 ], [ 7.14037, 43.55501 ], [ 7.13701, 43.55407 ], [ 7.13543, 43.55603 ], [ 7.13527, 43.55802 ], [ 7.13668, 43.56003 ], [ 7.13939, 43.5629 ], [ 7.13806, 43.56706 ], [ 7.14056, 43.56893 ], [ 7.13948, 43.57011 ], [ 7.1345, 43.56987 ], [ 7.13171, 43.56913 ], [ 7.1299, 43.56979 ], [ 7.12744, 43.57306 ], [ 7.12501, 43.57382 ], [ 7.12706, 43.57852 ], [ 7.12946, 43.58135 ], [ 7.12951, 43.58343 ], [ 7.12794, 43.58317 ], [ 7.12645, 43.584 ], [ 7.12279, 43.58469 ], [ 7.1218, 43.58704 ], [ 7.123, 43.5883 ], [ 7.12628, 43.58802 ], [ 7.12941, 43.5891 ], [ 7.13025, 43.59029 ], [ 7.12925, 43.59254 ], [ 7.12644, 43.59234 ], [ 7.12581, 43.59458 ], [ 7.12647, 43.60528 ], [ 7.12741, 43.6092 ], [ 7.13009, 43.6178 ], [ 7.13513, 43.62871 ], [ 7.13701, 43.6321 ], [ 7.13941, 43.6334 ], [ 7.13702, 43.63463 ], [ 7.13729, 43.63634 ], [ 7.14017, 43.635 ], [ 7.14032, 43.63617 ], [ 7.14272, 43.63994 ], [ 7.14424, 43.64162 ], [ 7.14549, 43.64185 ], [ 7.14566, 43.64332 ], [ 7.14681, 43.64517 ], [ 7.15106, 43.64927 ], [ 7.15698, 43.65349 ], [ 7.16103, 43.65521 ], [ 7.16767, 43.6574 ], [ 7.17095, 43.65713 ], [ 7.17159, 43.65602 ], [ 7.17566, 43.65557 ], [ 7.17824, 43.65605 ], [ 7.17959, 43.65582 ], [ 7.18655, 43.65745 ], [ 7.19454, 43.65792 ], [ 7.19866, 43.65598 ], [ 7.19925, 43.65484 ], [ 7.20041, 43.65302 ], [ 7.20288, 43.6513 ], [ 7.20249, 43.64965 ], [ 7.19921, 43.64739 ], [ 7.20072, 43.64521 ], [ 7.20646, 43.64564 ], [ 7.20816, 43.64751 ], [ 7.21162, 43.64732 ], [ 7.21301, 43.64843 ], [ 7.21158, 43.64984 ], [ 7.21342, 43.65283 ], [ 7.21811, 43.65461 ], [ 7.21841, 43.65604 ], [ 7.22129, 43.65768 ], [ 7.22237, 43.65735 ], [ 7.22526, 43.6594 ], [ 7.22588, 43.66226 ], [ 7.2303, 43.66544 ], [ 7.22897, 43.66893 ], [ 7.22972, 43.67201 ], [ 7.22934, 43.67342 ], [ 7.23116, 43.67519 ], [ 7.23161, 43.67671 ], [ 7.23064, 43.67855 ], [ 7.23279, 43.68148 ], [ 7.23794, 43.68599 ], [ 7.24382, 43.68938 ], [ 7.24794, 43.69105 ], [ 7.25614, 43.69323 ], [ 7.26243, 43.69426 ], [ 7.26871, 43.69426 ], [ 7.27252, 43.6945 ], [ 7.27685, 43.69436 ], [ 7.27879, 43.69305 ], [ 7.28074, 43.6926 ], [ 7.28493, 43.69274 ], [ 7.28327, 43.69443 ], [ 7.28419, 43.69521 ], [ 7.28417, 43.69782 ], [ 7.28565, 43.69775 ], [ 7.28526, 43.69381 ], [ 7.28985, 43.69298 ], [ 7.29108, 43.69135 ], [ 7.29303, 43.6908 ], [ 7.29411, 43.68878 ], [ 7.29361, 43.68663 ], [ 7.29492, 43.6859 ], [ 7.29965, 43.68605 ], [ 7.30328, 43.68559 ], [ 7.30597, 43.68588 ], [ 7.30754, 43.68742 ], [ 7.30875, 43.69237 ], [ 7.30723, 43.69438 ], [ 7.30693, 43.69813 ], [ 7.30868, 43.69896 ], [ 7.3118, 43.70122 ], [ 7.31295, 43.70549 ], [ 7.31472, 43.70653 ], [ 7.3179, 43.7059 ], [ 7.32058, 43.70441 ], [ 7.32035, 43.7028 ], [ 7.32135, 43.70024 ], [ 7.32473, 43.70059 ], [ 7.32519, 43.69796 ], [ 7.32647, 43.69615 ], [ 7.32432, 43.69502 ], [ 7.32479, 43.69311 ], [ 7.32029, 43.69133 ], [ 7.31989, 43.69031 ], [ 7.32048, 43.6878 ], [ 7.32235, 43.68705 ], [ 7.32337, 43.68501 ], [ 7.32254, 43.68406 ], [ 7.32426, 43.68303 ], [ 7.3248, 43.68148 ], [ 7.32378, 43.68026 ], [ 7.32447, 43.6782 ], [ 7.32412, 43.67695 ], [ 7.32637, 43.67411 ], [ 7.32903, 43.67488 ], [ 7.3313, 43.67452 ], [ 7.3333, 43.67534 ], [ 7.33534, 43.67821 ], [ 7.33452, 43.68326 ], [ 7.33522, 43.68639 ], [ 7.33999, 43.6855 ], [ 7.34161, 43.68259 ], [ 7.34594, 43.68461 ], [ 7.34868, 43.6853 ], [ 7.34974, 43.68701 ], [ 7.347, 43.6875 ], [ 7.34492, 43.68704 ], [ 7.34339, 43.68593 ], [ 7.34135, 43.68616 ], [ 7.34051, 43.68769 ], [ 7.3382, 43.68874 ], [ 7.33388, 43.68961 ], [ 7.33364, 43.69358 ], [ 7.33114, 43.69693 ], [ 7.33105, 43.69833 ], [ 7.32995, 43.69986 ], [ 7.32961, 43.70191 ], [ 7.33214, 43.70403 ], [ 7.33409, 43.70295 ], [ 7.33495, 43.70446 ], [ 7.3373, 43.70676 ], [ 7.33534, 43.70853 ], [ 7.33611, 43.71033 ], [ 7.33916, 43.70971 ], [ 7.3376, 43.71172 ], [ 7.34091, 43.71259 ], [ 7.34272, 43.71356 ], [ 7.3483, 43.71407 ], [ 7.35065, 43.71478 ], [ 7.35115, 43.71779 ], [ 7.35587, 43.72073 ], [ 7.35852, 43.72187 ], [ 7.36073, 43.72228 ], [ 7.36448, 43.72183 ], [ 7.36666, 43.72021 ], [ 7.36969, 43.71944 ], [ 7.37272, 43.71778 ], [ 7.37458, 43.71841 ], [ 7.38156, 43.72217 ], [ 7.38327, 43.72258 ], [ 7.38635, 43.72227 ], [ 7.38902, 43.723 ], [ 7.39044, 43.72128 ], [ 7.38873, 43.71963 ], [ 7.39342, 43.71997 ], [ 7.39521, 43.71903 ], [ 7.39749, 43.71947 ], [ 7.39903, 43.71863 ], [ 7.4006, 43.72091 ], [ 7.40575, 43.71937 ], [ 7.40793, 43.7209 ], [ 7.4106, 43.72154 ], [ 7.41096, 43.7236 ], [ 7.41564, 43.72592 ], [ 7.40911, 43.72959 ], [ 7.41156, 43.73159 ], [ 7.41283, 43.73172 ], [ 7.41259, 43.73465 ], [ 7.42059, 43.73975 ], [ 7.42297, 43.74169 ], [ 7.42451, 43.74086 ], [ 7.42766, 43.74369 ], [ 7.42868, 43.7462 ], [ 7.43082, 43.74873 ], [ 7.43507, 43.7498 ], [ 7.43735, 43.75164 ], [ 7.43907, 43.74927 ], [ 7.44195, 43.75076 ], [ 7.44388, 43.75088 ], [ 7.44491, 43.74986 ], [ 7.44648, 43.75212 ], [ 7.44764, 43.75253 ], [ 7.45305, 43.75841 ], [ 7.45782, 43.7596 ], [ 7.46222, 43.76026 ], [ 7.46584, 43.75734 ], [ 7.46798, 43.75697 ], [ 7.4692, 43.7552 ], [ 7.47464, 43.75117 ], [ 7.47937, 43.74974 ], [ 7.48219, 43.74925 ], [ 7.48376, 43.74954 ], [ 7.48683, 43.749 ], [ 7.48809, 43.75002 ], [ 7.48776, 43.75242 ], [ 7.4852, 43.75394 ], [ 7.48209, 43.75688 ], [ 7.48497, 43.76202 ], [ 7.48645, 43.76331 ], [ 7.48861, 43.76379 ], [ 7.48828, 43.76502 ], [ 7.49021, 43.7672 ], [ 7.49299, 43.76919 ], [ 7.49744, 43.7716 ], [ 7.50203, 43.77356 ], [ 7.50488, 43.77419 ], [ 7.50628, 43.77323 ], [ 7.5094, 43.77535 ], [ 7.50834, 43.77818 ], [ 7.50861, 43.77921 ], [ 7.51056, 43.78098 ], [ 7.51218, 43.78017 ], [ 7.51526, 43.78193 ], [ 7.51483, 43.78271 ], [ 7.52189, 43.78446 ], [ 7.52473, 43.78488 ], [ 7.52751, 43.78474 ], [ 7.5292, 43.784 ], [ 7.53016, 43.78805 ], [ 7.52921, 43.7899 ], [ 7.52783, 43.79114 ], [ 7.52648, 43.79422 ], [ 7.52373, 43.79782 ], [ 7.52153, 43.79964 ], [ 7.52071, 43.80098 ], [ 7.51872, 43.8025 ], [ 7.51779, 43.80536 ], [ 7.51775, 43.80784 ], [ 7.51706, 43.80976 ], [ 7.51438, 43.8148 ], [ 7.51431, 43.81913 ], [ 7.51311, 43.82234 ], [ 7.51136, 43.82381 ], [ 7.51035, 43.82652 ], [ 7.51015, 43.83213 ], [ 7.50951, 43.83468 ], [ 7.50818, 43.83528 ], [ 7.50703, 43.83773 ], [ 7.50687, 43.83949 ], [ 7.5079, 43.8413 ], [ 7.50303, 43.84408 ], [ 7.49913, 43.84517 ], [ 7.49854, 43.84762 ], [ 7.49667, 43.84978 ], [ 7.49664, 43.85087 ], [ 7.49598, 43.85391 ], [ 7.49496, 43.85586 ], [ 7.49543, 43.85976 ], [ 7.49544, 43.86435 ], [ 7.49831, 43.86423 ], [ 7.50022, 43.86703 ], [ 7.49754, 43.86986 ], [ 7.49788, 43.87165 ], [ 7.50005, 43.87285 ], [ 7.50136, 43.87501 ], [ 7.50374, 43.87513 ], [ 7.50643, 43.87642 ], [ 7.50737, 43.87773 ], [ 7.51034, 43.87942 ], [ 7.50988, 43.88206 ], [ 7.51278, 43.88305 ], [ 7.5115, 43.88487 ], [ 7.51292, 43.88526 ], [ 7.51574, 43.8827 ], [ 7.51714, 43.88227 ], [ 7.51902, 43.8838 ], [ 7.51984, 43.88621 ], [ 7.52183, 43.88674 ], [ 7.52684, 43.88625 ], [ 7.5302, 43.88898 ], [ 7.53073, 43.89017 ], [ 7.53475, 43.89039 ], [ 7.5354, 43.89157 ], [ 7.53854, 43.89324 ], [ 7.54235, 43.89337 ], [ 7.54567, 43.89413 ], [ 7.55019, 43.89379 ], [ 7.55342, 43.89576 ], [ 7.55666, 43.89637 ], [ 7.55922, 43.89729 ], [ 7.56195, 43.89974 ], [ 7.56282, 43.90191 ], [ 7.56179, 43.90452 ], [ 7.56161, 43.90806 ], [ 7.56237, 43.90955 ], [ 7.5596, 43.91505 ], [ 7.55833, 43.9161 ], [ 7.55795, 43.9176 ], [ 7.56141, 43.91999 ], [ 7.56624, 43.9216 ], [ 7.56822, 43.92304 ], [ 7.56744, 43.92623 ], [ 7.56887, 43.92815 ], [ 7.57115, 43.92918 ], [ 7.57033, 43.93125 ], [ 7.57145, 43.93475 ], [ 7.57365, 43.93573 ], [ 7.5729, 43.93779 ], [ 7.57074, 43.93813 ], [ 7.56984, 43.94064 ], [ 7.56763, 43.94183 ], [ 7.56664, 43.94326 ], [ 7.56917, 43.94433 ], [ 7.56938, 43.94742 ], [ 7.57184, 43.94715 ], [ 7.57439, 43.94766 ], [ 7.57876, 43.94971 ], [ 7.58143, 43.94818 ], [ 7.58318, 43.95179 ], [ 7.58764, 43.95493 ], [ 7.5929, 43.95518 ], [ 7.59379, 43.956 ], [ 7.59722, 43.95597 ], [ 7.59847, 43.95736 ], [ 7.60161, 43.95766 ], [ 7.60617, 43.9561 ], [ 7.60877, 43.95603 ], [ 7.61081, 43.95422 ], [ 7.61142, 43.95545 ], [ 7.61478, 43.95756 ], [ 7.62034, 43.96036 ], [ 7.62164, 43.96026 ], [ 7.62635, 43.96193 ], [ 7.63135, 43.96423 ], [ 7.6332, 43.96652 ], [ 7.63641, 43.96908 ], [ 7.64007, 43.97013 ], [ 7.64019, 43.97157 ], [ 7.64346, 43.97395 ], [ 7.64693, 43.97419 ], [ 7.65244, 43.97371 ], [ 7.65267, 43.9755 ], [ 7.65525, 43.97655 ], [ 7.6553, 43.97979 ], [ 7.65584, 43.98099 ], [ 7.65566, 43.98519 ], [ 7.65825, 43.98562 ], [ 7.6594, 43.9865 ], [ 7.66225, 43.98624 ], [ 7.66374, 43.98693 ], [ 7.66325, 43.99129 ], [ 7.66384, 43.99234 ], [ 7.66664, 43.99419 ], [ 7.66653, 43.9951 ], [ 7.67044, 43.99826 ], [ 7.66898, 43.99994 ], [ 7.66773, 44.00487 ], [ 7.66774, 44.0065 ], [ 7.66608, 44.00739 ], [ 7.665, 44.00934 ], [ 7.66556, 44.01133 ], [ 7.66368, 44.01277 ], [ 7.66284, 44.01458 ], [ 7.66183, 44.01791 ], [ 7.6632, 44.0206 ], [ 7.66152, 44.02212 ], [ 7.66196, 44.0235 ], [ 7.66225, 44.02822 ], [ 7.66465, 44.02915 ], [ 7.66561, 44.03144 ], [ 7.67083, 44.03048 ], [ 7.67222, 44.02975 ], [ 7.67543, 44.02946 ], [ 7.67611, 44.03204 ], [ 7.67938, 44.03364 ], [ 7.68311, 44.03631 ], [ 7.68602, 44.03734 ], [ 7.69082, 44.04001 ], [ 7.69554, 44.03966 ], [ 7.6977, 44.04068 ], [ 7.70046, 44.04073 ], [ 7.70277, 44.0435 ], [ 7.70359, 44.04767 ], [ 7.70259, 44.04915 ], [ 7.70508, 44.05458 ], [ 7.70773, 44.05766 ], [ 7.71117, 44.06025 ], [ 7.71444, 44.06122 ], [ 7.71288, 44.06256 ], [ 7.71408, 44.06543 ], [ 7.71361, 44.07069 ], [ 7.71417, 44.07202 ], [ 7.71285, 44.07461 ], [ 7.71564, 44.0778 ], [ 7.71546, 44.07998 ], [ 7.71615, 44.0813 ], [ 7.71881, 44.08253 ], [ 7.71508, 44.08405 ], [ 7.71196, 44.08826 ], [ 7.70958, 44.08973 ], [ 7.70876, 44.09085 ], [ 7.70552, 44.09254 ], [ 7.70139, 44.09395 ], [ 7.69661, 44.09774 ], [ 7.69639, 44.09991 ], [ 7.69378, 44.10391 ], [ 7.69162, 44.10564 ], [ 7.68999, 44.10837 ], [ 7.68741, 44.11043 ], [ 7.68517, 44.11117 ], [ 7.68285, 44.11384 ], [ 7.67932, 44.11501 ], [ 7.67656, 44.11708 ], [ 7.67451, 44.11789 ], [ 7.67287, 44.11982 ], [ 7.67181, 44.12194 ], [ 7.67031, 44.12827 ], [ 7.66787, 44.12961 ], [ 7.66656, 44.13112 ], [ 7.66715, 44.13343 ], [ 7.67061, 44.13652 ], [ 7.67391, 44.1383 ], [ 7.67632, 44.14081 ], [ 7.67665, 44.14214 ], [ 7.67794, 44.14542 ], [ 7.67946, 44.14715 ], [ 7.67646, 44.14779 ], [ 7.67524, 44.15015 ], [ 7.67084, 44.15293 ], [ 7.67179, 44.15839 ], [ 7.67298, 44.15995 ], [ 7.67543, 44.16137 ], [ 7.67958, 44.16284 ], [ 7.68095, 44.16426 ], [ 7.68173, 44.16793 ], [ 7.68399, 44.17153 ], [ 7.68459, 44.17402 ], [ 7.68261, 44.17425 ], [ 7.68059, 44.1761 ], [ 7.67783, 44.17682 ], [ 7.67278, 44.17719 ], [ 7.6698, 44.17539 ], [ 7.6681, 44.176 ], [ 7.66457, 44.17572 ], [ 7.66115, 44.17669 ], [ 7.65464, 44.17745 ], [ 7.65226, 44.17683 ], [ 7.65096, 44.1778 ], [ 7.64956, 44.17737 ], [ 7.64614, 44.17843 ], [ 7.64483, 44.17782 ], [ 7.63662, 44.1771 ], [ 7.63253, 44.17337 ], [ 7.63218, 44.17236 ], [ 7.63006, 44.17024 ], [ 7.63158, 44.16845 ], [ 7.6299, 44.16489 ], [ 7.62782, 44.16417 ], [ 7.62687, 44.16341 ], [ 7.62789, 44.16069 ], [ 7.62727, 44.15869 ], [ 7.62485, 44.15539 ], [ 7.62183, 44.15318 ], [ 7.62005, 44.14951 ], [ 7.61835, 44.14937 ], [ 7.61177, 44.15003 ], [ 7.60981, 44.14981 ], [ 7.60306, 44.15003 ], [ 7.59877, 44.15171 ], [ 7.5981, 44.15256 ], [ 7.5947, 44.15253 ], [ 7.58994, 44.15035 ], [ 7.58545, 44.15052 ], [ 7.58262, 44.15179 ], [ 7.57882, 44.152 ], [ 7.57656, 44.15332 ], [ 7.5751, 44.15321 ], [ 7.57244, 44.15148 ], [ 7.56811, 44.15353 ], [ 7.56732, 44.15446 ], [ 7.56415, 44.15474 ], [ 7.56581, 44.15215 ], [ 7.56541, 44.15122 ], [ 7.5613, 44.14857 ], [ 7.55459, 44.14638 ], [ 7.5526, 44.14653 ], [ 7.5484, 44.1451 ], [ 7.54697, 44.14606 ], [ 7.54319, 44.1451 ], [ 7.53822, 44.14551 ], [ 7.5351, 44.14706 ], [ 7.53456, 44.14798 ], [ 7.53086, 44.14648 ], [ 7.52982, 44.144 ], [ 7.5274, 44.14132 ], [ 7.52709, 44.13993 ], [ 7.52538, 44.13906 ], [ 7.52265, 44.13869 ], [ 7.52019, 44.13767 ], [ 7.51776, 44.13924 ], [ 7.51504, 44.13827 ], [ 7.51227, 44.14087 ], [ 7.51186, 44.14202 ], [ 7.50903, 44.14251 ], [ 7.507, 44.1444 ], [ 7.50509, 44.14327 ], [ 7.5023, 44.14299 ], [ 7.50081, 44.14225 ], [ 7.4984, 44.14204 ], [ 7.49313, 44.14044 ], [ 7.49223, 44.13866 ], [ 7.49039, 44.137 ], [ 7.48429, 44.13452 ], [ 7.48275, 44.13341 ], [ 7.47732, 44.13285 ], [ 7.47431, 44.13352 ], [ 7.47226, 44.13299 ], [ 7.46618, 44.12915 ], [ 7.46401, 44.1274 ], [ 7.46068, 44.12579 ], [ 7.4576, 44.12638 ], [ 7.45489, 44.12763 ], [ 7.45214, 44.12762 ], [ 7.44823, 44.12884 ], [ 7.44618, 44.12897 ], [ 7.4432, 44.12783 ], [ 7.43585, 44.12902 ], [ 7.43246, 44.13022 ], [ 7.42979, 44.12975 ], [ 7.43006, 44.12649 ], [ 7.42921, 44.12531 ], [ 7.429, 44.12279 ], [ 7.42688, 44.12149 ], [ 7.42626, 44.11868 ], [ 7.42764, 44.11641 ], [ 7.42694, 44.1149 ], [ 7.42695, 44.11288 ], [ 7.42475, 44.11193 ], [ 7.4221, 44.11246 ], [ 7.42014, 44.11444 ], [ 7.41758, 44.11519 ], [ 7.4145, 44.11866 ], [ 7.41064, 44.11956 ], [ 7.40938, 44.11947 ], [ 7.40661, 44.11793 ], [ 7.40267, 44.11937 ], [ 7.39693, 44.12318 ], [ 7.39289, 44.12503 ], [ 7.39096, 44.12449 ], [ 7.38893, 44.12479 ], [ 7.38589, 44.12367 ], [ 7.38398, 44.12263 ], [ 7.38129, 44.12198 ], [ 7.37678, 44.12038 ], [ 7.37414, 44.11873 ], [ 7.36786, 44.1164 ], [ 7.36439, 44.1175 ], [ 7.36142, 44.11637 ], [ 7.358, 44.11602 ], [ 7.35706, 44.1166 ], [ 7.35644, 44.12037 ], [ 7.355, 44.12255 ], [ 7.35436, 44.12471 ], [ 7.35186, 44.12625 ], [ 7.35122, 44.1289 ], [ 7.34865, 44.1327 ], [ 7.34735, 44.13574 ], [ 7.34573, 44.13649 ], [ 7.3467, 44.13779 ], [ 7.34565, 44.14317 ], [ 7.34467, 44.14474 ], [ 7.34187, 44.14585 ], [ 7.33735, 44.14497 ], [ 7.33432, 44.14469 ], [ 7.33261, 44.14379 ], [ 7.32831, 44.14469 ], [ 7.32121, 44.14275 ], [ 7.31754, 44.14313 ], [ 7.31525, 44.14486 ], [ 7.31361, 44.14537 ], [ 7.31084, 44.14748 ], [ 7.30805, 44.14422 ], [ 7.30333, 44.14605 ], [ 7.30123, 44.14497 ], [ 7.29865, 44.14476 ], [ 7.29595, 44.14402 ], [ 7.29212, 44.14527 ], [ 7.28792, 44.14523 ], [ 7.28679, 44.14456 ], [ 7.28568, 44.14253 ], [ 7.28313, 44.14106 ], [ 7.28136, 44.14087 ], [ 7.27955, 44.14181 ], [ 7.27819, 44.14345 ], [ 7.27624, 44.14415 ], [ 7.27178, 44.14764 ], [ 7.26278, 44.14803 ], [ 7.26086, 44.14982 ], [ 7.25897, 44.15333 ], [ 7.25657, 44.15537 ], [ 7.25382, 44.15545 ], [ 7.25169, 44.15608 ], [ 7.24819, 44.15907 ], [ 7.24706, 44.16227 ], [ 7.24524, 44.16371 ], [ 7.24499, 44.16593 ], [ 7.24336, 44.16825 ], [ 7.24351, 44.17157 ], [ 7.2409, 44.17336 ], [ 7.2374, 44.17405 ], [ 7.23556, 44.17544 ], [ 7.23375, 44.17389 ], [ 7.23307, 44.17185 ], [ 7.23016, 44.1699 ], [ 7.22832, 44.16818 ], [ 7.22445, 44.16902 ], [ 7.22089, 44.16831 ], [ 7.2194, 44.16847 ], [ 7.21821, 44.17005 ], [ 7.21591, 44.17105 ], [ 7.21386, 44.17502 ], [ 7.21084, 44.17654 ], [ 7.20479, 44.17905 ], [ 7.20463, 44.1824 ], [ 7.20339, 44.18479 ], [ 7.20068, 44.18698 ], [ 7.19677, 44.18629 ], [ 7.19361, 44.1871 ], [ 7.19377, 44.18976 ], [ 7.19045, 44.1944 ], [ 7.18942, 44.19544 ], [ 7.18874, 44.2003 ], [ 7.18613, 44.20135 ], [ 7.18305, 44.199 ], [ 7.18096, 44.19868 ], [ 7.17766, 44.19725 ], [ 7.17532, 44.20014 ], [ 7.172, 44.20168 ], [ 7.16747, 44.20236 ], [ 7.16632, 44.2035 ], [ 7.16573, 44.20631 ], [ 7.16274, 44.20801 ], [ 7.15893, 44.20583 ], [ 7.15692, 44.20421 ], [ 7.15466, 44.2034 ], [ 7.15227, 44.20328 ], [ 7.14886, 44.20153 ], [ 7.14844, 44.20005 ], [ 7.1436, 44.20012 ], [ 7.14105, 44.201 ], [ 7.13843, 44.20264 ], [ 7.13688, 44.20433 ], [ 7.13058, 44.20712 ], [ 7.12715, 44.21038 ], [ 7.12559, 44.21125 ], [ 7.12141, 44.21228 ], [ 7.11882, 44.21514 ], [ 7.11757, 44.21519 ], [ 7.1139, 44.21782 ], [ 7.11235, 44.21735 ], [ 7.10758, 44.21804 ], [ 7.10175, 44.22036 ], [ 7.09607, 44.22055 ], [ 7.09423, 44.22112 ], [ 7.09254, 44.22025 ], [ 7.09103, 44.22181 ], [ 7.09048, 44.22507 ], [ 7.08654, 44.22928 ], [ 7.08355, 44.22955 ], [ 7.08069, 44.23047 ], [ 7.07922, 44.23162 ], [ 7.07681, 44.23221 ], [ 7.07022, 44.23298 ], [ 7.06817, 44.23225 ], [ 7.0653, 44.22999 ], [ 7.06514, 44.22809 ], [ 7.06159, 44.22671 ], [ 7.05787, 44.22885 ], [ 7.05582, 44.22934 ], [ 7.05119, 44.22849 ], [ 7.04853, 44.22726 ], [ 7.04495, 44.22645 ], [ 7.03884, 44.22373 ], [ 7.03606, 44.22426 ], [ 7.03302, 44.22541 ], [ 7.031, 44.22761 ], [ 7.03111, 44.22977 ], [ 7.03035, 44.23138 ], [ 7.02716, 44.2306 ], [ 7.02523, 44.2315 ], [ 7.02251, 44.23426 ], [ 7.01926, 44.2322 ], [ 7.01676, 44.23221 ], [ 7.01458, 44.23329 ], [ 7.01398, 44.23444 ], [ 7.01162, 44.23544 ], [ 7.00852, 44.23524 ], [ 7.00447, 44.24101 ], [ 7.0042, 44.24237 ], [ 7.00098, 44.24372 ], [ 7.00052, 44.24495 ], [ 7.0011, 44.24682 ], [ 6.99845, 44.24881 ], [ 6.99828, 44.25 ], [ 6.99663, 44.25209 ], [ 6.99691, 44.25479 ], [ 6.99766, 44.25557 ], [ 6.99843, 44.25883 ], [ 6.99673, 44.26372 ], [ 6.99534, 44.26499 ], [ 6.99638, 44.26645 ], [ 6.99552, 44.26905 ], [ 6.9967, 44.2712 ], [ 6.99722, 44.27384 ], [ 6.99565, 44.27548 ], [ 6.99468, 44.27741 ], [ 6.99572, 44.27988 ], [ 6.99429, 44.2804 ], [ 6.99004, 44.28315 ], [ 6.98681, 44.28427 ], [ 6.9834, 44.28486 ], [ 6.98135, 44.28675 ], [ 6.97915, 44.28666 ], [ 6.97685, 44.28535 ], [ 6.97553, 44.28527 ], [ 6.97188, 44.28362 ], [ 6.96899, 44.28679 ], [ 6.9696, 44.2888 ], [ 6.97152, 44.29174 ], [ 6.97127, 44.29347 ], [ 6.97022, 44.29441 ], [ 6.96672, 44.29541 ], [ 6.96281, 44.29345 ], [ 6.95946, 44.29413 ], [ 6.95753, 44.29511 ], [ 6.95586, 44.29706 ], [ 6.95656, 44.29929 ], [ 6.95858, 44.3021 ], [ 6.95796, 44.30537 ], [ 6.96072, 44.30864 ], [ 6.96053, 44.31085 ], [ 6.95753, 44.31354 ], [ 6.95462, 44.31479 ], [ 6.95308, 44.31679 ], [ 6.95318, 44.31876 ], [ 6.95227, 44.31934 ], [ 6.94645, 44.32029 ], [ 6.94188, 44.3244 ], [ 6.93862, 44.32453 ], [ 6.93687, 44.32856 ], [ 6.935, 44.32968 ], [ 6.9332, 44.32998 ], [ 6.9308, 44.33124 ], [ 6.92724, 44.33242 ], [ 6.92622, 44.33395 ], [ 6.92654, 44.33556 ], [ 6.92538, 44.33836 ], [ 6.92404, 44.33971 ], [ 6.92418, 44.34088 ], [ 6.92207, 44.34192 ], [ 6.92089, 44.34516 ], [ 6.92211, 44.34623 ], [ 6.92257, 44.35073 ], [ 6.91827, 44.35293 ], [ 6.91455, 44.35343 ], [ 6.91234, 44.35322 ], [ 6.91078, 44.35409 ], [ 6.90938, 44.35639 ], [ 6.90612, 44.35811 ], [ 6.90419, 44.3584 ], [ 6.8998, 44.35758 ], [ 6.89879, 44.35835 ], [ 6.88743, 44.36105 ], [ 6.88695, 44.36526 ], [ 6.88837, 44.36737 ], [ 6.89025, 44.36819 ], [ 6.89245, 44.36824 ], [ 6.89518, 44.37016 ], [ 6.89623, 44.37252 ], [ 6.89685, 44.37559 ], [ 6.89562, 44.3774 ], [ 6.89493, 44.38072 ], [ 6.89598, 44.38451 ], [ 6.89547, 44.38764 ], [ 6.89478, 44.38862 ], [ 6.89559, 44.39097 ], [ 6.89551, 44.3925 ], [ 6.8968, 44.39444 ], [ 6.89618, 44.39613 ], [ 6.89452, 44.39751 ], [ 6.89475, 44.40214 ], [ 6.89724, 44.40411 ], [ 6.89765, 44.4055 ], [ 6.89704, 44.40723 ], [ 6.89409, 44.40978 ], [ 6.89432, 44.41288 ], [ 6.89363, 44.41431 ], [ 6.89265, 44.42034 ], [ 6.89287, 44.42078 ], [ 6.89747, 44.42087 ], [ 6.89946, 44.42218 ], [ 6.90288, 44.42045 ], [ 6.9153, 44.42638 ], [ 6.91796, 44.4274 ], [ 6.92053, 44.42553 ], [ 6.922, 44.4235 ], [ 6.92475, 44.42235 ], [ 6.92643, 44.42372 ], [ 6.92886, 44.42422 ], [ 6.93116, 44.42403 ], [ 6.93332, 44.42508 ], [ 6.93255, 44.42727 ], [ 6.93331, 44.42975 ], [ 6.93708, 44.4297 ], [ 6.9393, 44.42839 ], [ 6.94368, 44.42803 ], [ 6.94608, 44.42727 ], [ 6.94809, 44.4297 ], [ 6.94484, 44.43164 ], [ 6.94415, 44.43248 ], [ 6.94197, 44.43279 ], [ 6.93936, 44.43385 ], [ 6.93889, 44.43688 ], [ 6.93637, 44.43992 ], [ 6.93331, 44.44026 ], [ 6.93253, 44.44151 ], [ 6.9255, 44.44427 ], [ 6.92511, 44.44487 ], [ 6.92097, 44.44571 ], [ 6.91751, 44.44828 ], [ 6.91505, 44.44906 ], [ 6.91107, 44.45214 ], [ 6.91184, 44.45301 ], [ 6.91154, 44.45487 ], [ 6.90949, 44.45842 ], [ 6.90767, 44.46084 ], [ 6.90781, 44.46259 ], [ 6.90618, 44.46766 ], [ 6.90086, 44.47048 ], [ 6.8973, 44.47082 ], [ 6.89497, 44.47158 ], [ 6.89165, 44.47189 ], [ 6.88601, 44.47545 ], [ 6.88234, 44.47677 ], [ 6.88071, 44.47927 ], [ 6.87737, 44.48079 ], [ 6.87591, 44.48248 ], [ 6.87699, 44.48414 ], [ 6.87742, 44.48652 ], [ 6.87684, 44.48871 ], [ 6.87103, 44.49078 ], [ 6.87063, 44.49165 ], [ 6.86816, 44.49288 ], [ 6.86567, 44.495 ], [ 6.86446, 44.49875 ], [ 6.86185, 44.50006 ], [ 6.8615, 44.50139 ], [ 6.85967, 44.50279 ], [ 6.86123, 44.50342 ], [ 6.85996, 44.50572 ], [ 6.85816, 44.50698 ], [ 6.8594, 44.50981 ], [ 6.85847, 44.51272 ], [ 6.85703, 44.51368 ], [ 6.85644, 44.51663 ], [ 6.85721, 44.51832 ], [ 6.85741, 44.52259 ], [ 6.85512, 44.52651 ], [ 6.8534, 44.52881 ], [ 6.85523, 44.52965 ], [ 6.85554, 44.53186 ], [ 6.8579, 44.53402 ], [ 6.85933, 44.5346 ], [ 6.86277, 44.53496 ], [ 6.86984, 44.53684 ], [ 6.86995, 44.53917 ], [ 6.87184, 44.54321 ], [ 6.87236, 44.54566 ], [ 6.8745, 44.54648 ], [ 6.87681, 44.54629 ], [ 6.87706, 44.54873 ], [ 6.87606, 44.55061 ], [ 6.87688, 44.55297 ], [ 6.87856, 44.55434 ], [ 6.88025, 44.55414 ], [ 6.88183, 44.5525 ], [ 6.88385, 44.55183 ], [ 6.89038, 44.55234 ], [ 6.89175, 44.55449 ], [ 6.89473, 44.55546 ], [ 6.89863, 44.55536 ], [ 6.90192, 44.55391 ], [ 6.90477, 44.55646 ], [ 6.90731, 44.55753 ], [ 6.91321, 44.55883 ], [ 6.91498, 44.55884 ], [ 6.91622, 44.56038 ], [ 6.91592, 44.5621 ], [ 6.91412, 44.56343 ], [ 6.91317, 44.56559 ], [ 6.91358, 44.56927 ], [ 6.91657, 44.5696 ], [ 6.92014, 44.56937 ], [ 6.92256, 44.57054 ], [ 6.932, 44.57272 ], [ 6.93287, 44.57337 ], [ 6.93351, 44.57595 ], [ 6.93127, 44.5819 ], [ 6.93236, 44.58376 ], [ 6.93474, 44.58609 ], [ 6.93364, 44.58654 ], [ 6.93329, 44.59169 ], [ 6.93273, 44.59271 ], [ 6.93375, 44.59686 ], [ 6.93761, 44.59847 ], [ 6.93825, 44.59921 ], [ 6.93683, 44.60129 ], [ 6.93768, 44.60338 ], [ 6.94105, 44.6045 ], [ 6.94342, 44.60571 ], [ 6.94596, 44.60597 ], [ 6.95031, 44.61004 ], [ 6.95039, 44.61336 ], [ 6.94897, 44.61455 ], [ 6.94838, 44.61745 ], [ 6.94926, 44.61918 ], [ 6.95299, 44.62006 ], [ 6.9549, 44.62094 ], [ 6.95958, 44.62115 ], [ 6.96381, 44.61882 ], [ 6.96583, 44.61878 ], [ 6.96837, 44.6198 ], [ 6.96741, 44.62205 ], [ 6.96831, 44.62472 ], [ 6.96234, 44.62658 ], [ 6.96081, 44.62944 ], [ 6.9556, 44.63551 ], [ 6.95375, 44.63703 ], [ 6.95306, 44.63845 ], [ 6.95368, 44.64153 ], [ 6.95366, 44.64384 ], [ 6.95194, 44.64611 ], [ 6.95145, 44.64865 ], [ 6.948, 44.65222 ], [ 6.94834, 44.65482 ], [ 6.95122, 44.65863 ], [ 6.95631, 44.66144 ], [ 6.9588, 44.66247 ], [ 6.95929, 44.66479 ], [ 6.95818, 44.66678 ], [ 6.95897, 44.66863 ], [ 6.95769, 44.66932 ], [ 6.95765, 44.6713 ], [ 6.95893, 44.67386 ], [ 6.96165, 44.67624 ], [ 6.96318, 44.67811 ], [ 6.9654, 44.67752 ], [ 6.97121, 44.6772 ], [ 6.97148, 44.67836 ], [ 6.97617, 44.68092 ], [ 6.97762, 44.68343 ], [ 6.97918, 44.68379 ], [ 6.98425, 44.68641 ], [ 6.98623, 44.68808 ], [ 6.98707, 44.69014 ], [ 6.99036, 44.69045 ], [ 6.99608, 44.69033 ], [ 6.99916, 44.69045 ], [ 7.00158, 44.6876 ], [ 7.00471, 44.68716 ], [ 7.0069, 44.68856 ], [ 7.0093, 44.68842 ], [ 7.0139, 44.68909 ], [ 7.01779, 44.68875 ], [ 7.02049, 44.6903 ], [ 7.02373, 44.6913 ], [ 7.02682, 44.69109 ], [ 7.03031, 44.6914 ], [ 7.03679, 44.68937 ], [ 7.04054, 44.68657 ], [ 7.04438, 44.68469 ], [ 7.04611, 44.6844 ], [ 7.04716, 44.68323 ], [ 7.04965, 44.68267 ], [ 7.05381, 44.68273 ], [ 7.05684, 44.68094 ], [ 7.05973, 44.67996 ], [ 7.06348, 44.68026 ], [ 7.07163, 44.67948 ], [ 7.07711, 44.68092 ], [ 7.0755, 44.68455 ], [ 7.07473, 44.68755 ], [ 7.07559, 44.6903 ], [ 7.07315, 44.69384 ], [ 7.07318, 44.69564 ], [ 7.07099, 44.69816 ], [ 7.07076, 44.70088 ], [ 7.06796, 44.7022 ], [ 7.06761, 44.70497 ], [ 7.06524, 44.70826 ], [ 7.06638, 44.71078 ], [ 7.06602, 44.71333 ], [ 7.06207, 44.71448 ], [ 7.05462, 44.71474 ], [ 7.0449, 44.71802 ], [ 7.04211, 44.71855 ], [ 7.04032, 44.72001 ], [ 7.03871, 44.72211 ], [ 7.03669, 44.72354 ], [ 7.03597, 44.72501 ], [ 7.03272, 44.72785 ], [ 7.02991, 44.72976 ], [ 7.03065, 44.73199 ], [ 7.02895, 44.73526 ], [ 7.02742, 44.73573 ], [ 7.02646, 44.73734 ], [ 7.02345, 44.74003 ], [ 7.02534, 44.74226 ], [ 7.02617, 44.74461 ], [ 7.02329, 44.74748 ], [ 7.02324, 44.74915 ], [ 7.02134, 44.75148 ], [ 7.02197, 44.75466 ], [ 7.02425, 44.75541 ], [ 7.02519, 44.76011 ], [ 7.02475, 44.76238 ], [ 7.02373, 44.76409 ], [ 7.02172, 44.76561 ], [ 7.02049, 44.76779 ], [ 7.0212, 44.76995 ], [ 7.02229, 44.77079 ], [ 7.01993, 44.77263 ], [ 7.01997, 44.77398 ], [ 7.01873, 44.77659 ], [ 7.01505, 44.779 ], [ 7.01171, 44.78369 ], [ 7.00981, 44.78443 ], [ 7.00594, 44.78514 ], [ 7.00013, 44.78858 ], [ 6.9994, 44.78968 ], [ 7.00102, 44.79187 ], [ 7.00395, 44.79284 ], [ 7.00513, 44.79567 ], [ 7.00802, 44.7979 ], [ 7.00945, 44.79834 ], [ 7.00928, 44.8001 ], [ 7.0101, 44.80245 ], [ 7.01203, 44.8036 ], [ 7.01349, 44.80605 ], [ 7.01466, 44.80957 ], [ 7.01962, 44.81311 ], [ 7.02036, 44.81601 ], [ 7.01959, 44.8174 ], [ 7.02057, 44.81947 ], [ 7.0204, 44.82123 ], [ 7.02252, 44.82164 ], [ 7.02384, 44.82307 ], [ 7.02196, 44.82339 ], [ 7.01955, 44.82483 ], [ 7.01266, 44.82511 ], [ 7.00983, 44.82599 ], [ 7.00967, 44.82879 ], [ 7.00852, 44.8319 ], [ 7.00635, 44.83569 ], [ 7.00677, 44.83932 ], [ 7.00125, 44.84229 ], [ 6.99621, 44.84186 ], [ 6.99383, 44.84227 ], [ 6.9906, 44.84389 ], [ 6.9855, 44.84509 ], [ 6.98127, 44.84679 ], [ 6.97776, 44.84581 ], [ 6.97515, 44.84627 ], [ 6.97103, 44.8463 ], [ 6.96947, 44.8482 ], [ 6.96456, 44.84944 ], [ 6.9613, 44.85066 ], [ 6.95755, 44.85278 ], [ 6.95494, 44.85515 ], [ 6.95012, 44.85597 ], [ 6.94583, 44.85772 ], [ 6.94417, 44.85908 ], [ 6.94237, 44.8597 ], [ 6.93724, 44.86045 ], [ 6.93588, 44.86168 ], [ 6.93294, 44.86224 ], [ 6.93121, 44.86353 ], [ 6.92979, 44.8616 ], [ 6.92681, 44.8592 ], [ 6.92632, 44.85777 ], [ 6.92691, 44.85635 ], [ 6.92421, 44.85434 ], [ 6.92213, 44.85113 ], [ 6.92051, 44.84998 ], [ 6.91513, 44.84749 ], [ 6.91316, 44.84499 ], [ 6.9071, 44.84438 ], [ 6.9057, 44.84525 ], [ 6.90466, 44.84723 ], [ 6.90345, 44.84795 ], [ 6.90033, 44.84785 ], [ 6.89816, 44.84847 ], [ 6.89621, 44.84783 ], [ 6.89243, 44.8482 ], [ 6.88724, 44.84724 ], [ 6.88338, 44.8481 ], [ 6.8819, 44.84938 ], [ 6.87746, 44.85104 ], [ 6.87375, 44.85061 ], [ 6.87019, 44.84961 ], [ 6.86324, 44.85061 ], [ 6.85986, 44.8529 ], [ 6.85791, 44.85547 ], [ 6.85637, 44.85611 ], [ 6.85479, 44.85776 ], [ 6.85122, 44.85744 ], [ 6.84706, 44.85855 ], [ 6.84492, 44.85949 ], [ 6.8413, 44.85958 ], [ 6.83933, 44.86028 ], [ 6.8382, 44.86186 ], [ 6.83334, 44.8639 ], [ 6.83235, 44.86583 ], [ 6.83023, 44.86781 ], [ 6.82701, 44.86806 ], [ 6.82385, 44.86905 ], [ 6.82184, 44.87079 ], [ 6.81926, 44.87107 ], [ 6.81612, 44.87227 ], [ 6.81555, 44.87307 ], [ 6.81173, 44.8751 ], [ 6.80796, 44.87566 ], [ 6.80335, 44.87807 ], [ 6.80301, 44.87954 ], [ 6.80018, 44.88434 ], [ 6.79955, 44.88769 ], [ 6.80152, 44.89112 ], [ 6.7919, 44.88943 ], [ 6.78468, 44.88975 ], [ 6.7837, 44.8919 ], [ 6.7842, 44.8937 ], [ 6.78235, 44.89395 ], [ 6.7804, 44.89336 ], [ 6.77884, 44.89525 ], [ 6.77835, 44.89886 ], [ 6.77637, 44.8998 ], [ 6.77646, 44.9008 ], [ 6.77118, 44.90344 ], [ 6.76675, 44.90233 ], [ 6.76169, 44.90253 ], [ 6.75831, 44.90387 ], [ 6.75464, 44.90492 ], [ 6.75102, 44.90551 ], [ 6.74977, 44.90754 ], [ 6.7508, 44.90943 ], [ 6.75055, 44.91463 ], [ 6.75197, 44.91733 ], [ 6.75177, 44.91977 ], [ 6.75009, 44.9201 ], [ 6.74886, 44.92244 ], [ 6.75389, 44.92838 ], [ 6.75428, 44.93187 ], [ 6.75726, 44.93104 ], [ 6.76104, 44.93077 ], [ 6.76031, 44.93192 ], [ 6.7609, 44.9332 ], [ 6.75797, 44.93709 ], [ 6.75308, 44.93787 ], [ 6.7509, 44.93678 ], [ 6.74484, 44.93559 ], [ 6.74414, 44.93721 ], [ 6.74604, 44.93783 ], [ 6.74682, 44.93914 ], [ 6.75005, 44.9406 ], [ 6.75308, 44.94296 ], [ 6.75389, 44.94595 ], [ 6.75615, 44.94577 ], [ 6.75629, 44.94698 ], [ 6.75839, 44.9478 ], [ 6.75849, 44.94906 ], [ 6.76494, 44.95967 ], [ 6.76525, 44.96197 ], [ 6.76347, 44.97122 ], [ 6.76103, 44.97257 ], [ 6.75639, 44.97424 ], [ 6.75578, 44.97526 ], [ 6.75137, 44.97777 ], [ 6.74965, 44.97744 ], [ 6.74998, 44.97989 ], [ 6.74919, 44.98218 ], [ 6.74932, 44.98488 ], [ 6.742, 44.98876 ], [ 6.73785, 44.98923 ], [ 6.73716, 44.99349 ], [ 6.74126, 44.99397 ], [ 6.74252, 44.99482 ], [ 6.74986, 44.99531 ], [ 6.75169, 44.99663 ], [ 6.7507, 44.99879 ], [ 6.74992, 45.00364 ], [ 6.74833, 45.00518 ], [ 6.74739, 45.00775 ], [ 6.74487, 45.01154 ], [ 6.7454, 45.0143 ], [ 6.74301, 45.01647 ], [ 6.74081, 45.01673 ], [ 6.73364, 45.01849 ], [ 6.72933, 45.02037 ], [ 6.72744, 45.02043 ], [ 6.72568, 45.0215 ], [ 6.72119, 45.02203 ], [ 6.71767, 45.02058 ], [ 6.71044, 45.0209 ], [ 6.70703, 45.02188 ], [ 6.70341, 45.02122 ], [ 6.69188, 45.02074 ], [ 6.6879, 45.02098 ], [ 6.68432, 45.02234 ], [ 6.68311, 45.02234 ], [ 6.67968, 45.02057 ], [ 6.67784, 45.02069 ], [ 6.67514, 45.01939 ], [ 6.67388, 45.01962 ], [ 6.67158, 45.0229 ], [ 6.67084, 45.02901 ], [ 6.66941, 45.02857 ], [ 6.6665, 45.03043 ], [ 6.6642, 45.03385 ], [ 6.66462, 45.03587 ], [ 6.66572, 45.03717 ], [ 6.66495, 45.03954 ], [ 6.66676, 45.04088 ], [ 6.67033, 45.04178 ], [ 6.66949, 45.04424 ], [ 6.66841, 45.04577 ], [ 6.66681, 45.04664 ], [ 6.66555, 45.04854 ], [ 6.66135, 45.05 ], [ 6.65883, 45.05221 ], [ 6.66197, 45.05425 ], [ 6.66365, 45.05698 ], [ 6.66345, 45.05957 ], [ 6.66276, 45.06147 ], [ 6.66303, 45.06327 ], [ 6.66223, 45.06812 ], [ 6.66298, 45.0695 ], [ 6.66211, 45.07164 ], [ 6.65876, 45.07194 ], [ 6.65488, 45.07092 ], [ 6.64999, 45.07353 ], [ 6.64762, 45.07412 ], [ 6.64524, 45.07564 ], [ 6.64641, 45.08011 ], [ 6.64676, 45.08497 ], [ 6.64122, 45.08734 ], [ 6.64107, 45.08977 ], [ 6.63885, 45.09138 ], [ 6.63605, 45.09406 ], [ 6.63326, 45.09407 ], [ 6.63121, 45.09919 ], [ 6.62978, 45.10046 ], [ 6.62749, 45.10122 ], [ 6.62671, 45.10376 ], [ 6.62999, 45.10933 ], [ 6.62729, 45.11078 ], [ 6.62482, 45.11524 ], [ 6.62041, 45.11671 ], [ 6.6181, 45.11981 ], [ 6.61555, 45.12148 ], [ 6.61273, 45.12046 ], [ 6.60829, 45.12071 ], [ 6.6065, 45.1196 ], [ 6.60295, 45.11979 ], [ 6.60171, 45.1218 ], [ 6.59559, 45.11919 ], [ 6.59271, 45.11894 ], [ 6.58892, 45.1193 ], [ 6.58718, 45.11996 ], [ 6.58452, 45.12009 ], [ 6.58176, 45.12142 ], [ 6.57653, 45.1231 ], [ 6.57475, 45.12131 ], [ 6.57221, 45.1196 ], [ 6.5708, 45.11685 ], [ 6.56805, 45.11597 ], [ 6.56391, 45.11382 ], [ 6.56135, 45.11122 ], [ 6.56173, 45.1102 ], [ 6.5613, 45.10531 ], [ 6.55866, 45.10397 ], [ 6.55481, 45.10424 ], [ 6.55104, 45.10329 ], [ 6.54845, 45.10168 ], [ 6.54545, 45.10061 ], [ 6.54101, 45.1 ], [ 6.53916, 45.09909 ], [ 6.53427, 45.09904 ], [ 6.52971, 45.09857 ], [ 6.52798, 45.09994 ], [ 6.52552, 45.10039 ], [ 6.52166, 45.10413 ], [ 6.51943, 45.10516 ], [ 6.51667, 45.10549 ], [ 6.51042, 45.109 ], [ 6.50736, 45.10523 ], [ 6.5047, 45.10367 ], [ 6.49952, 45.10159 ], [ 6.49382, 45.09994 ], [ 6.49085, 45.09768 ], [ 6.48746, 45.09653 ], [ 6.48669, 45.09535 ], [ 6.48426, 45.09434 ], [ 6.48049, 45.09417 ], [ 6.48038, 45.09079 ], [ 6.48194, 45.08853 ], [ 6.48556, 45.08584 ], [ 6.48698, 45.07992 ], [ 6.48411, 45.07894 ], [ 6.48311, 45.07722 ], [ 6.48447, 45.07587 ], [ 6.48699, 45.07471 ], [ 6.48851, 45.07285 ], [ 6.48873, 45.0696 ], [ 6.4896, 45.06767 ], [ 6.48915, 45.06571 ], [ 6.48657, 45.06508 ], [ 6.48601, 45.06266 ], [ 6.48721, 45.05995 ], [ 6.48659, 45.05935 ], [ 6.48708, 45.05641 ], [ 6.48623, 45.05607 ], [ 6.48111, 45.05631 ], [ 6.47902, 45.05566 ], [ 6.47411, 45.0562 ], [ 6.46891, 45.05561 ], [ 6.46657, 45.0547 ], [ 6.46289, 45.05412 ], [ 6.4578, 45.05399 ], [ 6.45354, 45.05184 ], [ 6.4518, 45.05172 ], [ 6.44769, 45.05272 ], [ 6.4434, 45.05508 ], [ 6.44409, 45.05676 ], [ 6.44163, 45.05803 ], [ 6.43979, 45.0616 ], [ 6.4386, 45.06258 ], [ 6.43619, 45.06277 ], [ 6.43427, 45.06359 ], [ 6.43173, 45.06369 ], [ 6.42914, 45.06284 ], [ 6.42439, 45.06048 ], [ 6.42278, 45.06008 ], [ 6.41898, 45.06117 ], [ 6.41352, 45.06325 ], [ 6.41078, 45.06402 ], [ 6.40818, 45.06402 ], [ 6.40378, 45.06476 ], [ 6.3979, 45.06254 ], [ 6.39635, 45.06105 ], [ 6.39464, 45.06143 ], [ 6.38854, 45.06398 ], [ 6.38427, 45.06391 ], [ 6.38237, 45.06502 ], [ 6.37944, 45.06749 ], [ 6.37736, 45.06789 ], [ 6.37486, 45.06749 ], [ 6.36488, 45.07017 ], [ 6.36507, 45.07129 ], [ 6.36772, 45.07363 ], [ 6.37073, 45.07754 ], [ 6.37214, 45.07857 ], [ 6.37264, 45.08035 ], [ 6.37419, 45.0816 ], [ 6.37467, 45.08317 ], [ 6.37241, 45.08544 ], [ 6.37127, 45.08914 ], [ 6.37126, 45.09085 ], [ 6.36699, 45.09622 ], [ 6.36574, 45.10096 ], [ 6.36308, 45.10392 ], [ 6.36278, 45.10506 ], [ 6.35867, 45.10655 ], [ 6.35548, 45.1082 ], [ 6.35153, 45.11077 ], [ 6.34874, 45.11293 ], [ 6.34784, 45.11445 ], [ 6.34598, 45.11528 ], [ 6.34305, 45.1152 ], [ 6.33992, 45.11612 ], [ 6.33954, 45.11775 ], [ 6.33789, 45.12065 ], [ 6.33423, 45.12294 ], [ 6.33363, 45.12075 ], [ 6.33229, 45.11873 ], [ 6.32882, 45.1174 ], [ 6.32699, 45.11571 ], [ 6.32484, 45.11484 ], [ 6.32247, 45.1146 ], [ 6.31862, 45.11311 ], [ 6.31733, 45.11199 ], [ 6.31283, 45.11151 ], [ 6.31042, 45.1116 ], [ 6.30191, 45.10896 ], [ 6.29922, 45.10855 ], [ 6.29694, 45.10881 ], [ 6.29355, 45.10851 ], [ 6.28956, 45.10965 ], [ 6.28628, 45.11016 ], [ 6.28488, 45.11111 ], [ 6.28261, 45.11412 ], [ 6.27675, 45.11495 ], [ 6.27484, 45.11578 ], [ 6.27374, 45.11752 ], [ 6.26963, 45.11969 ], [ 6.26911, 45.12146 ], [ 6.26772, 45.1225 ], [ 6.26671, 45.12452 ], [ 6.26417, 45.12641 ], [ 6.26057, 45.12685 ], [ 6.25905, 45.12429 ], [ 6.25714, 45.12218 ], [ 6.2545, 45.12079 ], [ 6.24652, 45.12034 ], [ 6.24564, 45.11969 ], [ 6.24016, 45.1128 ], [ 6.23922, 45.11225 ], [ 6.23372, 45.11176 ], [ 6.23154, 45.11061 ], [ 6.22885, 45.10831 ], [ 6.22974, 45.10541 ], [ 6.22984, 45.10121 ], [ 6.22943, 45.0997 ], [ 6.2306, 45.09817 ], [ 6.23071, 45.0961 ], [ 6.23452, 45.09228 ], [ 6.23583, 45.08723 ], [ 6.23721, 45.08579 ], [ 6.23828, 45.08274 ], [ 6.23753, 45.08217 ], [ 6.23801, 45.07873 ], [ 6.23902, 45.07784 ], [ 6.23924, 45.07514 ], [ 6.24073, 45.07387 ], [ 6.24452, 45.07171 ], [ 6.24348, 45.06937 ], [ 6.24012, 45.06772 ], [ 6.23289, 45.06675 ], [ 6.22979, 45.06729 ], [ 6.22468, 45.06679 ], [ 6.22008, 45.06537 ], [ 6.21903, 45.06108 ], [ 6.21781, 45.05995 ], [ 6.21679, 45.05702 ], [ 6.21692, 45.0553 ], [ 6.21534, 45.05323 ], [ 6.21558, 45.04831 ], [ 6.21441, 45.047 ], [ 6.21079, 45.04514 ], [ 6.21053, 45.04326 ], [ 6.20859, 45.04068 ], [ 6.20973, 45.03599 ], [ 6.20869, 45.03256 ], [ 6.20981, 45.02924 ], [ 6.2073, 45.02697 ], [ 6.20484, 45.02634 ], [ 6.20276, 45.02276 ], [ 6.20245, 45.02105 ], [ 6.20393, 45.01247 ], [ 6.20492, 45.01247 ], [ 6.21153, 45.00923 ], [ 6.23077, 45.00319 ], [ 6.25176, 44.9967 ], [ 6.25343, 44.99521 ], [ 6.25563, 44.99586 ], [ 6.25653, 44.99681 ], [ 6.26001, 44.99777 ], [ 6.26372, 44.99707 ], [ 6.26607, 44.99829 ], [ 6.27177, 44.99877 ], [ 6.27556, 45.00045 ], [ 6.27895, 45.00078 ], [ 6.28518, 45.00011 ], [ 6.29013, 45.0018 ], [ 6.29392, 45.00252 ], [ 6.29647, 45.00348 ], [ 6.30133, 45.00408 ], [ 6.30379, 45.003 ], [ 6.3064, 45.00475 ], [ 6.31332, 45.00385 ], [ 6.3182, 45.00386 ], [ 6.32164, 45.00018 ], [ 6.32352, 44.99907 ], [ 6.32341, 44.99822 ], [ 6.32125, 44.99727 ], [ 6.31889, 44.99262 ], [ 6.31593, 44.98997 ], [ 6.31712, 44.9888 ], [ 6.31633, 44.98667 ], [ 6.31679, 44.98423 ], [ 6.31528, 44.9822 ], [ 6.31482, 44.98018 ], [ 6.31543, 44.97904 ], [ 6.31848, 44.97714 ], [ 6.31819, 44.97593 ], [ 6.32229, 44.97429 ], [ 6.32269, 44.97203 ], [ 6.32592, 44.97003 ], [ 6.32954, 44.96924 ], [ 6.3279, 44.96474 ], [ 6.32522, 44.96344 ], [ 6.32283, 44.96176 ], [ 6.32361, 44.96128 ], [ 6.3228, 44.95487 ], [ 6.32292, 44.95302 ], [ 6.329, 44.94732 ], [ 6.33052, 44.94641 ], [ 6.33177, 44.9469 ], [ 6.33395, 44.94647 ], [ 6.33615, 44.94698 ], [ 6.33907, 44.94702 ], [ 6.34091, 44.94623 ], [ 6.34338, 44.9442 ], [ 6.34765, 44.94442 ], [ 6.35046, 44.94396 ], [ 6.35229, 44.94277 ], [ 6.35537, 44.9424 ], [ 6.35817, 44.94158 ], [ 6.35884, 44.94128 ], [ 6.35834, 44.93851 ], [ 6.35897, 44.93664 ], [ 6.35637, 44.93308 ], [ 6.35648, 44.93082 ], [ 6.35564, 44.92982 ], [ 6.35603, 44.92813 ], [ 6.35317, 44.92608 ], [ 6.35299, 44.92451 ], [ 6.35746, 44.92214 ], [ 6.35612, 44.92102 ], [ 6.35654, 44.91871 ], [ 6.35609, 44.91593 ], [ 6.35767, 44.91321 ], [ 6.35656, 44.91087 ], [ 6.35743, 44.90877 ], [ 6.3589, 44.90718 ], [ 6.3576, 44.90489 ], [ 6.35765, 44.90281 ], [ 6.35641, 44.90028 ], [ 6.3536, 44.89746 ], [ 6.35688, 44.89518 ], [ 6.35818, 44.89378 ], [ 6.35844, 44.89206 ], [ 6.358, 44.88929 ], [ 6.3593, 44.88807 ], [ 6.35642, 44.88583 ], [ 6.35545, 44.88442 ], [ 6.35305, 44.88373 ], [ 6.35078, 44.8812 ], [ 6.35091, 44.87574 ], [ 6.3504, 44.87369 ], [ 6.35087, 44.87232 ], [ 6.35232, 44.87133 ], [ 6.35339, 44.86836 ], [ 6.35392, 44.86496 ], [ 6.35133, 44.86244 ], [ 6.35279, 44.85969 ], [ 6.3538, 44.85677 ], [ 6.35536, 44.85478 ], [ 6.35395, 44.85348 ], [ 6.34806, 44.85166 ], [ 6.34497, 44.85005 ], [ 6.34455, 44.84934 ], [ 6.33906, 44.84894 ], [ 6.33632, 44.84837 ], [ 6.33044, 44.85128 ], [ 6.32657, 44.85222 ], [ 6.32409, 44.85221 ], [ 6.32184, 44.85346 ], [ 6.3204, 44.8536 ], [ 6.31915, 44.8549 ], [ 6.32012, 44.85704 ], [ 6.31717, 44.8602 ], [ 6.31736, 44.86191 ], [ 6.31235, 44.86298 ], [ 6.30868, 44.86576 ], [ 6.30727, 44.86946 ], [ 6.30391, 44.87305 ], [ 6.29866, 44.87313 ], [ 6.29501, 44.8742 ], [ 6.29231, 44.87385 ], [ 6.2886, 44.87406 ], [ 6.28645, 44.87337 ], [ 6.28521, 44.87184 ], [ 6.28146, 44.86993 ], [ 6.2774, 44.87147 ], [ 6.27419, 44.87095 ], [ 6.27084, 44.87097 ], [ 6.26941, 44.87047 ], [ 6.26321, 44.86682 ], [ 6.26185, 44.86538 ], [ 6.25837, 44.86373 ], [ 6.25766, 44.86156 ], [ 6.25502, 44.8588 ], [ 6.25324, 44.85603 ], [ 6.25349, 44.85516 ], [ 6.24998, 44.85191 ], [ 6.24699, 44.85173 ], [ 6.23746, 44.85197 ], [ 6.23541, 44.85163 ], [ 6.23011, 44.85222 ], [ 6.22544, 44.8522 ], [ 6.22211, 44.85366 ], [ 6.22127, 44.85333 ], [ 6.21797, 44.85415 ], [ 6.21569, 44.85409 ], [ 6.20695, 44.85614 ], [ 6.20623, 44.85766 ], [ 6.20207, 44.85892 ], [ 6.19638, 44.85898 ], [ 6.19473, 44.85713 ], [ 6.19187, 44.85692 ], [ 6.19061, 44.8562 ], [ 6.18948, 44.85429 ], [ 6.18767, 44.85377 ], [ 6.18152, 44.85466 ], [ 6.17667, 44.85414 ], [ 6.17042, 44.85434 ], [ 6.16966, 44.85239 ], [ 6.16845, 44.85225 ], [ 6.16232, 44.85425 ], [ 6.16044, 44.85562 ], [ 6.15854, 44.85857 ], [ 6.15358, 44.85926 ], [ 6.15117, 44.85813 ], [ 6.14376, 44.85842 ], [ 6.14221, 44.86063 ], [ 6.13967, 44.86162 ], [ 6.13857, 44.86328 ], [ 6.13622, 44.86407 ], [ 6.1329, 44.8645 ], [ 6.12977, 44.86213 ], [ 6.12836, 44.8619 ], [ 6.12699, 44.86056 ], [ 6.1247, 44.85729 ], [ 6.12256, 44.85547 ], [ 6.12111, 44.85353 ], [ 6.11833, 44.85277 ], [ 6.11702, 44.85119 ], [ 6.11669, 44.84933 ], [ 6.11471, 44.84663 ], [ 6.11219, 44.84486 ], [ 6.11068, 44.84316 ], [ 6.10642, 44.84388 ], [ 6.1007, 44.84258 ], [ 6.09908, 44.8398 ], [ 6.09732, 44.83822 ], [ 6.09652, 44.83749 ], [ 6.09302, 44.8363 ], [ 6.08994, 44.83573 ], [ 6.08794, 44.83291 ], [ 6.08549, 44.83236 ], [ 6.08011, 44.82951 ], [ 6.07899, 44.82856 ], [ 6.0733, 44.82779 ], [ 6.07137, 44.82551 ], [ 6.06958, 44.82508 ], [ 6.06823, 44.82373 ], [ 6.06695, 44.82142 ], [ 6.06131, 44.82047 ], [ 6.05856, 44.81904 ], [ 6.0565, 44.81581 ] ], [ [ 5.09638, 43.40141 ], [ 5.09271, 43.40061 ], [ 5.08631, 43.39991 ], [ 5.08166, 43.3997 ], [ 5.07039, 43.40021 ], [ 5.06378, 43.40149 ], [ 5.06081, 43.40286 ], [ 5.05957, 43.40398 ], [ 5.05963, 43.40677 ], [ 5.05782, 43.40763 ], [ 5.05834, 43.41234 ], [ 5.05914, 43.41358 ], [ 5.05962, 43.41618 ], [ 5.06073, 43.41737 ], [ 5.06096, 43.42105 ], [ 5.05993, 43.42693 ], [ 5.05853, 43.42863 ], [ 5.057, 43.43453 ], [ 5.05601, 43.43734 ], [ 5.05426, 43.44085 ], [ 5.05424, 43.443 ], [ 5.05514, 43.44682 ], [ 5.05524, 43.45154 ], [ 5.05497, 43.45389 ], [ 5.05403, 43.45617 ], [ 5.0539, 43.45887 ], [ 5.05188, 43.46356 ], [ 5.05023, 43.46535 ], [ 5.04814, 43.46671 ], [ 5.04061, 43.47022 ], [ 5.03798, 43.47064 ], [ 5.02651, 43.46984 ], [ 5.02432, 43.47061 ], [ 5.02218, 43.46999 ], [ 5.02106, 43.46843 ], [ 5.01783, 43.46933 ], [ 5.01707, 43.47033 ], [ 5.01434, 43.47004 ], [ 5.01263, 43.47044 ], [ 5.00876, 43.46949 ], [ 5.00601, 43.46966 ], [ 5.00289, 43.4713 ], [ 5.00086, 43.4741 ], [ 5.00065, 43.47671 ], [ 5.00106, 43.47886 ], [ 5.00226, 43.47915 ], [ 5.00319, 43.4807 ], [ 5.00367, 43.4833 ], [ 5.00354, 43.48565 ], [ 5.00163, 43.48866 ], [ 5.00022, 43.49343 ], [ 5.00006, 43.49663 ], [ 4.99857, 43.49788 ], [ 4.99804, 43.5009 ], [ 4.99895, 43.50372 ], [ 5.00009, 43.50555 ], [ 4.99983, 43.50815 ], [ 5.00246, 43.51278 ], [ 5.00518, 43.51577 ], [ 5.00575, 43.51717 ], [ 5.0082, 43.51949 ], [ 5.00816, 43.52031 ], [ 5.01217, 43.5239 ], [ 5.01408, 43.52372 ], [ 5.01476, 43.52644 ], [ 5.01586, 43.52747 ], [ 5.01592, 43.52903 ], [ 5.01411, 43.53137 ], [ 5.01344, 43.53301 ], [ 5.01416, 43.53516 ], [ 5.0142, 43.53894 ], [ 5.01228, 43.54443 ], [ 5.01228, 43.54713 ], [ 5.01301, 43.54834 ], [ 5.01201, 43.54925 ], [ 5.01329, 43.55445 ], [ 5.01445, 43.55555 ], [ 5.01689, 43.55626 ], [ 5.01934, 43.55538 ], [ 5.022, 43.55615 ], [ 5.02569, 43.55208 ], [ 5.02488, 43.55071 ], [ 5.02519, 43.54944 ], [ 5.02682, 43.54832 ], [ 5.02943, 43.54871 ], [ 5.03142, 43.546 ], [ 5.03304, 43.54506 ], [ 5.03343, 43.54235 ], [ 5.03193, 43.53946 ], [ 5.03374, 43.53572 ], [ 5.03725, 43.53266 ], [ 5.04102, 43.52983 ], [ 5.04326, 43.52739 ], [ 5.04318, 43.52528 ], [ 5.04513, 43.52339 ], [ 5.04561, 43.5218 ], [ 5.04874, 43.52257 ], [ 5.05557, 43.52696 ], [ 5.05869, 43.52788 ], [ 5.06433, 43.52783 ], [ 5.07083, 43.52659 ], [ 5.07576, 43.52611 ], [ 5.07939, 43.52688 ], [ 5.08121, 43.52634 ], [ 5.08487, 43.52635 ], [ 5.0915, 43.5251 ], [ 5.09372, 43.52506 ], [ 5.10269, 43.52604 ], [ 5.10867, 43.52549 ], [ 5.11375, 43.52303 ], [ 5.11519, 43.52101 ], [ 5.11714, 43.52011 ], [ 5.11821, 43.51801 ], [ 5.11807, 43.51322 ], [ 5.11706, 43.51196 ], [ 5.11343, 43.51097 ], [ 5.11411, 43.50965 ], [ 5.11304, 43.50656 ], [ 5.11357, 43.50466 ], [ 5.11519, 43.50359 ], [ 5.11565, 43.5016 ], [ 5.11751, 43.50028 ], [ 5.11953, 43.49703 ], [ 5.12016, 43.49468 ], [ 5.12251, 43.48944 ], [ 5.12226, 43.48791 ], [ 5.12339, 43.48677 ], [ 5.12418, 43.48395 ], [ 5.12563, 43.48311 ], [ 5.12751, 43.47986 ], [ 5.13036, 43.47741 ], [ 5.13083, 43.47551 ], [ 5.13338, 43.47161 ], [ 5.137, 43.46981 ], [ 5.1384, 43.46784 ], [ 5.14161, 43.46515 ], [ 5.14264, 43.46364 ], [ 5.14283, 43.46089 ], [ 5.14585, 43.45806 ], [ 5.1487, 43.45822 ], [ 5.15141, 43.45545 ], [ 5.15495, 43.45581 ], [ 5.15536, 43.45909 ], [ 5.15384, 43.45999 ], [ 5.15952, 43.46498 ], [ 5.16081, 43.46841 ], [ 5.16346, 43.47077 ], [ 5.16542, 43.47181 ], [ 5.16794, 43.47052 ], [ 5.16972, 43.47265 ], [ 5.17405, 43.47546 ], [ 5.18194, 43.47892 ], [ 5.18451, 43.48196 ], [ 5.1861, 43.48299 ], [ 5.1871, 43.48455 ], [ 5.18841, 43.48475 ], [ 5.1926, 43.4872 ], [ 5.19674, 43.48839 ], [ 5.20059, 43.48984 ], [ 5.20279, 43.49118 ], [ 5.20558, 43.492 ], [ 5.2086, 43.49166 ], [ 5.20976, 43.49018 ], [ 5.21181, 43.48901 ], [ 5.21555, 43.48815 ], [ 5.21874, 43.48797 ], [ 5.22009, 43.48618 ], [ 5.21982, 43.48444 ], [ 5.22329, 43.48313 ], [ 5.22484, 43.48107 ], [ 5.22342, 43.47912 ], [ 5.22411, 43.4786 ], [ 5.22458, 43.47567 ], [ 5.22603, 43.47473 ], [ 5.22789, 43.47238 ], [ 5.2273, 43.4701 ], [ 5.2295, 43.46744 ], [ 5.23014, 43.46508 ], [ 5.22762, 43.46289 ], [ 5.2286, 43.46008 ], [ 5.22713, 43.4579 ], [ 5.22698, 43.45493 ], [ 5.22613, 43.45257 ], [ 5.22047, 43.44916 ], [ 5.21674, 43.44722 ], [ 5.21278, 43.4462 ], [ 5.21161, 43.44488 ], [ 5.20865, 43.44369 ], [ 5.20189, 43.44828 ], [ 5.19842, 43.45089 ], [ 5.1954, 43.44853 ], [ 5.20444, 43.44214 ], [ 5.19883, 43.43868 ], [ 5.19399, 43.43695 ], [ 5.1904, 43.43416 ], [ 5.18286, 43.42661 ], [ 5.17676, 43.42181 ], [ 5.17192, 43.41864 ], [ 5.16846, 43.41616 ], [ 5.16026, 43.41105 ], [ 5.15442, 43.40786 ], [ 5.15346, 43.40803 ], [ 5.1444, 43.40325 ], [ 5.13992, 43.40111 ], [ 5.13727, 43.40019 ], [ 5.12578, 43.40002 ], [ 5.12352, 43.40062 ], [ 5.12179, 43.40201 ], [ 5.12158, 43.40405 ], [ 5.11753, 43.40459 ], [ 5.11071, 43.40413 ], [ 5.10286, 43.40275 ], [ 5.09638, 43.40141 ] ] ], [ [ [ 4.87776, 43.36636 ], [ 4.87679, 43.36782 ], [ 4.87457, 43.36878 ], [ 4.87366, 43.36794 ], [ 4.87485, 43.36624 ], [ 4.87494, 43.36236 ], [ 4.87696, 43.36283 ], [ 4.87756, 43.36494 ], [ 4.87776, 43.36636 ] ] ], [ [ [ 5.30415, 43.27652 ], [ 5.30362, 43.27889 ], [ 5.306, 43.27927 ], [ 5.30864, 43.28147 ], [ 5.31351, 43.28037 ], [ 5.31574, 43.28126 ], [ 5.31772, 43.28289 ], [ 5.31941, 43.28239 ], [ 5.32076, 43.28326 ], [ 5.32104, 43.28505 ], [ 5.32326, 43.28508 ], [ 5.32393, 43.28619 ], [ 5.31775, 43.28595 ], [ 5.31688, 43.28696 ], [ 5.31258, 43.28725 ], [ 5.31265, 43.28505 ], [ 5.31139, 43.2844 ], [ 5.31, 43.28516 ], [ 5.30576, 43.28536 ], [ 5.30547, 43.28452 ], [ 5.30261, 43.2854 ], [ 5.30054, 43.28438 ], [ 5.30067, 43.28343 ], [ 5.30501, 43.28268 ], [ 5.30341, 43.28137 ], [ 5.30208, 43.28195 ], [ 5.29781, 43.28179 ], [ 5.29759, 43.28094 ], [ 5.29459, 43.28142 ], [ 5.29164, 43.28028 ], [ 5.29294, 43.27931 ], [ 5.29683, 43.27911 ], [ 5.29851, 43.27844 ], [ 5.30098, 43.27964 ], [ 5.30296, 43.27885 ], [ 5.30355, 43.27632 ], [ 5.30151, 43.27543 ], [ 5.30123, 43.27364 ], [ 5.29714, 43.27185 ], [ 5.29656, 43.2703 ], [ 5.29265, 43.26824 ], [ 5.2903, 43.26806 ], [ 5.28812, 43.26646 ], [ 5.28569, 43.26567 ], [ 5.28628, 43.26404 ], [ 5.28795, 43.26273 ], [ 5.28799, 43.26116 ], [ 5.29186, 43.26231 ], [ 5.29248, 43.26369 ], [ 5.29571, 43.26528 ], [ 5.29634, 43.26692 ], [ 5.29924, 43.26706 ], [ 5.29985, 43.26926 ], [ 5.30159, 43.27196 ], [ 5.3044, 43.27292 ], [ 5.3086, 43.2729 ], [ 5.3112, 43.27431 ], [ 5.31189, 43.27593 ], [ 5.30805, 43.27703 ], [ 5.30568, 43.27676 ], [ 5.30415, 43.27652 ] ] ], [ [ [ 5.39844, 43.17434 ], [ 5.39613, 43.17612 ], [ 5.39277, 43.17671 ], [ 5.3897, 43.17792 ], [ 5.38376, 43.17857 ], [ 5.38041, 43.18042 ], [ 5.3774, 43.17938 ], [ 5.37375, 43.17924 ], [ 5.37299, 43.17738 ], [ 5.37573, 43.17671 ], [ 5.3771, 43.17577 ], [ 5.38029, 43.17578 ], [ 5.38165, 43.17476 ], [ 5.38496, 43.17426 ], [ 5.38636, 43.17309 ], [ 5.38894, 43.1727 ], [ 5.39314, 43.17309 ], [ 5.3967, 43.173 ], [ 5.39844, 43.17434 ] ] ], [ [ [ 5.32861, 43.34222 ], [ 5.31935, 43.34746 ], [ 5.3189, 43.34707 ], [ 5.32837, 43.34182 ], [ 5.3343, 43.3372 ], [ 5.33953, 43.33473 ], [ 5.35323, 43.31838 ], [ 5.36094, 43.30862 ], [ 5.35703, 43.31457 ], [ 5.3506, 43.32223 ], [ 5.34667, 43.32718 ], [ 5.34535, 43.32849 ], [ 5.34051, 43.33426 ], [ 5.33505, 43.3373 ], [ 5.32861, 43.34222 ] ] ], [ [ [ 5.33997, 43.21005 ], [ 5.33963, 43.21178 ], [ 5.3374, 43.21288 ], [ 5.33561, 43.2126 ], [ 5.33298, 43.21299 ], [ 5.32852, 43.21248 ], [ 5.32944, 43.2111 ], [ 5.33243, 43.21066 ], [ 5.33342, 43.20933 ], [ 5.33479, 43.20975 ], [ 5.33821, 43.20794 ], [ 5.33997, 43.21005 ] ] ], [ [ [ 5.36144, 43.19687 ], [ 5.36583, 43.19615 ], [ 5.3705, 43.19383 ], [ 5.37005, 43.19544 ], [ 5.36849, 43.19602 ], [ 5.36663, 43.19764 ], [ 5.36335, 43.19881 ], [ 5.36247, 43.20002 ], [ 5.36144, 43.19687 ] ] ], [ [ [ 5.39128, 43.18615 ], [ 5.38778, 43.18747 ], [ 5.38509, 43.18907 ], [ 5.38453, 43.18999 ], [ 5.38251, 43.19063 ], [ 5.38094, 43.18986 ], [ 5.38364, 43.18722 ], [ 5.38896, 43.18537 ], [ 5.39128, 43.18615 ] ] ], [ [ [ 5.32666, 43.27918 ], [ 5.32771, 43.28046 ], [ 5.32437, 43.28036 ], [ 5.32481, 43.27891 ], [ 5.32666, 43.27918 ] ] ], [ [ [ 5.61908, 43.16141 ], [ 5.61807, 43.16211 ], [ 5.61482, 43.16234 ], [ 5.61533, 43.15914 ], [ 5.61904, 43.15731 ], [ 5.61908, 43.16141 ] ] ], [ [ [ 4.87965, 44.34534 ], [ 4.88575, 44.34287 ], [ 4.89533, 44.33806 ], [ 4.89423, 44.33287 ], [ 4.88947, 44.33308 ], [ 4.88761, 44.33147 ], [ 4.88644, 44.32969 ], [ 4.8847, 44.32904 ], [ 4.88228, 44.32643 ], [ 4.88163, 44.32487 ], [ 4.88408, 44.32021 ], [ 4.88768, 44.3163 ], [ 4.89138, 44.3134 ], [ 4.89156, 44.31037 ], [ 4.89091, 44.30562 ], [ 4.88946, 44.30402 ], [ 4.89166, 44.30425 ], [ 4.89763, 44.30564 ], [ 4.90126, 44.30543 ], [ 4.90812, 44.30617 ], [ 4.91238, 44.30766 ], [ 4.91725, 44.30854 ], [ 4.92184, 44.3088 ], [ 4.93305, 44.30701 ], [ 4.93721, 44.30614 ], [ 4.94205, 44.30622 ], [ 4.94403, 44.30586 ], [ 4.947, 44.30318 ], [ 4.94905, 44.3031 ], [ 4.9509, 44.30093 ], [ 4.95505, 44.30147 ], [ 4.95698, 44.30241 ], [ 4.95921, 44.30039 ], [ 4.95946, 44.29875 ], [ 4.96211, 44.29919 ], [ 4.96856, 44.29909 ], [ 4.97194, 44.29883 ], [ 4.9762, 44.29751 ], [ 4.97965, 44.29748 ], [ 4.98702, 44.29271 ], [ 4.98788, 44.29377 ], [ 4.98866, 44.29709 ], [ 4.98771, 44.30112 ], [ 4.98965, 44.30674 ], [ 4.98975, 44.30877 ], [ 4.99088, 44.31176 ], [ 4.99313, 44.31427 ], [ 4.99574, 44.31656 ], [ 4.9983, 44.31754 ], [ 4.99657, 44.31974 ], [ 5.00065, 44.31983 ], [ 5.00842, 44.32396 ], [ 5.01378, 44.32579 ], [ 5.01035, 44.32787 ], [ 5.00998, 44.33198 ], [ 5.00901, 44.33377 ], [ 5.01169, 44.33649 ], [ 5.01411, 44.33711 ], [ 5.01454, 44.33841 ], [ 5.01786, 44.34112 ], [ 5.01996, 44.34162 ], [ 5.0202, 44.34259 ], [ 5.02329, 44.34595 ], [ 5.02312, 44.34775 ], [ 5.02202, 44.34963 ], [ 5.02179, 44.35309 ], [ 5.02217, 44.35845 ], [ 5.02389, 44.36056 ], [ 5.02598, 44.36228 ], [ 5.0277, 44.36282 ], [ 5.03252, 44.36121 ], [ 5.03477, 44.36378 ], [ 5.03666, 44.36421 ], [ 5.04075, 44.36414 ], [ 5.04274, 44.36219 ], [ 5.04783, 44.36379 ], [ 5.05504, 44.36502 ], [ 5.05697, 44.36726 ], [ 5.0576, 44.37016 ], [ 5.05903, 44.37131 ], [ 5.06246, 44.37217 ], [ 5.06363, 44.373 ], [ 5.06758, 44.37443 ], [ 5.07032, 44.37645 ], [ 5.07212, 44.3787 ], [ 5.07206, 44.38041 ], [ 5.07088, 44.38322 ], [ 5.06875, 44.38333 ], [ 5.06794, 44.38213 ], [ 5.06585, 44.38173 ], [ 5.06474, 44.38356 ], [ 5.0625, 44.3841 ], [ 5.05981, 44.38408 ], [ 5.05542, 44.38278 ], [ 5.05405, 44.38178 ], [ 5.05197, 44.38134 ], [ 5.04757, 44.38135 ], [ 5.04509, 44.38222 ], [ 5.04408, 44.38342 ], [ 5.04404, 44.38503 ], [ 5.04294, 44.38727 ], [ 5.03818, 44.38761 ], [ 5.03689, 44.38944 ], [ 5.0345, 44.39084 ], [ 5.03105, 44.39084 ], [ 5.0289, 44.39192 ], [ 5.02635, 44.39243 ], [ 5.02271, 44.39126 ], [ 5.02077, 44.39122 ], [ 5.0181, 44.3933 ], [ 5.01558, 44.39304 ], [ 5.01451, 44.40009 ], [ 5.01331, 44.40535 ], [ 5.01772, 44.40714 ], [ 5.01727, 44.40841 ], [ 5.02019, 44.41027 ], [ 5.01876, 44.41598 ], [ 5.01707, 44.41615 ], [ 5.01215, 44.41582 ], [ 5.01074, 44.41116 ], [ 5.00997, 44.41083 ], [ 5.00637, 44.41172 ], [ 5.00106, 44.4126 ], [ 4.99586, 44.41683 ], [ 4.99075, 44.42054 ], [ 4.98861, 44.4232 ], [ 4.98457, 44.42308 ], [ 4.97869, 44.42348 ], [ 4.97764, 44.42485 ], [ 4.97743, 44.42751 ], [ 4.97667, 44.42875 ], [ 4.97308, 44.43153 ], [ 4.97044, 44.43137 ], [ 4.96999, 44.42967 ], [ 4.96836, 44.427 ], [ 4.96437, 44.42498 ], [ 4.96439, 44.42349 ], [ 4.9633, 44.42193 ], [ 4.96047, 44.42005 ], [ 4.95928, 44.41978 ], [ 4.95563, 44.42052 ], [ 4.95196, 44.42005 ], [ 4.95192, 44.41874 ], [ 4.94778, 44.41657 ], [ 4.94621, 44.41486 ], [ 4.9433, 44.41429 ], [ 4.93922, 44.41457 ], [ 4.93503, 44.41214 ], [ 4.93051, 44.41219 ], [ 4.92842, 44.41166 ], [ 4.92607, 44.40991 ], [ 4.9254, 44.40879 ], [ 4.92342, 44.40808 ], [ 4.92191, 44.40951 ], [ 4.91852, 44.40779 ], [ 4.91437, 44.40194 ], [ 4.90968, 44.39672 ], [ 4.91186, 44.38789 ], [ 4.91087, 44.38378 ], [ 4.90896, 44.37734 ], [ 4.90708, 44.37463 ], [ 4.90489, 44.37307 ], [ 4.9024, 44.37243 ], [ 4.90248, 44.37126 ], [ 4.8999, 44.36952 ], [ 4.89455, 44.3691 ], [ 4.89318, 44.36788 ], [ 4.89291, 44.36482 ], [ 4.89228, 44.36163 ], [ 4.89068, 44.35978 ], [ 4.88793, 44.35844 ], [ 4.88494, 44.35753 ], [ 4.88348, 44.35571 ], [ 4.88063, 44.35528 ], [ 4.88089, 44.35361 ], [ 4.87776, 44.35269 ], [ 4.87264, 44.35015 ], [ 4.8701, 44.34807 ], [ 4.86953, 44.34508 ], [ 4.87965, 44.34534 ] ] ], [ [ [ 5.75245, 43.1273 ], [ 5.74976, 43.12856 ], [ 5.74802, 43.12725 ], [ 5.74996, 43.12661 ], [ 5.75245, 43.1273 ] ] ], [ [ [ 5.78373, 43.07108 ], [ 5.78772, 43.0742 ], [ 5.78996, 43.07449 ], [ 5.79158, 43.07601 ], [ 5.79221, 43.07745 ], [ 5.79007, 43.07989 ], [ 5.78616, 43.07898 ], [ 5.78729, 43.07728 ], [ 5.78622, 43.0769 ], [ 5.78129, 43.07876 ], [ 5.78166, 43.07988 ], [ 5.78355, 43.07969 ], [ 5.78372, 43.08157 ], [ 5.78105, 43.08233 ], [ 5.77864, 43.08096 ], [ 5.77785, 43.07978 ], [ 5.77868, 43.07713 ], [ 5.77775, 43.07391 ], [ 5.77989, 43.07381 ], [ 5.77854, 43.07034 ], [ 5.78064, 43.06977 ], [ 5.78373, 43.07108 ] ] ], [ [ [ 5.79254, 43.06936 ], [ 5.79033, 43.07258 ], [ 5.78718, 43.07224 ], [ 5.79082, 43.06871 ], [ 5.79254, 43.06936 ] ] ], [ [ [ 5.76959, 43.08065 ], [ 5.76796, 43.08191 ], [ 5.7657, 43.0801 ], [ 5.76735, 43.07892 ], [ 5.76959, 43.08065 ] ] ], [ [ [ 5.91568, 43.11704 ], [ 5.91566, 43.11776 ], [ 5.91986, 43.11812 ], [ 5.92061, 43.11945 ], [ 5.91393, 43.11872 ], [ 5.91334, 43.11608 ], [ 5.91568, 43.11704 ] ] ], [ [ [ 6.24189, 43.02278 ], [ 6.24225, 43.02547 ], [ 6.23917, 43.02431 ], [ 6.23879, 43.02132 ], [ 6.23634, 43.01847 ], [ 6.23693, 43.01637 ], [ 6.23619, 43.01419 ], [ 6.234, 43.01166 ], [ 6.23057, 43.01001 ], [ 6.22822, 43.00969 ], [ 6.2275, 43.01107 ], [ 6.22489, 43.01129 ], [ 6.22297, 43.01092 ], [ 6.22257, 43.01259 ], [ 6.22094, 43.01283 ], [ 6.21843, 43.01206 ], [ 6.21615, 43.01213 ], [ 6.21781, 43.01018 ], [ 6.21726, 43.00823 ], [ 6.21611, 43.00745 ], [ 6.21391, 43.00397 ], [ 6.21173, 43.00256 ], [ 6.20763, 43.00162 ], [ 6.20647, 43.00279 ], [ 6.20342, 43.00307 ], [ 6.20245, 43.0013 ], [ 6.2008, 43.0005 ], [ 6.1977, 43.00101 ], [ 6.19723, 43.00311 ], [ 6.19393, 43.00357 ], [ 6.19329, 43.00486 ], [ 6.18819, 43.00391 ], [ 6.18576, 43.00517 ], [ 6.18469, 43.00845 ], [ 6.18101, 43.00781 ], [ 6.17959, 43.00863 ], [ 6.17736, 43.00811 ], [ 6.17694, 43.00646 ], [ 6.17448, 43.00753 ], [ 6.17035, 43.00623 ], [ 6.16878, 43.00372 ], [ 6.16912, 43.00132 ], [ 6.16582, 43.00054 ], [ 6.16204, 43.00184 ], [ 6.16088, 43.0011 ], [ 6.16246, 42.99992 ], [ 6.1613, 42.99888 ], [ 6.16265, 42.99794 ], [ 6.16697, 42.99832 ], [ 6.16706, 42.99982 ], [ 6.16931, 42.99942 ], [ 6.1698, 42.99662 ], [ 6.17086, 42.9968 ], [ 6.17342, 42.99559 ], [ 6.17419, 42.99623 ], [ 6.17737, 42.9959 ], [ 6.1786, 42.99491 ], [ 6.17882, 42.99351 ], [ 6.18093, 42.99393 ], [ 6.18278, 42.99319 ], [ 6.18834, 42.99192 ], [ 6.19042, 42.99072 ], [ 6.1922, 42.99076 ], [ 6.1943, 42.98992 ], [ 6.19409, 42.98866 ], [ 6.19722, 42.98761 ], [ 6.19719, 42.9863 ], [ 6.19511, 42.98534 ], [ 6.19585, 42.98337 ], [ 6.19993, 42.98202 ], [ 6.20467, 42.98239 ], [ 6.20563, 42.98181 ], [ 6.20911, 42.98436 ], [ 6.20885, 42.98518 ], [ 6.21293, 42.9868 ], [ 6.21448, 42.98972 ], [ 6.21672, 42.99121 ], [ 6.2191, 42.98991 ], [ 6.22083, 42.99008 ], [ 6.22067, 42.99166 ], [ 6.22306, 42.9914 ], [ 6.22565, 42.99261 ], [ 6.22715, 42.99229 ], [ 6.22907, 42.99344 ], [ 6.23066, 42.99334 ], [ 6.23207, 42.99609 ], [ 6.23397, 42.99602 ], [ 6.23496, 42.99509 ], [ 6.23737, 42.99734 ], [ 6.23857, 42.99686 ], [ 6.24096, 42.99785 ], [ 6.24363, 42.9983 ], [ 6.24504, 42.99726 ], [ 6.24707, 42.99746 ], [ 6.25084, 42.99967 ], [ 6.24937, 43.00252 ], [ 6.25233, 43.00377 ], [ 6.25067, 43.00558 ], [ 6.2505, 43.00761 ], [ 6.24895, 43.00843 ], [ 6.24926, 43.01248 ], [ 6.24835, 43.01337 ], [ 6.24873, 43.01651 ], [ 6.24738, 43.01845 ], [ 6.24407, 43.02004 ], [ 6.24189, 43.02278 ] ] ], [ [ [ 6.43418, 43.01475 ], [ 6.43445, 43.01239 ], [ 6.43262, 43.01074 ], [ 6.43349, 43.00905 ], [ 6.43371, 43.00692 ], [ 6.4355, 43.00533 ], [ 6.43834, 43.0036 ], [ 6.44052, 43.00586 ], [ 6.44532, 43.0088 ], [ 6.44595, 43.01093 ], [ 6.44862, 43.01313 ], [ 6.45038, 43.01735 ], [ 6.45233, 43.0171 ], [ 6.4545, 43.01563 ], [ 6.45898, 43.01378 ], [ 6.46089, 43.01372 ], [ 6.46479, 43.01515 ], [ 6.46747, 43.01753 ], [ 6.47096, 43.01664 ], [ 6.47296, 43.02071 ], [ 6.47283, 43.02509 ], [ 6.4776, 43.02788 ], [ 6.48006, 43.03035 ], [ 6.4804, 43.03202 ], [ 6.48426, 43.03699 ], [ 6.48488, 43.04015 ], [ 6.48738, 43.04073 ], [ 6.48754, 43.04272 ], [ 6.48909, 43.04288 ], [ 6.49196, 43.04117 ], [ 6.49424, 43.04326 ], [ 6.49531, 43.04279 ], [ 6.49957, 43.04252 ], [ 6.50055, 43.04314 ], [ 6.5036, 43.04261 ], [ 6.51129, 43.04682 ], [ 6.51069, 43.0479 ], [ 6.50792, 43.04764 ], [ 6.50769, 43.0485 ], [ 6.50839, 43.05222 ], [ 6.50459, 43.05354 ], [ 6.50116, 43.05156 ], [ 6.49866, 43.05125 ], [ 6.49694, 43.05023 ], [ 6.49557, 43.05059 ], [ 6.49277, 43.04933 ], [ 6.492, 43.04979 ], [ 6.48914, 43.04872 ], [ 6.48719, 43.04911 ], [ 6.48543, 43.04792 ], [ 6.48356, 43.04743 ], [ 6.48084, 43.04807 ], [ 6.47806, 43.04793 ], [ 6.47576, 43.04715 ], [ 6.47334, 43.04693 ], [ 6.47278, 43.04573 ], [ 6.47066, 43.04536 ], [ 6.46799, 43.04406 ], [ 6.4667, 43.04136 ], [ 6.46239, 43.03764 ], [ 6.46238, 43.03647 ], [ 6.46095, 43.03525 ], [ 6.46168, 43.03347 ], [ 6.46047, 43.03005 ], [ 6.45959, 43.02977 ], [ 6.4579, 43.02757 ], [ 6.45631, 43.02763 ], [ 6.45397, 43.02583 ], [ 6.45267, 43.02727 ], [ 6.45132, 43.0276 ], [ 6.44817, 43.02559 ], [ 6.4458, 43.02487 ], [ 6.44065, 43.02506 ], [ 6.4372, 43.02302 ], [ 6.43717, 43.02176 ], [ 6.43362, 43.01918 ], [ 6.43368, 43.0172 ], [ 6.4348, 43.01554 ], [ 6.43418, 43.01475 ] ] ], [ [ [ 6.39842, 42.99424 ], [ 6.40053, 42.99475 ], [ 6.40278, 42.9944 ], [ 6.4069, 42.99723 ], [ 6.4093, 42.99984 ], [ 6.4097, 43.00158 ], [ 6.4135, 43.00316 ], [ 6.41552, 43.00583 ], [ 6.41764, 43.00719 ], [ 6.42011, 43.01179 ], [ 6.41992, 43.01383 ], [ 6.41679, 43.01174 ], [ 6.41461, 43.00942 ], [ 6.41291, 43.0089 ], [ 6.4116, 43.00962 ], [ 6.41153, 43.01124 ], [ 6.41244, 43.01378 ], [ 6.41422, 43.01557 ], [ 6.41279, 43.01701 ], [ 6.40963, 43.01672 ], [ 6.41016, 43.01829 ], [ 6.40893, 43.01917 ], [ 6.40749, 43.01775 ], [ 6.40501, 43.01742 ], [ 6.40272, 43.01552 ], [ 6.40146, 43.01674 ], [ 6.40042, 43.01494 ], [ 6.39865, 43.01505 ], [ 6.39511, 43.01347 ], [ 6.39261, 43.01395 ], [ 6.39259, 43.01252 ], [ 6.39104, 43.01149 ], [ 6.38703, 43.013 ], [ 6.38267, 43.0123 ], [ 6.38044, 43.00989 ], [ 6.38256, 43.00954 ], [ 6.38352, 43.00739 ], [ 6.38285, 43.00643 ], [ 6.38017, 43.00778 ], [ 6.37702, 43.0074 ], [ 6.37661, 43.00508 ], [ 6.37479, 43.00532 ], [ 6.37452, 43.00407 ], [ 6.37244, 43.00343 ], [ 6.37265, 43.00166 ], [ 6.37032, 43.00084 ], [ 6.37005, 42.99869 ], [ 6.37198, 42.99817 ], [ 6.37352, 42.99568 ], [ 6.37453, 42.99686 ], [ 6.38053, 42.99763 ], [ 6.38162, 42.99733 ], [ 6.38547, 42.99808 ], [ 6.38793, 42.99809 ], [ 6.3899, 42.99743 ], [ 6.3908, 42.99514 ], [ 6.39462, 42.99524 ], [ 6.39491, 42.99333 ], [ 6.3971, 42.9928 ], [ 6.39842, 42.99424 ] ] ], [ [ [ 6.36463, 43.006 ], [ 6.36373, 43.00991 ], [ 6.36476, 43.01343 ], [ 6.36758, 43.01508 ], [ 6.3684, 43.01807 ], [ 6.36171, 43.01742 ], [ 6.36151, 43.01624 ], [ 6.35996, 43.01505 ], [ 6.36061, 43.01186 ], [ 6.35918, 43.0089 ], [ 6.36154, 43.00633 ], [ 6.36239, 43.0046 ], [ 6.36377, 43.00396 ], [ 6.36463, 43.006 ] ] ], [ [ [ 6.14265, 43.0206 ], [ 6.13983, 43.02061 ], [ 6.13946, 43.01972 ], [ 6.14065, 43.01801 ], [ 6.14479, 43.0163 ], [ 6.14445, 43.01793 ], [ 6.14699, 43.01942 ], [ 6.14515, 43.02003 ], [ 6.14265, 43.0206 ] ] ], [ [ [ 6.39678, 42.98912 ], [ 6.39506, 42.98927 ], [ 6.39391, 42.98841 ], [ 6.39497, 42.98688 ], [ 6.39678, 42.98912 ] ] ] ] } }
]
}
